Meta_score,gross_per_vote,sqrt_votes,Released_Year,No_of_Votes,log_votes,Gross,movie_age,votes_per_year,runtime_squared,Runtime,log_runtime,young,girl,world,story,man,life,Certificate_U,boy,war,love,new,Certificate_A,Certificate_R,family,Certificate_UA,finds,american,Certificate_PG,target
1.100627928442631,0.2184271941580663,-0.8181443895820147,1.2352787796771407,-0.7452890531070796,-0.8196873379626627,-0.36744115910358305,-1.2352787796771396,-0.1566455993527091,1.2486562272774873,1.3661673641764205,1.368884202507205,-0.3670174951250245,-0.2061916332330533,-0.2902757020437465,-0.2496594146342877,-0.34172467460062167,4.3787305262784075,False,-0.21519446782476256,-0.2561013217304913,-0.2417614760307234,-0.2618522587637875,False,False,-0.2465551704953185,False,-0.21762434574504017,-0.18300464167963865,False,1
1.7118486682778575,-0.48564745995106606,1.6481040120574768,1.1936895495471973,1.7226919608237943,1.4630134404142023,0.0668394679208066,-1.1936895495471962,4.328947467433512,0.22515721209240164,0.3637139349081256,0.47993690371735714,-0.3670174951250245,-0.2061916332330533,-0.2902757020437465,-0.2496594146342877,-0.34172467460062167,-0.31693663659725785,False,-0.21519446782476256,-0.2561013217304913,-0.2417614760307234,-0.2618522587637875,True,False,5.704001261827254,False,-0.21762434574504017,-0.18300464167963865,False,1
-0.019943427921950616,0.2238590492251902,-0.8212020614111244,1.2352787796771407,-0.7467574781717016,-0.8250093504984874,-0.36744115910358305,-1.2352787796771396,-0.15974496283600606,0.9743795220095662,1.1155540068593468,1.1620577635498255,-0.3670174951250245,-0.2061916332330533,3.1089245644010535,-0.2496594146342877,2.059103891148348,-0.31693663659725785,True,-0.21519446782476256,-0.2561013217304913,-0.2417614760307234,-0.2618522587637875,False,False,-0.2465551704953185,False,-0.21762434574504017,-0.18300464167963865,False,1
-0.019943427921950616,-0.75660952974198,2.09795655180146,0.48667263733815946,2.4493540102010978,1.6960694179893712,-0.4901571954633542,-0.4866726373381585,1.314512093114838,0.15956114017985457,0.29211011853181884,0.40943814967596037,-0.3670174951250245,-0.2061916332330533,-0.2902757020437465,-0.2496594146342877,-0.34172467460062167,-0.31693663659725785,False,-0.21519446782476256,-0.2561013217304913,-0.2417614760307234,-0.2618522587637875,True,False,-0.2465551704953185,False,-0.21762434574504017,-0.18300464167963865,False,1
1.7118486682778575,-0.7420022751209713,1.9566010093149888,0.4450834072082161,2.2118263342075335,1.6257443938818854,-0.45984806374058035,-0.44508340720821515,1.1006851377630733,-4.762258445368473e-05,0.1131005775910519,0.22837138206155058,-0.3670174951250245,3.49859121617987,2.2861159792214765,-0.2496594146342877,-0.34172467460062167,-0.31693663659725785,True,-0.21519446782476256,-0.2561013217304913,-0.2417614760307234,-0.2618522587637875,False,False,2.2906359212762717,False,-0.21762434574504017,-0.18300464167963865,False,1
-2.057345894039372,-0.49887496525358827,1.872297671983332,0.27872648668844247,2.074176367085699,1.5825841947772832,0.11828251570545388,-0.2787264866884415,0.788057492699755,-0.27157029429879453,-0.2091165961023286,-0.11644032151224208,-0.3670174951250245,-0.2061916332330533,-0.2902757020437465,-0.2496594146342877,-0.34172467460062167,-0.31693663659725785,True,-0.21519446782476256,-0.2561013217304913,-0.2417614760307234,-0.2618522587637875,False,False,-0.2465551704953185,False,-0.21762434574504017,-0.18300464167963865,False,1
0.5912773119132757,0.53766440795461,-0.964618283218313,-1.1768965678595766,-0.8112044714639403,-1.0921836765374742,-0.36744115910358305,1.1768965678595775,-0.6882230040723771,0.25833079807870885,0.399515843096279,0.5147897165090117,-0.3670174951250245,-0.2061916332330533,-0.2902757020437465,-0.2496594146342877,-0.34172467460062167,-0.31693663659725785,False,-0.21519446782476256,-0.2561013217304913,-0.2417614760307234,-0.2618522587637875,False,False,-0.2465551704953185,False,-0.21762434574504017,-0.18300464167963865,False,1
1.9155889148895995,-0.7881034107507476,0.7671758017246535,-1.509610408899124,0.5467910595819713,0.9077647462835639,-0.5788586443336563,1.5096104088991247,-0.41856462000349565,3.4079437166277247,3.0488570490196296,2.560630514644923,-0.3670174951250245,-0.2061916332330533,-0.2902757020437465,-0.2496594146342877,-0.34172467460062167,-0.31693663659725785,True,-0.21519446782476256,-0.2561013217304913,-0.2417614760307234,-0.2618522587637875,False,False,-0.2465551704953185,False,-0.21762434574504017,-0.18300464167963865,False,1
0.99875780513676,-0.6532863533579345,1.131590078984376,-1.8423242499386712,0.9935544245976857,1.1565557864669647,-0.36744115910358305,1.8423242499386718,-0.36838424668984,0.15956114017985457,0.29211011853181884,0.40943814967596037,-0.3670174951250245,-0.2061916332330533,-0.2902757020437465,-0.2496594146342877,-0.34172467460062167,2.5536986406049067,False,-0.21519446782476256,-0.2561013217304913,-0.2417614760307234,-0.2618522587637875,False,False,-0.2465551704953185,False,-0.21762434574504017,-0.18300464167963865,True,1
0.896887681830889,-0.7331312587165553,2.15078237355458,0.9857433988974803,2.540282263611416,1.7217232751025815,-0.42292762222616037,-0.9857433988974793,3.3102534218315376,-0.5494773165237077,-0.5671356779838624,-0.5321477731865749,4.780873320441908,-0.2061916332330533,-0.2902757020437465,-0.2496594146342877,-0.34172467460062167,-0.31693663659725785,False,-0.21519446782476256,-0.2561013217304913,-0.2417614760307234,-0.2618522587637875,True,False,-0.2465551704953185,False,-0.21762434574504017,-0.18300464167963865,False,1
-2.261086140651114,-0.7360000165165168,2.271498511393134,0.8609757085076502,2.7524845681357415,1.779130144599882,-0.4218297765133416,-0.8609757085076492,2.74760981142395,-0.3857375034290291,-0.35232422885494213,-0.2782941625976166,3.184755619049475,-0.2061916332330533,-0.2902757020437465,-0.2496594146342877,3.363051386970768,-0.31693663659725785,False,-0.21519446782476256,-0.2561013217304913,-0.2417614760307234,-0.2618522587637875,False,False,-0.2465551704953185,True,-0.21762434574504017,-0.18300464167963865,False,1
0.5912773119132757,-0.6496895814025716,2.1850538196338585,0.48667263733815946,2.5999023055932593,1.7381907887074435,-0.18603760170482925,-0.4866726373381585,1.4034843478977155,0.8605878629093653,1.0081482822948866,1.070523754144917,-0.3670174951250245,-0.2061916332330533,3.0202765728550793,-0.2496594146342877,-0.34172467460062167,-0.31693663659725785,False,-0.21519446782476256,3.1415159174540306,-0.2417614760307234,-0.2618522587637875,False,True,-0.2465551704953185,False,-0.21762434574504017,-0.18300464167963865,False,1
0.08192669538392044,-0.6265677554578803,0.37162010559411823,-0.09557658448104818,0.1252092000663265,0.596898546918672,-0.43632341690494625,0.09557658448104905,-0.3018968501645188,1.0514924615098125,1.1871578232356534,1.2220950965663404,-0.3670174951250245,-0.2061916332330533,-0.2902757020437465,-0.2496594146342877,-0.34172467460062167,-0.31693663659725785,True,-0.21519446782476256,-0.2561013217304913,3.9975896276549556,-0.2618522587637875,False,False,-0.2465551704953185,False,-0.21762434574504017,-0.18300464167963865,False,1
1.5081084216661154,-0.5535756154144365,0.3940737559441485,-0.09557658448104818,0.14737448110933493,0.6159117674272392,-0.36744115910358305,0.09557658448104905,-0.293499787421657,-0.9644600997109092,-1.17576811718247,-1.3371763146691884,1.4418576582690186,-0.2061916332330533,2.3811367257146583,-0.2496594146342877,-0.34172467460062167,-0.31693663659725785,True,3.9662598573937986,2.485567186676046,-0.2417614760307234,-0.2618522587637875,False,False,-0.2465551704953185,False,-0.21762434574504017,-0.18300464167963865,False,1
0.08192669538392044,-0.7352577245393949,0.7109064981620711,-0.9273611870799163,0.482795507779194,0.8664065887042739,-0.5174192797032895,0.927361187079917,-0.3593644513794091,1.45207916021239,1.5451769051171875,1.5111836341010303,-0.3670174951250245,-0.2061916332330533,-0.2902757020437465,-0.2496594146342877,-0.34172467460062167,-0.31693663659725785,True,-0.21519446782476256,-0.2561013217304913,-0.2417614760307234,-0.2618522587637875,False,False,-0.2465551704953185,False,-0.21762434574504017,-0.18300464167963865,False,1
1.8137187915837285,-0.6234008491220354,1.8121794469959047,-1.2600750281194635,1.9778456984883095,1.5512217707135547,-0.19300032037995074,1.2600750281194641,-0.07460123461585721,-0.4687340600664694,-0.4597299534194023,-0.4034899331809136,2.1182107016557676,-0.2061916332330533,-0.2902757020437465,-0.2496594146342877,2.250561948165721,-0.31693663659725785,False,-0.21519446782476256,-0.2561013217304913,-0.2417614760307234,-0.2618522587637875,True,False,-0.2465551704953185,False,-0.21762434574504017,-0.18300464167963865,False,1
2.1193291615013417,-0.7845942076581527,1.5465607355308206,-2.008681170458445,1.5704668827564903,1.4063897209126248,-0.5696715358812812,2.0086811704584453,-0.2853854716332313,-0.6536298581863779,-0.710343310736476,-0.7094198331749116,-0.3670174951250245,-0.2061916332330533,-0.2902757020437465,-0.2496594146342877,-0.34172467460062167,-0.31693663659725785,True,-0.21519446782476256,-0.2561013217304913,-0.2417614760307234,-0.2618522587637875,False,False,-0.2465551704953185,False,-0.21762434574504017,5.276206801181876,False,1
1.7118486682778575,-0.7884286813277351,0.305636492017235,-2.2582165512381054,0.06130294438234376,0.5399463754063238,-0.5801454005940836,2.258216551238106,-0.5600960586849395,-1.0085246365681926,-1.247371933558777,-1.4417386645125083,2.052708815882354,-0.2061916332330533,-0.2902757020437465,-0.2496594146342877,-0.34172467460062167,-0.31693663659725785,False,-0.21519446782476256,-0.2561013217304913,-0.2417614760307234,-0.2618522587637875,False,False,-0.2465551704953185,False,-0.21762434574504017,-0.18300464167963865,False,1
2.0174590381954705,-0.7904355863602667,0.028638196256538448,-2.4661627018878223,-0.1869501876575463,0.2812286392426606,-0.5818972647157873,2.4661627018878227,-0.6074431970570255,-1.0085246365681926,-1.247371933558777,-1.4417386645125083,-0.3670174951250245,4.448909671860541,-0.2902757020437465,-0.2496594146342877,-0.34172467460062167,-0.31693663659725785,False,-0.21519446782476256,-0.2561013217304913,3.310336560975288,-0.2618522587637875,False,False,-0.2465551704953185,False,-0.21762434574504017,-0.18300464167963865,False,1
-0.42742392114543487,-0.706975374479227,-0.7447441129471696,1.1521003194172539,-0.7088562366388939,-0.6960386507283731,-0.5619310553964082,-1.152100319417253,-0.2254900943829701,0.03137339659502974,0.14890248577920528,0.2651528285603192,-0.3670174951250245,-0.2061916332330533,-0.2902757020437465,-0.2496594146342877,-0.34172467460062167,-0.31693663659725785,False,2.893285652382344,-0.2561013217304913,-0.2417614760307234,-0.2618522587637875,True,False,-0.2465551704953185,False,-0.21762434574504017,-0.18300464167963865,False,1
-0.019943427921950616,0.8450022506109545,-1.0628821905063832,1.1105110892873105,-0.850355858659872,-1.2985194807841274,-0.36744115910358305,-1.1105110892873096,-0.48556136068856937,-4.762258445368473e-05,0.1131005775910519,0.22837138206155058,-0.3670174951250245,3.6648913110143804,-0.2902757020437465,-0.2496594146342877,-0.34172467460062167,-0.31693663659725785,False,-0.21519446782476256,2.506737877811209,-0.2417614760307234,-0.2618522587637875,False,False,-0.2465551704953185,False,-0.21762434574504017,-0.18300464167963865,False,1
-0.019943427921950616,1.173924451820725,-1.1413227097887177,1.1105110892873105,-0.8786875327951945,-1.480176365193963,-0.36744115910358305,-1.1105110892873096,-0.5274205681114623,0.7490495039893663,0.9007425577304264,0.9771528198037234,-0.3670174951250245,-0.2061916332330533,-0.2902757020437465,-0.2496594146342877,-0.34172467460062167,1.790940828137171,False,-0.21519446782476256,-0.2561013217304913,-0.2417614760307234,-0.2618522587637875,False,False,-0.2465551704953185,True,-0.21762434574504017,-0.18300464167963865,False,1
-0.019943427921950616,-0.709406278822584,0.1825415596898174,1.0689218591573673,-0.05301097036117542,0.4291193377151685,-0.5211192025250756,-1.0689218591573661,0.562666595550734,-0.5494773165237077,-0.5671356779838624,-0.5321477731865749,-0.3670174951250245,-0.2061916332330533,-0.2902757020437465,-0.2496594146342877,-0.34172467460062167,-0.31693663659725785,True,-0.21519446782476256,-0.2561013217304913,-0.2417614760307234,-0.2618522587637875,False,False,-0.2465551704953185,False,-0.21762434574504017,-0.18300464167963865,False,1
-0.019943427921950616,-0.540498151296901,-0.039803127904148576,1.0689218591573673,-0.24330596040789904,0.21174321602996823,-0.43144275147925365,-1.0689218591573661,0.3070709607256352,1.2888400804910896,1.4019692723645738,1.3976943797069663,-0.3670174951250245,-0.2061916332330533,-0.2902757020437465,-0.2496594146342877,-0.34172467460062167,-0.31693663659725785,True,-0.21519446782476256,-0.2561013217304913,-0.2417614760307234,-0.2618522587637875,False,False,-0.2465551704953185,False,-0.21762434574504017,-0.18300464167963865,False,1
0.7950175585250179,0.8121877511685737,1.012423867580327,1.1521003194172539,0.8412995811574502,1.0785829126793156,1.731264406133146,-1.152100319417253,2.3192979052801537,-0.2424025752995131,-0.1733146879141752,-0.07684153992782201,-0.3670174951250245,-0.2061916332330533,-0.2902757020437465,-0.2496594146342877,4.776361499302858,-0.31693663659725785,True,-0.21519446782476256,-0.2561013217304913,-0.2417614760307234,-0.2618522587637875,False,False,-0.2465551704953185,False,-0.21762434574504017,-0.18300464167963865,False,1
-0.12181355122782168,2.5588493386291957,2.4072853376466026,1.1936895495471973,2.998520179892233,1.8417780311124727,9.855958544045574,-1.1936895495471962,6.685195363466901,2.145094148967849,2.1180074361276415,1.9393318117747973,-0.3670174951250245,-0.2061916332330533,-0.2902757020437465,-0.2496594146342877,-0.34172467460062167,-0.31693663659725785,False,-0.21519446782476256,3.8990521718775604,-0.2417614760307234,-0.2618522587637875,False,False,-0.2465551704953185,True,-0.21762434574504017,-0.18300464167963865,False,1
-1.1405147842865324,1.7803161506297278,2.4728876222402407,1.1521003194172539,3.120171259063373,1.871350190321178,7.672481939436825,-1.152100319417253,6.060370404012052,0.8231580432493432,0.9723463741067332,1.0396078347409887,-0.3670174951250245,-0.2061916332330533,-0.2902757020437465,-0.2496594146342877,-0.34172467460062167,-0.31693663659725785,False,-0.21519446782476256,-0.2561013217304913,-0.2417614760307234,-0.2618522587637875,False,False,-0.2465551704953185,True,-0.21762434574504017,-0.18300464167963865,False,1
0.1837968186897915,0.9346870753843038,1.0480970256627604,1.1105110892873105,0.8862502551795405,1.102247801693409,1.9682046244491682,-1.1105110892873096,2.0802226160669024,-0.5758910019694089,-0.6029375861720159,-0.5758366270581611,-0.3670174951250245,-0.2061916332330533,-0.2902757020437465,-0.2496594146342877,-0.34172467460062167,-0.31693663659725785,True,-0.21519446782476256,-0.2561013217304913,-0.2417614760307234,-0.2618522587637875,False,False,5.704001261827254,False,-0.21762434574504017,-0.18300464167963865,False,1
-1.2423849075924034,-0.7308494859867927,0.8883819145309443,0.7777972482477633,0.6891737209999179,0.9940253821318031,-0.5026882698949281,-0.7777972482477623,0.6669875595512087,1.6617612603145204,1.7241864460579543,1.6492599013627771,-0.3670174951250245,-0.2061916332330533,2.8628386996395845,-0.2496594146342877,-0.34172467460062167,-0.31693663659725785,False,-0.21519446782476256,-0.2561013217304913,-0.2417614760307234,-0.2618522587637875,False,False,-0.2465551704953185,True,-0.21762434574504017,-0.18300464167963865,False,1
-0.019943427921950616,-0.7678934008291604,0.034881003564318426,0.6946187879878765,-0.18171148202159804,0.28744716150811783,-0.5672478749650729,-0.6946187879878756,-0.11662349775125007,1.45207916021239,1.5451769051171875,1.5111836341010303,-0.3670174951250245,-0.2061916332330533,-0.2902757020437465,-0.2496594146342877,-0.34172467460062167,-0.31693663659725785,True,3.631875221252127,-0.2561013217304913,-0.2417614760307234,2.429852386217556,False,False,-0.2465551704953185,False,-0.21762434574504017,-0.18300464167963865,False,1
0.99875780513676,-0.6913446325416077,0.9466423071940621,0.6530295578579332,0.7598168727574023,1.0341900252789737,-0.44488779544788914,-0.6530295578579322,0.5163211483291117,0.39352880889082875,0.5427234758488926,0.651647487298748,-0.3670174951250245,-0.2061916332330533,-0.2902757020437465,-0.2496594146342877,-0.34172467460062167,-0.31693663659725785,False,-0.21519446782476256,-0.2561013217304913,-0.2417614760307234,-0.2618522587637875,True,False,-0.2465551704953185,False,3.6311599705714475,-0.18300464167963865,False,1
-0.22368367453369276,-0.7864585837393021,1.5241912087404006,0.5282618674681029,1.5375166149212929,1.3936954183864467,-0.5735273175050433,-0.5282618674681019,0.8385943070778956,-0.6790420768853226,-0.7461452189246294,-0.7548136444682138,-0.3670174951250245,-0.2061916332330533,-0.2902757020437465,-0.2496594146342877,-0.34172467460062167,-0.31693663659725785,False,-0.21519446782476256,-0.2561013217304913,-0.2417614760307234,-0.2618522587637875,True,False,-0.2465551704953185,False,-0.21762434574504017,-0.18300464167963865,False,1
-0.3255537978395638,-0.7689195635525987,0.8831113687485277,0.27872648668844247,0.6828535401474576,0.9903514249660484,-0.5532460100131743,-0.2787264866884415,0.10284476898471812,0.29175475075170515,0.4353177512844324,0.5493833981846884,-0.3670174951250245,-0.2061916332330533,-0.2902757020437465,-0.2496594146342877,-0.34172467460062167,-0.31693663659725785,True,-0.21519446782476256,4.0268149793220545,-0.2417614760307234,-0.2618522587637875,False,False,-0.2465551704953185,False,5.150900999980646,-0.18300464167963865,False,1
-0.019943427921950616,-0.7367776349767404,0.7482059018740055,-0.2619335050008218,0.5250672982374471,0.8939179601071212,-0.5174192797032895,0.26193350500082263,-0.20484985740004588,4.608702345988701,3.8364990291590044,3.0284316367089255,-0.3670174951250245,-0.2061916332330533,-0.2902757020437465,-0.2496594146342877,-0.34172467460062167,1.9764955829887452,False,-0.21519446782476256,-0.2561013217304913,-0.2417614760307234,-0.2618522587637875,True,False,-0.2465551704953185,False,-0.21762434574504017,-0.18300464167963865,False,1
1.5081084216661154,-0.35572181882962284,1.8189982159276263,-0.46987965565053885,1.9886951769218502,1.5548040219417352,0.43290964609865623,0.46987965565053963,0.1903788388350394,0.7490495039893663,0.9007425577304264,0.9771528198037234,-0.3670174951250245,-0.2061916332330533,-0.2902757020437465,-0.2496594146342877,-0.34172467460062167,-0.31693663659725785,False,-0.21519446782476256,-0.2561013217304913,-0.2417614760307234,-0.2618522587637875,False,True,-0.2465551704953185,False,-0.21762434574504017,-0.18300464167963865,False,1
0.99875780513676,-0.47424741038816065,2.3471724472307196,-0.46987965565053885,2.888641305715511,1.8142876357739999,0.37731861639745734,0.46987965565053963,0.4673879404288997,-0.2424025752995131,-0.1733146879141752,-0.07684153992782201,-0.3670174951250245,-0.2061916332330533,-0.2902757020437465,-0.2496594146342877,-0.34172467460062167,3.545479053838679,False,-0.21519446782476256,-0.2561013217304913,-0.2417614760307234,-0.2618522587637875,False,True,-0.2465551704953185,False,-0.21762434574504017,-0.18300464167963865,False,1
-0.019943427921950616,1.052435445508745,-1.1148073673454864,-0.8025934966900861,-0.8694007364405589,-1.4168908731255085,-0.36744115910358305,0.8025934966900868,-0.6959649490612969,-0.0928084800027693,0.005694853026591727,0.11624960122671975,-0.3670174951250245,-0.2061916332330533,-0.2902757020437465,2.862754235304269,1.8069376179336587,1.7421009858985204,True,-0.21519446782476256,-0.2561013217304913,-0.2417614760307234,-0.2618522587637875,False,False,-0.2465551704953185,False,-0.21762434574504017,-0.18300464167963865,False,1
-0.019943427921950616,0.8333376960218452,-1.0596701667432975,-1.1353073377296332,-0.849140439265168,-1.2914241496634487,-0.36744115910358305,1.135307337729634,-0.6962406261870019,0.603836825709682,0.7575349249778128,0.8496700849316762,-0.3670174951250245,-0.2061916332330533,-0.2902757020437465,-0.2496594146342877,-0.34172467460062167,-0.31693663659725785,False,-0.21519446782476256,-0.2561013217304913,-0.2417614760307234,-0.2618522587637875,False,False,-0.2465551704953185,False,-0.21762434574504017,-0.18300464167963865,False,1
1.8137187915837285,-0.7888609610669063,1.2972606465939407,-1.0937181075996898,1.2151725087593501,1.2601025982357743,-0.5787754555949252,1.0937181075996907,-0.21149525829416405,-0.8262576886585199,-0.9609566680535497,-1.0368896279222006,-0.3670174951250245,-0.2061916332330533,-0.2902757020437465,-0.2496594146342877,-0.34172467460062167,-0.31693663659725785,False,-0.21519446782476256,3.7413056745090745,-0.2417614760307234,-0.2618522587637875,True,False,-0.2465551704953185,False,-0.21762434574504017,-0.18300464167963865,False,1
-0.019943427921950616,-0.5534454111965188,-0.35821451153246214,-1.3848427185092937,-0.47952892088796467,-0.1480012845929437,-0.48271990819917776,1.3848427185092944,-0.6216003817956335,-0.27157029429879453,-0.2091165961023286,-0.11644032151224208,-0.3670174951250245,-0.2061916332330533,-0.2902757020437465,-0.2496594146342877,-0.34172467460062167,-0.31693663659725785,True,-0.21519446782476256,-0.2561013217304913,-0.2417614760307234,-0.2618522587637875,False,False,-0.2465551704953185,False,-0.21762434574504017,-0.18300464167963865,False,1
1.100627928442631,-0.4774660486535641,0.08844669254560686,-1.3848427185092937,-0.13608612621305982,0.34001784353219017,-0.36744115910358305,1.3848427185092944,-0.5491108770832519,-0.9866175514828954,-1.2115700253706234,-1.3891637689445544,-0.3670174951250245,-0.2061916332330533,-0.2902757020437465,-0.2496594146342877,-0.34172467460062167,-0.31693663659725785,False,-0.21519446782476256,-0.2561013217304913,-0.2417614760307234,-0.2618522587637875,True,False,-0.2465551704953185,False,-0.21762434574504017,-0.18300464167963865,False,1
2.1193291615013417,-0.5291264929633538,1.274047185879412,-1.509610408899124,1.183422777632391,1.2459154807725472,-0.13506475695490205,1.5096104088991247,-0.28971469355586016,-0.3857375034290291,-0.35232422885494213,-0.2782941625976166,-0.3670174951250245,-0.2061916332330533,-0.2902757020437465,-0.2496594146342877,-0.34172467460062167,-0.31693663659725785,True,-0.21519446782476256,-0.2561013217304913,-0.2417614760307234,-0.2618522587637875,False,False,-0.2465551704953185,False,-0.21762434574504017,-0.18300464167963865,False,1
-0.019943427921950616,-0.5140463991280821,0.21955805373216208,-1.6759673294188975,-0.01930664641171271,0.46310274626571624,-0.36744115910358305,1.6759673294188981,-0.5436557688983383,-0.4413189078740118,-0.42392804523124894,-0.36138259827485913,-0.3670174951250245,-0.2061916332330533,-0.2902757020437465,-0.2496594146342877,-0.34172467460062167,-0.31693663659725785,False,-0.21519446782476256,-0.2561013217304913,-0.2417614760307234,-0.2618522587637875,False,False,-0.2465551704953185,False,-0.21762434574504017,-0.18300464167963865,False,1
-0.019943427921950616,-0.7863085829400055,0.22774309553384897,-2.0918596307183317,-0.011776007060037053,0.4705391313359903,-0.5786225639106586,2.091859630718332,-0.5644380431031051,-4.762258445368473e-05,0.1131005775910519,0.22837138206155058,-0.3670174951250245,-0.2061916332330533,-0.2902757020437465,-0.2496594146342877,-0.34172467460062167,-0.31693663659725785,False,-0.21519446782476256,-0.2561013217304913,-0.2417614760307234,-0.2618522587637875,False,False,-0.2465551704953185,False,-0.21762434574504017,-0.18300464167963865,False,1
-0.12181355122782168,0.39102290245266114,1.206992317113026,1.1936895495471973,1.0929856528754427,1.204354829995319,1.3541283502975459,-1.1936895495471962,3.165981998378727,-0.1833160372408829,-0.10171087153786844,0.0013591034093940301,-0.3670174951250245,-0.2061916332330533,-0.2902757020437465,-0.2496594146342877,-0.34172467460062167,-0.31693663659725785,False,-0.21519446782476256,2.882339183257832,-0.2417614760307234,-0.2618522587637875,False,True,-0.2465551704953185,False,-0.21762434574504017,-0.18300464167963865,False,1
-0.019943427921950616,1.2169031709347244,-1.1501215194643195,1.1521003194172539,-0.8817037572522557,-1.5016312665694551,-0.36744115910358305,-1.152100319417253,-0.509242405717517,-0.602054320728421,-0.6387394943601693,-0.6199395994607315,-0.3670174951250245,-0.2061916332330533,-0.2902757020437465,5.960723480314578,-0.34172467460062167,-0.31693663659725785,False,-0.21519446782476256,-0.2561013217304913,-0.2417614760307234,-0.2618522587637875,True,False,-0.2465551704953185,False,-0.21762434574504017,-0.18300464167963865,False,1
-0.019943427921950616,-0.730378410032824,-0.6582651899077337,1.1521003194172539,-0.6630175623243464,-0.5596096043408081,-0.5654229273292961,-1.152100319417253,-0.15023978278400293,0.4626300144170234,0.6143272922251993,0.7185958186178509,-0.3670174951250245,-0.2061916332330533,-0.2902757020437465,-0.2496594146342877,-0.34172467460062167,1.7740039004346961,False,-0.21519446782476256,-0.2561013217304913,-0.2417614760307234,-0.2618522587637875,False,False,-0.2465551704953185,True,-0.21762434574504017,-0.18300464167963865,False,1
-0.019943427921950616,1.0254976049099205,-1.1085705772523768,0.9441541687675369,-0.8671732943661832,-1.4022940915289794,-0.36744115910358305,-0.9441541687675359,-0.5747455449204398,1.2486562272774873,1.3661673641764205,1.368884202507205,-0.3670174951250245,-0.2061916332330533,-0.2902757020437465,-0.2496594146342877,1.3569744106830781,-0.31693663659725785,True,-0.21519446782476256,-0.2561013217304913,-0.2417614760307234,-0.2618522587637875,False,False,4.490444347950087,False,-0.21762434574504017,-0.18300464167963865,False,1
-0.22368367453369276,-0.7830844184590704,0.6156671505804694,0.9025649386375936,0.377520344615881,0.7943776999368661,-0.5737741233289417,-0.9025649386375925,0.6405302340867536,-0.3004876466113868,-0.24491850429048198,-0.15637901095755796,-0.3670174951250245,-0.2061916332330533,-0.2902757020437465,-0.2496594146342877,-0.34172467460062167,1.9551176406203914,False,-0.21519446782476256,-0.2561013217304913,1.5999214648321916,1.5763443248423274,False,True,-0.2465551704953185,False,1.9415992183819692,-0.18300464167963865,False,1
1.6099785449719863,-0.6888152011250728,0.3166321661953194,0.8609757085076502,0.0718250037136376,0.5495513317897249,-0.49581058832694697,-0.8609757085076492,0.27223798461826654,-0.062138560883353205,0.04149676121474512,0.15392453380635363,-0.3670174951250245,-0.2061916332330533,-0.2902757020437465,-0.2496594146342877,-0.34172467460062167,4.3787305262784075,False,-0.21519446782476256,-0.2561013217304913,-0.2417614760307234,-0.2618522587637875,False,False,-0.2465551704953185,False,-0.21762434574504017,-0.18300464167963865,False,1
0.08192669538392044,-0.6463314123845298,-0.07980956885531425,0.8193864783777067,-0.2753335016822192,0.16996950915510814,-0.49874604056708166,-0.8193864783777057,-0.08876140878273829,0.19223399279278353,0.3279120267199722,0.44482104834136443,-0.3670174951250245,-0.2061916332330533,-0.2902757020437465,-0.2496594146342877,-0.34172467460062167,-0.31693663659725785,False,-0.21519446782476256,-0.2561013217304913,-0.2417614760307234,-0.2618522587637875,False,True,3.607871792981561,False,-0.21762434574504017,-0.18300464167963865,False,1
-0.019943427921950616,0.8535340879329906,-1.0652098963921253,1.1936895495471973,-0.8512339371613519,-1.3036772736695936,-0.36744115910358305,-1.1936895495471962,-0.42467640686960306,0.22515721209240164,0.3637139349081256,0.47993690371735714,-0.3670174951250245,-0.2061916332330533,-0.2902757020437465,1.703822727019164,-0.34172467460062167,-0.31693663659725785,False,-0.21519446782476256,-0.2561013217304913,1.853327998701988,-0.2618522587637875,False,False,-0.2465551704953185,False,-0.21762434574504017,-0.18300464167963865,False,1
-0.019943427921950616,-0.08377993401449813,-0.5959683299506425,0.6114403277279897,-0.6280432491298054,-0.4668390590474789,-0.36744115910358305,-0.6114403277279887,-0.4726393185441883,-0.3857375034290291,-0.35232422885494213,-0.2782941625976166,-0.3670174951250245,-0.2061916332330533,-0.2902757020437465,-0.2496594146342877,-0.34172467460062167,-0.31693663659725785,False,-0.21519446782476256,-0.2561013217304913,-0.2417614760307234,-0.2618522587637875,False,False,5.704001261827254,False,-0.21762434574504017,-0.18300464167963865,False,1
-1.0386446609806612,-0.641586164619851,2.111145601674407,0.4450834072082161,2.4719459282561247,1.7025055839205572,-0.1780978622413201,-0.44508340720821515,1.2485001292108846,-0.0928084800027693,0.005694853026591727,0.11624960122671975,-0.3670174951250245,4.448909671860541,-0.2902757020437465,-0.2496594146342877,-0.34172467460062167,-0.31693663659725785,True,-0.21519446782476256,-0.2561013217304913,3.310336560975288,-0.2618522587637875,False,False,-0.2465551704953185,False,-0.21762434574504017,-0.18300464167963865,False,1
-2.464826387262856,-0.6682159971500042,2.3312782426610927,0.4034941770782727,2.8598433074042613,1.806954853508956,-0.21333047587115947,-0.40349417707827173,1.3872771898774914,-0.602054320728421,-0.6387394943601693,-0.6199395994607315,-0.3670174951250245,-0.2061916332330533,-0.2902757020437465,-0.2496594146342877,-0.34172467460062167,-0.31693663659725785,False,-0.21519446782476256,-0.2561013217304913,-0.2417614760307234,-0.2618522587637875,False,False,-0.2465551704953185,True,-0.21762434574504017,-0.18300464167963865,False,1
-1.1405147842865324,-0.775812926781814,2.2895697830441017,0.4034941770782727,2.7847799977664454,1.7875827385031748,-0.5379218928312014,-0.40349417707827173,1.3462017041342023,-0.6536298581863779,-0.710343310736476,-0.7094198331749116,-0.3670174951250245,-0.2061916332330533,-0.2902757020437465,-0.2496594146342877,-0.34172467460062167,-0.31693663659725785,False,-0.21519446782476256,-0.2561013217304913,-0.2417614760307234,-0.2618522587637875,True,False,-0.2465551704953185,False,-0.21762434574504017,-0.18300464167963865,False,1
-0.22368367453369276,-0.7456208141875704,-0.718793551141591,0.27872648668844247,-0.6954320534467764,-0.6541044270070552,-0.5707735890642945,-0.2787264866884415,-0.575947246325056,-0.9644600997109092,-1.17576811718247,-1.3371763146691884,-0.3670174951250245,-0.2061916332330533,-0.2902757020437465,-0.2496594146342877,-0.34172467460062167,-0.31693663659725785,False,3.543444914824884,-0.2561013217304913,-0.2417614760307234,4.997811798694703,False,False,-0.2465551704953185,False,-0.21762434574504017,-0.18300464167963865,True,1
-0.3255537978395638,-0.5737728676841047,2.0274034695898924,-0.1371658146109916,2.329746819971256,1.6612806735888135,-0.018406407567274626,0.13716581461099245,0.50154559607459,-0.27157029429879453,-0.2091165961023286,-0.11644032151224208,-0.3670174951250245,-0.2061916332330533,-0.2902757020437465,-0.2496594146342877,-0.34172467460062167,-0.31693663659725785,False,-0.21519446782476256,6.085445465665127,-0.2417614760307234,-0.2618522587637875,False,False,-0.2465551704953185,True,-0.21762434574504017,-0.18300464167963865,False,1
-0.019943427921950616,0.15408717815157771,-0.7799437676604531,-0.2203442748708784,-0.7266112815925482,-0.7543741290182047,-0.36744115910358305,0.22034427487087926,-0.6325270341839324,0.5681595728564837,0.7217330167896595,0.8172460599760287,1.2719765444552087,-0.2061916332330533,2.1302501358733794,-0.2496594146342877,-0.34172467460062167,-0.31693663659725785,False,3.5735571787170244,2.228082473569984,-0.2417614760307234,-0.2618522587637875,True,False,-0.2465551704953185,False,-0.21762434574504017,-0.18300464167963865,False,1
0.4894071886074047,-0.3784199195967852,1.9606354229040475,-0.17875504474093498,2.2184888168487067,1.6277864970112847,0.45344522584997116,0.17875504474093584,0.43127882991763844,0.39352880889082875,0.5427234758488926,0.651647487298748,-0.3670174951250245,-0.2061916332330533,-0.2902757020437465,-0.2496594146342877,-0.34172467460062167,-0.31693663659725785,True,-0.21519446782476256,-0.2561013217304913,-0.2417614760307234,-0.2618522587637875,False,False,-0.2465551704953185,False,-0.21762434574504017,-0.18300464167963865,False,1
0.896887681830889,-0.34562611486363165,0.9881529960667116,-0.2619335050008218,0.8110232359906013,1.0623191093150472,0.04987807329818015,0.26193350500082263,-0.10659604145650173,1.2486562272774873,1.3661673641764205,1.368884202507205,-0.3670174951250245,-0.2061916332330533,-0.2902757020437465,-0.2496594146342877,-0.34172467460062167,4.3787305262784075,False,-0.21519446782476256,-0.2561013217304913,-0.2417614760307234,-0.2618522587637875,False,True,-0.2465551704953185,False,-0.21762434574504017,-0.18300464167963865,False,1
-1.4461251542041456,-0.5962729601488701,2.2170437570843275,-0.3035227351307652,2.6560001117782055,1.7534396005886959,-0.027632368237197842,0.30352273513076605,0.49863109020445523,1.6617612603145204,1.7241864460579543,1.6492599013627771,-0.3670174951250245,-0.2061916332330533,-0.2902757020437465,-0.2496594146342877,-0.34172467460062167,-0.31693663659725785,False,-0.21519446782476256,-0.2561013217304913,-0.2417614760307234,-0.2618522587637875,True,False,-0.2465551704953185,False,-0.21762434574504017,-0.18300464167963865,False,1
0.6931474352191468,-0.6341944927195365,0.3771278102048345,-0.386701195390652,0.13062649793986392,0.6015792429784146,-0.44243671301350534,0.38670119539065284,-0.36615332918452614,0.8231580432493432,0.9723463741067332,1.0396078347409887,-0.3670174951250245,-0.2061916332330533,6.271762913702074,-0.2496594146342877,-0.34172467460062167,-0.31693663659725785,False,-0.21519446782476256,-0.2561013217304913,-0.2417614760307234,-0.2618522587637875,False,True,-0.2465551704953185,False,-0.21762434574504017,-0.18300464167963865,False,1
1.5081084216661154,-0.6675216535992539,2.1709240245941985,-0.5946473460403691,2.575261537701446,1.7314179479506464,-0.23844861084059554,0.5946473460403698,0.30583852064418326,-0.3291546322372901,-0.2807204124786354,-0.19666349422353416,-0.3670174951250245,-0.2061916332330533,-0.2902757020437465,-0.2496594146342877,-0.34172467460062167,-0.31693663659725785,False,-0.21519446782476256,-0.2561013217304913,-0.2417614760307234,3.0501814809909673,True,False,-0.2465551704953185,False,-0.21762434574504017,-0.18300464167963865,False,1
0.38753706530153365,1.297897515746741,0.42528590722034787,-0.7194150364301992,0.17853882656864092,0.642042248893765,1.3586563178460038,0.7194150364302,-0.4077752873268102,0.12713865425361467,0.25630821034366547,0.3737841150440583,-0.3670174951250245,-0.2061916332330533,-0.2902757020437465,-0.2496594146342877,-0.34172467460062167,-0.31693663659725785,True,-0.21519446782476256,-0.2561013217304913,-0.2417614760307234,-0.2618522587637875,False,False,-0.2465551704953185,False,-0.21762434574504017,-0.18300464167963865,False,1
-0.22368367453369276,-0.7649085876659727,2.2646607519191027,-0.8025934966900861,2.740300608815771,1.7759224554493145,-0.5066425987396634,0.8025934966900868,0.25639693890950666,0.3593537561577651,0.5069215676607391,0.6178085835875454,-0.3670174951250245,-0.2061916332330533,-0.2902757020437465,-0.2496594146342877,-0.34172467460062167,-0.31693663659725785,False,-0.21519446782476256,-0.2561013217304913,-0.2417614760307234,-0.2618522587637875,True,False,-0.2465551704953185,False,-0.21762434574504017,-0.18300464167963865,False,1
0.4894071886074047,-0.4925156007193971,1.8100130707578606,-0.9273611870799163,1.97440283701923,1.550082305517849,0.11046033004070438,0.927361187079917,0.014161912357046757,0.8231580432493432,0.9723463741067332,1.0396078347409887,-0.3670174951250245,-0.2061916332330533,-0.2902757020437465,-0.2496594146342877,-0.34172467460062167,-0.31693663659725785,True,-0.21519446782476256,-0.2561013217304913,-0.2417614760307234,-0.2618522587637875,False,False,-0.2465551704953185,False,-0.21762434574504017,-0.18300464167963865,False,1
-0.5292940444513059,-0.5871193400083864,0.3817428589021144,-1.0521288774697466,0.13517563910289856,0.6054928299274639,-0.39972573456365945,1.0521288774697473,-0.46040720227720283,0.22515721209240164,0.3637139349081256,0.47993690371735714,-0.3670174951250245,-0.2061916332330533,-0.2902757020437465,-0.2496594146342877,-0.34172467460062167,-0.31693663659725785,True,-0.21519446782476256,-0.2561013217304913,-0.2417614760307234,-0.2618522587637875,False,False,-0.2465551704953185,False,-0.21762434574504017,-0.18300464167963865,False,1
2.1193291615013417,-0.26232455843534436,0.5530230212909798,-1.1768965678595766,0.310359741491385,0.7455327017344434,-0.037054645088684696,1.1768965678595775,-0.43328795367368445,4.55149355808024,3.8006971209708507,3.0081578410079137,-0.3670174951250245,-0.2061916332330533,3.3239722605787962,3.4480390378456724,-0.34172467460062167,-0.31693663659725785,True,-0.21519446782476256,3.453198566871682,-0.2417614760307234,-0.2618522587637875,False,False,-0.2465551704953185,False,-0.21762434574504017,-0.18300464167963865,False,1
1.5081084216661154,-0.433120178660709,0.007949003165515247,-1.2600750281194635,-0.20419426037587607,0.2604794008210555,-0.3559485880306388,1.2600750281194641,-0.5557802284545251,-4.762258445368473e-05,0.1131005775910519,0.22837138206155058,-0.3670174951250245,-0.2061916332330533,-0.2902757020437465,-0.2496594146342877,2.5717549191186526,-0.31693663659725785,True,-0.21519446782476256,-0.2561013217304913,-0.2417614760307234,-0.2618522587637875,False,False,-0.2465551704953185,False,-0.21762434574504017,-0.18300464167963865,False,1
1.9155889148895995,-0.6505610600113836,0.6947865283899877,-1.301664258249407,0.4647080828278044,0.8543976357990647,-0.42070228394406517,1.3016642582494076,-0.41308867088538764,0.3593537561577651,0.5069215676607391,0.6178085835875454,-0.3670174951250245,-0.2061916332330533,-0.2902757020437465,-0.2496594146342877,-0.34172467460062167,-0.31693663659725785,True,-0.21519446782476256,-0.2561013217304913,-0.2417614760307234,2.5402452011651633,False,False,-0.2465551704953185,False,-0.21762434574504017,-0.18300464167963865,False,1
2.1193291615013417,-0.7630384965953247,0.9695697123809162,-1.3432534883793503,0.7880096418190444,1.0497757379640453,-0.543217492644116,1.343253488379351,-0.34853525968954213,0.09496653501406392,0.22050630215551206,0.3378547569556542,-0.3670174951250245,-0.2061916332330533,-0.2902757020437465,-0.2496594146342877,-0.34172467460062167,-0.31693663659725785,False,-0.21519446782476256,-0.2561013217304913,-0.2417614760307234,-0.2618522587637875,True,False,-0.2465551704953185,False,-0.21762434574504017,-0.18300464167963865,False,1
2.0174590381954705,-0.6634921628300589,0.3112213400256419,-1.5927888691590109,0.06664086792806379,0.5448306733895801,-0.47488832260824215,1.5927888691590115,-0.5216062599444746,-0.627967272800744,-0.6745414025483226,-0.6644646162875364,-0.3670174951250245,-0.2061916332330533,-0.2902757020437465,-0.2496594146342877,-0.34172467460062167,-0.31693663659725785,False,-0.21519446782476256,-0.2561013217304913,-0.2417614760307234,-0.2618522587637875,False,False,-0.2465551704953185,False,-0.21762434574504017,-0.18300464167963865,False,1
-0.019943427921950616,-0.7882465880079702,-0.6895124858181498,-1.5927888691590109,-0.6799441377314066,-0.6078293085582075,-0.5814587757916666,1.5927888691590115,-0.6686805507727208,0.603836825709682,0.7575349249778128,0.8496700849316762,-0.3670174951250245,-0.2061916332330533,-0.2902757020437465,-0.2496594146342877,-0.34172467460062167,2.434752921390153,False,-0.21519446782476256,-0.2561013217304913,-0.2417614760307234,-0.2618522587637875,False,False,-0.2465551704953185,False,-0.21762434574504017,-0.18300464167963865,False,1
-0.019943427921950616,-0.7836103681378983,-0.10246701240650338,-1.7591457896787843,-0.29317288185917945,0.14591491682741212,-0.5780819769525681,1.759145789678785,-0.5997336991073189,-0.9644600997109092,-1.17576811718247,-1.3371763146691884,-0.3670174951250245,-0.2061916332330533,-0.2902757020437465,-0.2496594146342877,2.1163509583952353,-0.31693663659725785,False,-0.21519446782476256,3.315679866158502,-0.2417614760307234,-0.2618522587637875,False,False,-0.2465551704953185,False,-0.21762434574504017,-0.18300464167963865,False,1
1.6099785449719863,-0.6648318359794235,-0.12095538796798172,-1.925502710198558,-0.30756940056706006,0.1260679471604582,-0.5125734900710016,1.9255027101985587,-0.6088435894162627,-0.5228132643913174,-0.5313337697957091,-0.48886533314690633,-0.3670174951250245,-0.2061916332330533,-0.2902757020437465,-0.2496594146342877,-0.34172467460062167,-0.31693663659725785,False,-0.21519446782476256,-0.2561013217304913,-0.2417614760307234,-0.2618522587637875,False,False,-0.2465551704953185,False,-0.21762434574504017,-0.18300464167963865,False,1
2.1193291615013417,-0.7783716064985433,1.1222465596471713,-2.050270400588388,0.9814002306506466,1.150551690479658,-0.5628486973496512,2.050270400588389,-0.3918213702542042,-0.1833160372408829,-0.10171087153786844,0.0013591034093940301,-0.3670174951250245,-0.2061916332330533,-0.2902757020437465,-0.2496594146342877,-0.34172467460062167,-0.31693663659725785,False,-0.21519446782476256,-0.2561013217304913,-0.2417614760307234,-0.2618522587637875,False,False,-0.2465551704953185,True,-0.21762434574504017,-0.18300464167963865,False,1
-0.019943427921950616,-0.7901604683173806,-0.12153814890818067,-2.4661627018878223,-0.3080208420565215,0.12543912197107931,-0.5817793582677916,2.4661627018878227,-0.6260763530490385,-0.2424025752995131,-0.1733146879141752,-0.07684153992782201,-0.3670174951250245,-0.2061916332330533,-0.2902757020437465,-0.2496594146342877,-0.34172467460062167,-0.31693663659725785,False,-0.21519446782476256,-0.2561013217304913,-0.2417614760307234,-0.2618522587637875,False,False,-0.2465551704953185,False,-0.21762434574504017,-0.18300464167963865,False,1
1.9155889148895995,-0.7663759834860275,-0.01838029785922615,-2.632519622407596,-0.22587833455649153,0.23375578477536343,-0.5670983395287071,2.6325196224075964,-0.6183205013310796,0.9743795220095662,1.1155540068593468,1.1620577635498255,-0.3670174951250245,-0.2061916332330533,-0.2902757020437465,-0.2496594146342877,-0.34172467460062167,-0.31693663659725785,False,-0.21519446782476256,-0.2561013217304913,1.4339377261169708,-0.2618522587637875,False,False,-0.2465551704953185,False,-0.21762434574504017,-0.18300464167963865,False,1
-0.019943427921950616,-0.638779359263366,-0.32581135285903823,-2.8820550031872565,-0.45744301417277367,-0.10826167105304244,-0.5158567760609781,2.882055003187257,-0.6572346851954858,-1.3771895827179086,-1.9276081891336911,-2.5734476436337115,-0.3670174951250245,-0.2061916332330533,-0.2902757020437465,-0.2496594146342877,-0.34172467460062167,-0.31693663659725785,False,-0.21519446782476256,-0.2561013217304913,-0.2417614760307234,-0.2618522587637875,False,False,-0.2465551704953185,False,-0.21762434574504017,-0.18300464167963865,False,1
-0.019943427921950616,-0.7070022386395315,-1.0657631239024254,1.1936895495471973,-0.8514422947718726,-1.3049051056172143,-0.5712035536051597,-1.1936895495471962,-0.4250612095993705,0.603836825709682,0.7575349249778128,0.8496700849316762,-0.3670174951250245,-0.2061916332330533,-0.2902757020437465,-0.2496594146342877,2.6614765858739706,-0.31693663659725785,False,-0.21519446782476256,-0.2561013217304913,-0.2417614760307234,-0.2618522587637875,False,False,-0.2465551704953185,True,-0.21762434574504017,-0.18300464167963865,False,1
-0.019943427921950616,-0.4862450041456046,-0.947718313637662,1.1521003194172539,-0.8040607819603744,-1.0587639461318707,-0.531225375687956,-1.152100319417253,-0.3817810824669288,0.4279542283105815,0.5785253840370459,0.6852420646648492,-0.3670174951250245,-0.2061916332330533,-0.2902757020437465,-0.2496594146342877,-0.34172467460062167,-0.31693663659725785,False,-0.21519446782476256,-0.2561013217304913,-0.2417614760307234,-0.2618522587637875,False,False,-0.2465551704953185,True,-0.21762434574504017,-0.18300464167963865,False,1
-0.019943427921950616,0.730481600865859,-1.0297665345435745,1.1521003194172539,-0.8376162790451795,-1.2265579220588823,-0.36744115910358305,-1.152100319417253,-0.43686691662877014,1.090424481289969,1.222959731423807,1.2518257328784423,-0.3670174951250245,-0.2061916332330533,-0.2902757020437465,-0.2496594146342877,-0.34172467460062167,-0.31693663659725785,False,-0.21519446782476256,-0.2561013217304913,-0.2417614760307234,-0.2618522587637875,False,False,-0.2465551704953185,True,-0.21762434574504017,-0.18300464167963865,False,1
-1.0386446609806612,-0.0791688272730149,1.0233904270558232,1.1521003194172539,0.8550611052427916,1.0858880292869741,0.4524714640269365,-1.152100319417253,2.341889286706077,0.15956114017985457,0.29211011853181884,0.40943814967596037,-0.3670174951250245,-0.2061916332330533,-0.2902757020437465,-0.2496594146342877,-0.34172467460062167,-0.31693663659725785,False,-0.21519446782476256,-0.2561013217304913,-0.2417614760307234,-0.2618522587637875,False,False,-0.2465551704953185,True,-0.21762434574504017,7.433364157090449,False,1
0.896887681830889,-0.39251291741962413,1.2320439370412617,1.1105110892873105,1.126551071751225,1.2199839435475792,0.08077392822736278,-1.1105110892873096,2.4352599384898608,-0.3004876466113868,-0.24491850429048198,-0.15637901095755796,-0.3670174951250245,-0.2061916332330533,-0.2902757020437465,-0.2496594146342877,-0.34172467460062167,-0.31693663659725785,False,-0.21519446782476256,-0.2561013217304913,-0.2417614760307234,-0.2618522587637875,True,False,-0.2465551704953185,False,-0.21762434574504017,-0.18300464167963865,False,1
-0.019943427921950616,-0.7560496165433034,-1.1027777342733034,1.0273326290274238,-0.8650897182609765,-1.3888319136154115,-0.5779671835461038,-1.0273326290274227,-0.5453731424500731,0.22515721209240164,0.3637139349081256,0.47993690371735714,-0.3670174951250245,-0.2061916332330533,-0.2902757020437465,-0.2496594146342877,-0.34172467460062167,-0.31693663659725785,False,-0.21519446782476256,-0.2561013217304913,-0.2417614760307234,-0.2618522587637875,False,False,-0.2465551704953185,True,-0.21762434574504017,-0.18300464167963865,False,1
-0.019943427921950616,0.05598450966658671,-0.6272120063275385,1.1105110892873105,-0.6457883722924824,-0.5128236816990577,-0.33665430926926765,-1.1105110892873096,-0.18331897278970474,1.5352009001931748,1.6167807214934942,1.5669068001401332,-0.3670174951250245,-0.2061916332330533,-0.2902757020437465,2.82632235563956,-0.34172467460062167,-0.31693663659725785,False,-0.21519446782476256,-0.2561013217304913,-0.2417614760307234,-0.2618522587637875,False,False,-0.2465551704953185,True,-0.21762434574504017,-0.18300464167963865,False,1
-1.4461251542041456,-0.2581417031901912,-0.38865451773700577,1.1936895495471973,-0.49987355328666155,-0.18607300067488156,-0.36744115910358305,-1.1936895495471962,0.2242292630948995,-0.8023476700797098,-0.9251547598653964,-0.9886733544545178,-0.3670174951250245,-0.2061916332330533,-0.2902757020437465,-0.2496594146342877,-0.34172467460062167,-0.31693663659725785,False,-0.21519446782476256,-0.2561013217304913,-0.2417614760307234,4.362683289975411,False,False,-0.2465551704953185,False,-0.21762434574504017,-0.18300464167963865,True,1
-0.019943427921950616,-0.757581788864267,-0.6719819796292444,1.0273326290274238,-0.6704985927211362,-0.5806326220792426,-0.5731382237945941,-1.0273326290274227,-0.3057876333210563,1.3699588869783614,1.4735730887408807,1.4547850193053065,-0.3670174951250245,-0.2061916332330533,-0.2902757020437465,-0.2496594146342877,1.6139017516303482,-0.31693663659725785,False,-0.21519446782476256,-0.2561013217304913,-0.2417614760307234,-0.2618522587637875,False,False,2.480178928430762,True,-0.21762434574504017,-0.18300464167963865,False,1
-0.019943427921950616,-0.7163620358967536,-0.763636370269669,0.9441541687675369,-0.7184506085138219,-0.7271347967275364,-0.5647469230645968,-0.9441541687675359,-0.4177931498769262,0.7123707843894116,0.864940649542273,0.9456080972700075,-0.3670174951250245,5.659915250197586,-0.2902757020437465,-0.2496594146342877,-0.34172467460062167,-0.31693663659725785,False,-0.21519446782476256,-0.2561013217304913,-0.2417614760307234,-0.2618522587637875,False,False,3.7708015094997647,True,-0.21762434574504017,-0.18300464167963865,False,1
-0.631164167757177,-0.7794869534846026,-0.9840049947824658,0.9441541687675369,-0.819251043946429,-1.1312276859711223,-0.5803733336036989,-0.9441541687675359,-0.5241714718652899,-1.0085246365681926,-1.247371933558777,-1.4417386645125083,-0.3670174951250245,-0.2061916332330533,-0.2902757020437465,-0.2496594146342877,3.347033233785458,-0.31693663659725785,False,-0.21519446782476256,2.423929334566315,-0.2417614760307234,-0.2618522587637875,False,False,-0.2465551704953185,False,-0.21762434574504017,-0.18300464167963865,False,1
-0.019943427921950616,-0.7067210360290304,-0.7593513313935308,0.9441541687675369,-0.7162876580807978,-0.7200388580579398,-0.56235431960179,-0.9441541687675359,-0.4155105105547683,2.3748055840051085,2.2970169770684086,2.065432449873938,-0.3670174951250245,-0.2061916332330533,-0.2902757020437465,-0.2496594146342877,-0.34172467460062167,-0.31693663659725785,True,-0.21519446782476256,-0.2561013217304913,-0.2417614760307234,-0.2618522587637875,False,False,-0.2465551704953185,False,-0.21762434574504017,-0.18300464167963865,False,1
0.99875780513676,-0.11330835602573255,-0.5665824714702661,0.9025649386375936,-0.6109777686490647,-0.4245407624001889,-0.36744115910358305,-0.9025649386375925,-0.3331208430942201,10.94297951922321,7.130274582469116,4.593979333439664,-0.3670174951250245,-0.2061916332330533,-0.2902757020437465,-0.2496594146342877,-0.34172467460062167,-0.31693663659725785,False,-0.21519446782476256,-0.2561013217304913,-0.2417614760307234,-0.2618522587637875,True,False,-0.2465551704953185,False,-0.21762434574504017,-0.18300464167963865,False,1
-0.019943427921950616,-0.790239854611255,-0.9606375776266076,0.8193864783777067,-0.8095326496842863,-1.084260962663718,-0.5820397836483892,-0.8193864783777057,-0.553033986338123,0.29175475075170515,0.4353177512844324,0.5493833981846884,-0.3670174951250245,-0.2061916332330533,-0.2902757020437465,-0.2496594146342877,-0.34172467460062167,-0.31693663659725785,False,3.1827466615971214,-0.2561013217304913,-0.2417614760307234,-0.2618522587637875,False,False,-0.2465551704953185,True,-0.21762434574504017,-0.18300464167963865,False,1
-0.019943427921950616,-0.7870342443063726,-1.074448920654687,0.9025649386375936,-0.854696642212386,-1.3242826829087186,-0.5816493644632256,-0.9025649386375925,-0.5731791098626654,0.32542907011139055,0.4711196594725858,0.5837217736103729,-0.3670174951250245,-0.2061916332330533,-0.2902757020437465,3.779835212408486,-0.34172467460062167,-0.31693663659725785,False,-0.21519446782476256,-0.2561013217304913,-0.2417614760307234,-0.2618522587637875,False,False,-0.2465551704953185,True,-0.21762434574504017,-0.18300464167963865,False,1
0.08192669538392044,-0.6862441165046239,0.17361474986037592,0.7777972482477633,-0.06105258194817558,0.4208360753116269,-0.504408614471128,-0.7777972482477623,0.05118917629966088,0.12713865425361467,0.25630821034366547,0.3737841150440583,-0.3670174951250245,-0.2061916332330533,-0.2902757020437465,-0.2496594146342877,-0.34172467460062167,-0.31693663659725785,False,-0.21519446782476256,-0.2561013217304913,3.790026121005481,-0.2618522587637875,False,True,-0.2465551704953185,False,-0.21762434574504017,-0.18300464167963865,False,1
-0.8349044143689192,-0.6917807468664188,1.2443383081934007,0.8609757085076502,1.1431204626831069,1.2276092830263565,-0.41605564384754706,-0.8609757085076492,1.2614925070923186,0.4975561672101544,0.6501292004133528,0.7517121772927726,-0.3670174951250245,-0.2061916332330533,-0.2902757020437465,-0.2496594146342877,-0.34172467460062167,-0.31693663659725785,False,-0.21519446782476256,-0.2561013217304913,-0.2417614760307234,-0.2618522587637875,False,False,-0.2465551704953185,True,-0.21762434574504017,-0.18300464167963865,False,1
-1.1405147842865324,-0.7433183479753741,-0.6380283154905734,0.6946187879878765,-0.6518357038930704,-0.5289949674029363,-0.5685894985824882,-0.6946187879878756,-0.4639207881240287,0.9743795220095662,1.1155540068593468,1.1620577635498255,-0.3670174951250245,-0.2061916332330533,-0.2902757020437465,-0.2496594146342877,-0.34172467460062167,-0.31693663659725785,True,-0.21519446782476256,-0.2561013217304913,-0.2417614760307234,-0.2618522587637875,False,False,-0.2465551704953185,False,-0.21762434574504017,-0.18300464167963865,False,1
1.4062382983602442,-0.5450653872371407,1.5306318231767662,0.6946187879878765,1.5469820035135178,1.3973586888951361,-0.09301193142222466,-0.6946187879878756,1.1604231539219232,1.16903962091035,1.2945635478001136,1.310723085795716,-0.3670174951250245,-0.2061916332330533,-0.2902757020437465,4.1316793288623925,-0.34172467460062167,-0.31693663659725785,False,-0.21519446782476256,-0.2561013217304913,-0.2417614760307234,-0.2618522587637875,True,False,3.97074559772287,False,-0.21762434574504017,-0.18300464167963865,False,1
1.9155889148895995,-0.5985119674498202,1.8568896873315126,0.6530295578579332,2.049342124269831,1.574593322432658,-0.12448160745990734,-0.6530295578579322,1.423576041483672,-0.21298448961354258,-0.13751277972602183,-0.037576929259752624,2.9966197859251595,-0.2061916332330533,4.677265821321701,-0.2496594146342877,-0.34172467460062167,-0.31693663659725785,False,-0.21519446782476256,-0.2561013217304913,-0.2417614760307234,-0.2618522587637875,False,False,-0.2465551704953185,True,-0.21762434574504017,-0.18300464167963865,False,1
1.3043681750543732,0.9419005095217821,2.2622303487514945,0.8193864783777067,2.7359747079497225,1.7747810680491856,4.464461000348381,-0.8193864783777057,2.5283671087904542,-0.627967272800744,-0.6745414025483226,-0.6644646162875364,-0.3670174951250245,-0.2061916332330533,-0.2902757020437465,-0.2496594146342877,-0.34172467460062167,-0.31693663659725785,True,-0.21519446782476256,-0.2561013217304913,-0.2417614760307234,-0.2618522587637875,False,False,-0.2465551704953185,False,-0.21762434574504017,-0.18300464167963865,False,1
-0.019943427921950616,-0.7287524453973945,-0.3357645262038167,0.6530295578579332,-0.4642741672605585,-0.12038383537998192,-0.5554102670155375,-0.6530295578579322,-0.3448970282210715,1.5352009001931748,1.6167807214934942,1.5669068001401332,1.6143265902863264,-0.2061916332330533,-0.2902757020437465,2.7440234955875487,-0.34172467460062167,-0.31693663659725785,False,-0.21519446782476256,-0.2561013217304913,-0.2417614760307234,-0.2618522587637875,False,False,-0.2465551704953185,True,-0.21762434574504017,-0.18300464167963865,False,1
-0.019943427921950616,-0.7213290793606945,-1.0728935380999023,0.6114403277279897,-0.8541162174402211,-1.3207987552476468,-0.5732158552677794,-0.6114403277279887,-0.6244648180959828,-0.0928084800027693,0.005694853026591727,0.11624960122671975,2.2545038653529534,-0.2061916332330533,3.581282116015038,-0.2496594146342877,-0.34172467460062167,-0.31693663659725785,True,-0.21519446782476256,-0.2561013217304913,-0.2417614760307234,-0.2618522587637875,False,False,-0.2465551704953185,False,-0.21762434574504017,-0.18300464167963865,False,1
-0.019943427921950616,-0.7442181896418618,-0.5611834955994692,0.5698510975980463,-0.6078027955363687,-0.4168665897784887,-0.5672555238053977,-0.5698510975980453,-0.47106983329027136,3.5645480791517636,3.15626277358409,2.627259272575273,-0.3670174951250245,-0.2061916332330533,-0.2902757020437465,-0.2496594146342877,-0.34172467460062167,-0.31693663659725785,True,-0.21519446782476256,-0.2561013217304913,-0.2417614760307234,-0.2618522587637875,False,False,-0.2465551704953185,False,-0.21762434574504017,-0.18300464167963865,False,1
0.28566694199566256,-0.7382402283276136,0.8335565294053258,0.5698510975980463,0.6240024369663454,0.9554710616708422,-0.5151388308578366,-0.5698510975980453,0.32021523676725305,1.090424481289969,1.222959731423807,1.2518257328784423,-0.3670174951250245,-0.2061916332330533,-0.2902757020437465,-0.2496594146342877,-0.34172467460062167,-0.31693663659725785,False,-0.21519446782476256,-0.2561013217304913,-0.2417614760307234,-0.2618522587637875,False,True,-0.2465551704953185,False,-0.21762434574504017,-0.18300464167963865,False,1
0.08192669538392044,-0.7462035561247797,0.8445217456127344,0.5698510975980463,0.6369354915050928,0.9632422260032976,-0.5248420840281546,-0.5698510975980453,0.3285231516037228,-0.1833160372408829,-0.10171087153786844,0.0013591034093940301,3.4489027271646964,-0.2061916332330533,-0.2902757020437465,-0.2496594146342877,-0.34172467460062167,-0.31693663659725785,True,-0.21519446782476256,-0.2561013217304913,-0.2417614760307234,-0.2618522587637875,False,False,-0.2465551704953185,False,-0.21762434574504017,-0.18300464167963865,False,1
-0.019943427921950616,0.18719074058939122,-0.8000693022667185,0.4034941770782727,-0.7365281116742344,-0.7885153288078225,-0.36744115910358305,-0.40349417707827173,-0.5806976258440687,1.090424481289969,1.222959731423807,1.2518257328784423,-0.3670174951250245,-0.2061916332330533,-0.2902757020437465,-0.2496594146342877,-0.34172467460062167,-0.31693663659725785,True,-0.21519446782476256,-0.2561013217304913,-0.2417614760307234,-0.2618522587637875,False,False,-0.2465551704953185,False,-0.21762434574504017,-0.18300464167963865,False,1
-1.3442550308982744,-0.7677798229511817,1.590343128063559,0.3203157168183859,1.6355687142532227,1.4310026942516474,-0.5347348314413681,-0.32031571681838494,0.6171384405167811,-0.5228132643913174,-0.5313337697957091,-0.48886533314690633,-0.3670174951250245,-0.2061916332330533,-0.2902757020437465,-0.2496594146342877,-0.34172467460062167,-0.31693663659725785,False,-0.21519446782476256,-0.2561013217304913,-0.2417614760307234,-0.2618522587637875,True,False,-0.2465551704953185,False,-0.21762434574504017,-0.18300464167963865,False,1
1.100627928442631,-0.40687286256449323,1.5795539160336165,0.27872648668844247,1.6194507648108023,1.424965672490551,0.203632057908589,-0.2787264866884415,0.5641096335509066,0.4279542283105815,0.5785253840370459,0.6852420646648492,-0.3670174951250245,-0.2061916332330533,-0.2902757020437465,-0.2496594146342877,-0.34172467460062167,-0.31693663659725785,False,-0.21519446782476256,-0.2561013217304913,-0.2417614760307234,-0.2618522587637875,True,False,-0.2465551704953185,False,-0.21762434574504017,-0.18300464167963865,False,1
-0.019943427921950616,0.07949146268011165,-0.7304542382134404,0.23713725655849904,-0.7014992286293188,-0.6728376205454979,-0.36744115910358305,-0.23713725655849813,-0.583988579109675,0.09496653501406392,0.22050630215551206,0.3378547569556542,-0.3670174951250245,-0.2061916332330533,-0.2902757020437465,-0.2496594146342877,-0.34172467460062167,-0.31693663659725785,False,-0.21519446782476256,-0.2561013217304913,-0.2417614760307234,-0.2618522587637875,False,False,-0.2465551704953185,False,-0.21762434574504017,-0.18300464167963865,False,1
-0.3255537978395638,-0.4214623896993657,1.7266451563858851,0.19554802642855565,1.8434153525385684,1.5057276719340078,0.23792267246726712,-0.19554802642855473,0.5862851124497231,1.6617612603145204,1.7241864460579543,1.6492599013627771,-0.3670174951250245,-0.2061916332330533,-0.2902757020437465,-0.2496594146342877,-0.34172467460062167,-0.31693663659725785,False,-0.21519446782476256,-0.2561013217304913,-0.2417614760307234,-0.2618522587637875,True,False,-0.2465551704953185,False,-0.21762434574504017,-0.18300464167963865,False,1
-0.631164167757177,-0.5031243328201529,1.353879581056117,0.19554802642855565,1.293564579270008,1.2942859472167336,-0.06606726797560918,-0.19554802642855473,0.33241380197808995,2.010271688185763,2.0106017115631816,1.8619976976796393,-0.3670174951250245,-0.2061916332330533,-0.2902757020437465,-0.2496594146342877,-0.34172467460062167,-0.31693663659725785,False,-0.21519446782476256,-0.2561013217304913,-0.2417614760307234,-0.2618522587637875,True,False,-0.2465551704953185,False,-0.21762434574504017,-0.18300464167963865,False,1
-0.019943427921950616,0.3410669160455834,-0.881719842188406,0.15395879629861225,-0.7750097779792067,-0.9333934306995874,-0.36744115910358305,-0.15395879629861134,-0.62608843019099,1.2486562272774873,1.3661673641764205,1.368884202507205,-0.3670174951250245,-0.2061916332330533,-0.2902757020437465,-0.2496594146342877,-0.34172467460062167,-0.31693663659725785,True,-0.21519446782476256,-0.2561013217304913,-0.2417614760307234,-0.2618522587637875,False,False,-0.2465551704953185,False,-0.21762434574504017,-0.18300464167963865,False,1
0.5912773119132757,0.059691324087007974,1.0156895954843956,0.07078033603872544,0.8453923199355348,1.0807611159610369,0.6479762605002188,-0.07078033603872454,0.051681886673225576,0.15956114017985457,0.29211011853181884,0.40943814967596037,1.0219646841204673,-0.2061916332330533,-0.2902757020437465,-0.2496594146342877,1.1070919480270196,-0.31693663659725785,False,-0.21519446782476256,-0.2561013217304913,-0.2417614760307234,-0.2618522587637875,True,False,-0.2465551704953185,False,-0.21762434574504017,-0.18300464167963865,False,1
-1.4461251542041456,0.10930734964981631,2.0779201896717177,-0.05398735435110478,2.4151734402847307,1.6862516613871188,1.8155414447271774,0.05398735435110566,0.5998724341506503,0.06304478246120228,0.18470439396735866,0.3016457901563818,-0.3670174951250245,-0.2061916332330533,-0.2902757020437465,-0.2496594146342877,-0.34172467460062167,-0.31693663659725785,True,-0.21519446782476256,-0.2561013217304913,-0.2417614760307234,-0.2618522587637875,False,False,-0.2465551704953185,False,4.854530775604232,-0.18300464167963865,False,1
-0.019943427921950616,-0.7572761545515414,-1.170620971576379,-0.09557658448104818,-0.8886043628768807,-1.5525360589424473,-0.5787254402050112,0.09557658448104905,-0.6859685017298666,0.5681595728564837,0.7217330167896595,0.8172460599760287,1.9581874235706402,-0.2061916332330533,3.1436712484871436,-0.2496594146342877,-0.34172467460062167,-0.31693663659725785,False,-0.21519446782476256,-0.2561013217304913,-0.2417614760307234,-0.2618522587637875,False,True,-0.2465551704953185,False,-0.21762434574504017,-0.18300464167963865,False,1
0.6931474352191468,-0.7787961357481313,0.6589876066807947,-0.09557658448104818,0.4249316228003107,0.8274653931200578,-0.5686865014430142,0.09557658448104905,-0.18835044467314024,-1.0301813549668009,-1.2831738417469303,-1.4949144290361405,-0.3670174951250245,-0.2061916332330533,-0.2902757020437465,-0.2496594146342877,-0.34172467460062167,-0.31693663659725785,True,-0.21519446782476256,-0.2561013217304913,-0.2417614760307234,-0.2618522587637875,False,False,-0.2465551704953185,False,-0.21762434574504017,-0.18300464167963865,False,1
-0.7330342910630481,-0.4600122792979732,2.361790868764291,-0.09557658448104818,2.915221783743362,1.8210079811651476,0.42728356531037265,0.09557658448104905,0.7550674478767081,0.22515721209240164,0.3637139349081256,0.47993690371735714,-0.3670174951250245,-0.2061916332330533,-0.2902757020437465,-0.2496594146342877,-0.34172467460062167,-0.31693663659725785,False,-0.21519446782476256,-0.2561013217304913,-0.2417614760307234,-0.2618522587637875,True,False,-0.2465551704953185,False,-0.21762434574504017,-0.18300464167963865,False,1
1.7118486682778575,-0.6746083615795574,-0.3316515558322652,-0.2203442748708784,-0.46145637862304084,-0.11536558110396615,-0.531838474625151,0.22034427487087926,-0.5392512015157229,1.329274300391381,1.4377711805527273,1.426327262386095,-0.3670174951250245,-0.2061916332330533,-0.2902757020437465,-0.2496594146342877,-0.34172467460062167,-0.31693663659725785,True,-0.21519446782476256,-0.2561013217304913,-0.2417614760307234,6.592422786129169,False,False,-0.2465551704953185,False,-0.21762434574504017,-0.18300464167963865,False,1
0.99875780513676,-0.5611636840058182,0.7934515999360972,-0.42829042552059543,0.5771318963901718,0.9267860290708632,-0.29777378249978714,0.42829042552059626,-0.23365226148223636,0.12713865425361467,0.25630821034366547,0.3737841150440583,-0.3670174951250245,-0.2061916332330533,-0.2902757020437465,-0.2496594146342877,-0.34172467460062167,4.3787305262784075,False,-0.21519446782476256,-0.2561013217304913,-0.2417614760307234,-0.2618522587637875,True,False,-0.2465551704953185,False,-0.21762434574504017,-0.18300464167963865,False,1
-0.019943427921950616,-0.7844529221160781,-0.2998522066162201,-0.46987965565053885,-0.43943000265371285,-0.07698984335381219,-0.5792762053496705,0.46987965565053963,-0.5570134250255383,1.329274300391381,1.4377711805527273,1.426327262386095,-0.3670174951250245,-0.2061916332330533,-0.2902757020437465,-0.2496594146342877,-0.34172467460062167,-0.31693663659725785,True,-0.21519446782476256,-0.2561013217304913,-0.2417614760307234,-0.2618522587637875,False,False,-0.2465551704953185,False,-0.21762434574504017,-0.18300464167963865,False,1
-0.019943427921950616,1.2854799148779854,-1.1635909849072859,-0.5114688857804822,-0.8862578593107788,-1.5349313890330825,-0.36744115910358305,0.511468885780483,-0.6953873710086965,-0.7291154142231449,-0.8177490353009362,-0.846951878112884,-0.3670174951250245,-0.2061916332330533,-0.2902757020437465,-0.2496594146342877,-0.34172467460062167,-0.31693663659725785,True,-0.21519446782476256,-0.2561013217304913,3.0785129562804565,-0.2618522587637875,False,False,-0.2465551704953185,False,-0.21762434574504017,-0.18300464167963865,False,1
-0.019943427921950616,0.4807251670620083,-0.9425989062250457,-0.5946473460403691,-0.8018730270499074,-1.0487504612065448,-0.36744115910358305,0.5946473460403698,-0.6725175693349704,1.9658316012984456,1.974799803375028,1.8359313619879052,-0.3670174951250245,-0.2061916332330533,-0.2902757020437465,-0.2496594146342877,-0.34172467460062167,4.3787305262784075,False,-0.21519446782476256,-0.2561013217304913,-0.2417614760307234,-0.2618522587637875,False,False,-0.2465551704953185,False,-0.21762434574504017,-0.18300464167963865,True,1
-0.019943427921950616,0.29727989048378517,-0.8602584790301188,-0.6362365761703125,-0.7651673613298493,-0.8942758613640742,-0.36744115910358305,0.6362365761703133,-0.6633013187080099,3.2535926542838878,2.9414513244551697,2.493033750636901,-0.3670174951250245,-0.2061916332330533,-0.2902757020437465,-0.2496594146342877,-0.34172467460062167,-0.31693663659725785,True,-0.21519446782476256,-0.2561013217304913,-0.2417614760307234,-0.2618522587637875,False,False,3.475839888268786,False,-0.21762434574504017,-0.18300464167963865,False,1
1.2024980517485022,-0.7830401219466322,1.474590032972271,-0.6362365761703125,1.4652066022796433,1.3652543668998585,-0.567183084788204,0.6362365761703133,-0.029587604133373708,-0.9193940961068692,-1.1041643008061632,-1.2349122255551288,-0.3670174951250245,-0.2061916332330533,-0.2902757020437465,-0.2496594146342877,-0.34172467460062167,-0.31693663659725785,False,-0.21519446782476256,-0.2561013217304913,-0.2417614760307234,-0.2618522587637875,False,False,-0.2465551704953185,False,-0.21762434574504017,-0.18300464167963865,True,1
0.6931474352191468,-0.6206175118891515,0.34095383535074664,-1.1353073377296332,0.09528011758367878,0.57063299630341,-0.43499065815970384,1.135307337729634,-0.4782166676333771,1.7473866671621963,1.7957902624342612,1.7033631708733898,-0.3670174951250245,-0.2061916332330533,2.1363877085328635,-0.2496594146342877,-0.34172467460062167,-0.31693663659725785,True,-0.21519446782476256,4.724864241017114,-0.2417614760307234,-0.2618522587637875,False,False,-0.2465551704953185,False,-0.21762434574504017,-0.18300464167963865,False,1
0.896887681830889,-0.6008725835276084,0.6707882671931744,-1.1768965678595766,0.4379837388307841,0.8363837430226864,-0.36744115910358305,1.1768965678595775,-0.4042786202641685,0.12713865425361467,0.25630821034366547,0.3737841150440583,-0.3670174951250245,-0.2061916332330533,-0.2902757020437465,-0.2496594146342877,4.776361499302858,-0.31693663659725785,True,-0.21519446782476256,-0.2561013217304913,-0.2417614760307234,-0.2618522587637875,False,False,-0.2465551704953185,False,-0.21762434574504017,-0.18300464167963865,False,1
-0.019943427921950616,-0.28918312501348764,-0.34079679824895204,-1.21848579798952,-0.46771206783414954,-0.12654105890244424,-0.36744115910358305,1.2184857979895207,-0.6120467398152913,-0.4413189078740118,-0.42392804523124894,-0.36138259827485913,-0.3670174951250245,-0.2061916332330533,-0.2902757020437465,-0.2496594146342877,-0.34172467460062167,-0.31693663659725785,False,-0.21519446782476256,-0.2561013217304913,-0.2417614760307234,-0.2618522587637875,False,False,-0.2465551704953185,False,-0.21762434574504017,-0.18300464167963865,False,1
-1.9554757707335009,0.012583800538633111,-0.6803213397060878,-1.21848579798952,-0.6750080467202622,-0.593523733493154,-0.36744115910358305,1.2184857979895207,-0.6584518389958468,2.054962141759769,2.046403619751335,1.887918816263271,-0.3670174951250245,-0.2061916332330533,-0.2902757020437465,-0.2496594146342877,-0.34172467460062167,-0.31693663659725785,False,-0.21519446782476256,2.946365161550158,-0.2417614760307234,-0.2618522587637875,True,False,-0.2465551704953185,False,-0.21762434574504017,4.375257996567851,False,1
1.9155889148895995,-0.4668794726425225,0.43725032748927456,-1.301664258249407,0.19059380260590827,0.6519681430309453,-0.2781225497497131,1.3016642582494076,-0.4726468636957523,-0.12322803243549628,-0.03010705516156166,0.07826711477503,-0.3670174951250245,-0.2061916332330533,-0.2902757020437465,-0.2496594146342877,-0.34172467460062167,-0.31693663659725785,True,-0.21519446782476256,-0.2561013217304913,-0.2417614760307234,-0.2618522587637875,False,False,-0.2465551704953185,False,-0.21762434574504017,-0.18300464167963865,False,1
0.896887681830889,-0.21182963576082786,-0.45276748657233384,-1.3848427185092937,-0.5414458574810239,-0.26873383677893115,-0.36744115910358305,1.3848427185092944,-0.6346690154561164,-0.9193940961068692,-1.1041643008061632,-1.2349122255551288,-0.3670174951250245,-0.2061916332330533,-0.2902757020437465,-0.2496594146342877,-0.34172467460062167,4.3787305262784075,True,-0.21519446782476256,-0.2561013217304913,-0.2417614760307234,-0.2618522587637875,False,False,-0.2465551704953185,False,-0.21762434574504017,-0.18300464167963865,False,1
0.896887681830889,-0.45247975467964857,0.011392379005425488,-1.3848427185092937,-0.20133678457444973,0.26394786585585134,-0.36744115910358305,1.3848427185092944,-0.5628831500210238,-0.8023476700797098,-0.9251547598653964,-0.9886733544545178,-0.3670174951250245,-0.2061916332330533,-0.2902757020437465,-0.2496594146342877,2.093781614263904,2.0169801897097415,False,-0.21519446782476256,-0.2561013217304913,-0.2417614760307234,-0.2618522587637875,True,False,-0.2465551704953185,False,-0.21762434574504017,-0.18300464167963865,False,1
1.8137187915837285,-0.7845188247450385,-1.135456666335742,-1.4680211787691806,-0.8766585265403622,-1.4660005714421276,-0.5814346253991626,1.4680211787691813,-0.70625936736517,-0.21298448961354258,-0.13751277972602183,-0.037576929259752624,-0.3670174951250245,-0.2061916332330533,-0.2902757020437465,-0.2496594146342877,-0.34172467460062167,-0.31693663659725785,False,-0.21519446782476256,-0.2561013217304913,-0.2417614760307234,-0.2618522587637875,False,False,-0.2465551704953185,False,-0.21762434574504017,-0.18300464167963865,False,1
-0.42742392114543487,-0.7905460336410001,-0.02845532451454158,-1.509610408899124,-0.23409853838108086,0.22343383773583528,-0.5819777538638156,1.5096104088991247,-0.5766113594424098,-0.5758910019694089,-0.6029375861720159,-0.5758366270581611,-0.3670174951250245,-0.2061916332330533,-0.2902757020437465,-0.2496594146342877,-0.34172467460062167,-0.31693663659725785,False,-0.21519446782476256,-0.2561013217304913,-0.2417614760307234,-0.2618522587637875,True,False,-0.2465551704953185,False,-0.21762434574504017,-0.18300464167963865,False,1
-0.019943427921950616,0.2590209574175098,-0.8404177119722264,-1.5511996390290674,-0.7558954476616795,-0.8587859949317096,-0.36744115910358305,1.551199639029068,-0.6829406961238115,0.3593537561577651,0.5069215676607391,0.6178085835875454,-0.3670174951250245,-0.2061916332330533,-0.2902757020437465,-0.2496594146342877,-0.34172467460062167,-0.31693663659725785,True,-0.21519446782476256,-0.2561013217304913,-0.2417614760307234,-0.2618522587637875,False,False,-0.2465551704953185,False,-0.21762434574504017,-0.18300464167963865,False,1
1.9155889148895995,-0.7887962906201077,-0.06391305925613583,-1.6759673294188975,-0.26268817908180997,0.186673755676216,-0.5809562141494675,1.6759673294188981,-0.590355637599367,-0.9866175514828954,-1.2115700253706234,-1.3891637689445544,-0.3670174951250245,-0.2061916332330533,-0.2902757020437465,-0.2496594146342877,-0.34172467460062167,-0.31693663659725785,False,-0.21519446782476256,-0.2561013217304913,-0.2417614760307234,-0.2618522587637875,False,False,-0.2465551704953185,False,-0.21762434574504017,-0.18300464167963865,False,1
1.9155889148895995,-0.7905299431290722,-0.2745515208914771,-1.6759673294188975,-0.42160054426772975,-0.046978556466156424,-0.5820067562233937,1.6759673294188981,-0.6208476248415207,0.4279542283105815,0.5785253840370459,0.6852420646648492,-0.3670174951250245,-0.2061916332330533,-0.2902757020437465,-0.2496594146342877,-0.34172467460062167,-0.31693663659725785,False,-0.21519446782476256,-0.2561013217304913,-0.2417614760307234,-0.2618522587637875,False,False,-0.2465551704953185,False,-0.21762434574504017,-0.18300464167963865,False,1
1.9155889148895995,-0.6521520528126469,-0.3186927972392681,-1.7591457896787843,-0.4525317276390721,-0.09963707199583147,-0.5211586749188662,1.759145789678785,-0.6295372388018811,0.03137339659502974,0.14890248577920528,0.2651528285603192,-0.3670174951250245,-0.2061916332330533,-0.2902757020437465,-0.2496594146342877,-0.34172467460062167,-0.31693663659725785,False,-0.21519446782476256,-0.2561013217304913,-0.2417614760307234,-0.2618522587637875,False,False,-0.2465551704953185,False,-0.21762434574504017,-0.18300464167963865,False,1
0.6931474352191468,1.0744931117302852,-1.1198133455426988,-2.008681170458445,-0.8711767370254732,-1.4286852555455616,-0.36744115910358305,2.0086811704584453,-0.7097920552331908,-0.7291154142231449,-0.8177490353009362,-0.846951878112884,-0.3670174951250245,-0.2061916332330533,-0.2902757020437465,-0.2496594146342877,-0.34172467460062167,-0.31693663659725785,False,-0.21519446782476256,-0.2561013217304913,-0.2417614760307234,-0.2618522587637875,False,False,-0.2465551704953185,False,-0.21762434574504017,-0.18300464167963865,False,1
-0.019943427921950616,-0.6203349058079753,-0.41669457229789064,-2.715698082667483,-0.5182685537583436,-0.22180184647383747,-0.5158567760609781,2.7156980826674837,-0.6629725933134932,-0.8262576886585199,-0.9609566680535497,-1.0368896279222006,-0.3670174951250245,-0.2061916332330533,-0.2902757020437465,-0.2496594146342877,-0.34172467460062167,-0.31693663659725785,False,-0.21519446782476256,-0.2561013217304913,-0.2417614760307234,-0.2618522587637875,False,False,-0.2465551704953185,False,4.490893826890875,-0.18300464167963865,False,1
-0.019943427921950616,-0.7172199733996926,-0.9648431893837864,-2.757287312797426,-0.8112987284782235,-1.092632248636157,-0.5702453205088258,2.757287312797427,-0.7057109340299156,-1.7025410920704083,-2.7510520774612193,-4.460007356487588,-0.3670174951250245,-0.2061916332330533,-0.2902757020437465,-0.2496594146342877,-0.34172467460062167,-0.31693663659725785,False,-0.21519446782476256,-0.2561013217304913,-0.2417614760307234,-0.2618522587637875,False,False,-0.2465551704953185,False,-0.21762434574504017,-0.18300464167963865,False,1
1.6099785449719863,-0.6025684167400669,-0.7399171545143121,1.1936895495471973,-0.7063807497900888,-0.6881712058113973,-0.5364094897010333,-1.1936895495471962,-0.157156051953421,-0.0928084800027693,0.005694853026591727,0.11624960122671975,2.8798174900015354,-0.2061916332330533,-0.2902757020437465,-0.2496594146342877,-0.34172467460062167,-0.31693663659725785,False,-0.21519446782476256,-0.2561013217304913,-0.2417614760307234,-0.2618522587637875,False,True,-0.2465551704953185,False,-0.21762434574504017,-0.18300464167963865,False,1
-0.019943427921950616,-0.6907600050726167,-0.9981830964132603,1.0689218591573673,-0.825035448086122,-1.160276469377737,-0.5670368447981468,-1.0689218591573661,-0.47428180984960255,0.3593537561577651,0.5069215676607391,0.6178085835875454,1.8139064249165822,-0.2061916332330533,-0.2902757020437465,-0.2496594146342877,-0.34172467460062167,-0.31693663659725785,False,-0.21519446782476256,-0.2561013217304913,-0.2417614760307234,-0.2618522587637875,False,False,-0.2465551704953185,True,-0.21762434574504017,-0.18300464167963865,False,1
-0.12181355122782168,0.378836037816534,-0.8992551289583445,1.0689218591573673,-0.7829075235970379,-0.9659378817605128,-0.36744115910358305,-1.0689218591573661,-0.4176974846342753,0.15956114017985457,0.29211011853181884,0.40943814967596037,1.7245119424379152,4.2354876794109675,-0.2902757020437465,-0.2496594146342877,1.8399034709111404,-0.31693663659725785,False,-0.21519446782476256,-0.2561013217304913,-0.2417614760307234,-0.2618522587637875,False,False,-0.2465551704953185,False,-0.21762434574504017,-0.18300464167963865,False,1
-0.019943427921950616,-0.3964836547519582,-0.13386424912438372,1.0689218591573673,-0.31753583960363213,0.11209177800229131,-0.36744115910358305,-1.0689218591573661,0.20736874002415842,-0.5494773165237077,-0.5671356779838624,-0.5321477731865749,-0.3670174951250245,-0.2061916332330533,-0.2902757020437465,-0.2496594146342877,-0.34172467460062167,-0.31693663659725785,False,-0.21519446782476256,-0.2561013217304913,-0.2417614760307234,-0.2618522587637875,False,False,-0.2465551704953185,False,-0.21762434574504017,-0.18300464167963865,False,1
0.4894071886074047,-0.7349862387969125,-0.3233990804124447,1.0689218591573673,-0.4557811141840969,-0.10533484014534628,-0.557727330579938,-1.0689218591573661,0.021683931878194524,0.675942431476146,0.8291387413541197,0.9138480507317281,-0.3670174951250245,-0.2061916332330533,-0.2902757020437465,-0.2496594146342877,-0.34172467460062167,-0.31693663659725785,False,-0.21519446782476256,-0.2561013217304913,-0.2417614760307234,-0.2618522587637875,True,False,-0.2465551704953185,False,-0.21762434574504017,-0.18300464167963865,False,1
-0.5292940444513059,-0.5730580185173243,-0.8665319453249534,0.9857433988974803,-0.7680645242951843,-0.9056308952849839,-0.5396575107674139,-0.9857433988974793,-0.4497343941532689,0.4626300144170234,0.6143272922251993,0.7185958186178509,-0.3670174951250245,-0.2061916332330533,-0.2902757020437465,-0.2496594146342877,-0.34172467460062167,-0.31693663659725785,False,-0.21519446782476256,-0.2561013217304913,-0.2417614760307234,2.381162412749978,False,True,-0.2465551704953185,False,2.8869726325990257,-0.18300464167963865,False,1
-0.019943427921950616,-0.7343061829855159,-0.86928254431225,0.9857433988974803,-0.7693295526447741,-0.9106300835801852,-0.5711666470385687,-0.9857433988974793,-0.4511721186381143,1.2486562272774873,1.3661673641764205,1.368884202507205,1.281388623359944,-0.2061916332330533,-0.2902757020437465,-0.2496594146342877,1.3776913272659,-0.31693663659725785,False,-0.21519446782476256,-0.2561013217304913,-0.2417614760307234,-0.2618522587637875,False,False,-0.2465551704953185,True,-0.21762434574504017,-0.18300464167963865,False,1
-0.22368367453369276,0.31309606637978227,1.9460914245884033,1.1105110892873105,2.1945028871613865,1.6204148512003451,2.16947070013161,-1.1105110892873096,4.013127040355711,0.39352880889082875,0.5427234758488926,0.651647487298748,-0.3670174951250245,-0.2061916332330533,-0.2902757020437465,-0.2496594146342877,-0.34172467460062167,2.5536986406049067,False,-0.21519446782476256,-0.2561013217304913,-0.2417614760307234,-0.2618522587637875,True,False,-0.2465551704953185,False,-0.21762434574504017,-0.18300464167963865,False,1
0.6931474352191468,-0.6659328270251786,0.9982426440608606,1.0273326290274238,0.823579262472216,1.0690963453248576,-0.40364532137849346,-1.0273326290274227,1.533758762342299,-0.21298448961354258,-0.13751277972602183,-0.037576929259752624,1.1151276906649732,-0.2061916332330533,1.8986100602668898,-0.2496594146342877,-0.34172467460062167,-0.31693663659725785,False,3.2109802939297283,-0.2561013217304913,-0.2417614760307234,-0.2618522587637875,False,True,-0.2465551704953185,False,-0.21762434574504017,-0.18300464167963865,False,1
-0.22368367453369276,-0.7353322885705184,0.08250030483142412,0.9857433988974803,-0.1412107312527706,0.33425021264144994,-0.5443475267199551,-0.9857433988974793,0.26269473596665294,-0.0928084800027693,0.005694853026591727,0.11624960122671975,-0.3670174951250245,-0.2061916332330533,-0.2902757020437465,-0.2496594146342877,-0.34172467460062167,-0.31693663659725785,False,-0.21519446782476256,-0.2561013217304913,-0.2417614760307234,-0.2618522587637875,False,True,-0.2465551704953185,False,-0.21762434574504017,-0.18300464167963865,False,1
0.38753706530153365,-0.4402199809886972,-0.023365654241673084,1.2352787796771407,-0.22995122975262178,0.22865496175414424,-0.36744115910358305,-1.2352787796771396,0.9310634501232707,-0.7042039288975783,-0.7819471271127828,-0.8006546926294275,-0.3670174951250245,-0.2061916332330533,-0.2902757020437465,-0.2496594146342877,-0.34172467460062167,-0.31693663659725785,True,-0.21519446782476256,-0.2561013217304913,-0.2417614760307234,3.1983486319718866,False,False,-0.2465551704953185,False,3.8468741777114044,-0.18300464167963865,False,1
0.896887681830889,-0.7795576390534895,-0.9122283321607594,0.9857433988974803,-0.7886671232592878,-0.9903638603532889,-0.5801177358695384,-0.9857433988974793,-0.47314956978292755,2.8530059555813105,2.6550360589499427,2.307822084272819,-0.3670174951250245,-0.2061916332330533,-0.2902757020437465,-0.2496594146342877,-0.34172467460062167,-0.31693663659725785,False,-0.21519446782476256,-0.2561013217304913,-0.2417614760307234,-0.2618522587637875,False,False,5.704001261827254,False,-0.21762434574504017,-0.18300464167963865,False,1
-0.019943427921950616,-0.5850198552730248,0.00014323676184625802,0.9857433988974803,-0.21065334630201685,0.2525942226450041,-0.45303530611297144,-0.9857433988974793,0.18377211895149245,0.9743795220095662,1.1155540068593468,1.1620577635498255,-0.3670174951250245,-0.2061916332330533,-0.2902757020437465,-0.2496594146342877,-0.34172467460062167,-0.31693663659725785,False,-0.21519446782476256,-0.2561013217304913,-0.2417614760307234,-0.2618522587637875,False,False,-0.2465551704953185,True,-0.21762434574504017,-0.18300464167963865,False,1
-0.019943427921950616,-0.7343988154576679,-0.8553954784423796,0.9025649386375936,-0.762910153882542,-0.8855183038621846,-0.5709038503958672,-0.9025649386375925,-0.4827712354987635,-4.762258445368473e-05,0.1131005775910519,0.22837138206155058,-0.3670174951250245,-0.2061916332330533,-0.2902757020437465,-0.2496594146342877,-0.34172467460062167,-0.31693663659725785,True,-0.21519446782476256,-0.2561013217304913,-0.2417614760307234,-0.2618522587637875,False,False,-0.2465551704953185,False,-0.21762434574504017,-0.18300464167963865,False,1
0.896887681830889,-0.5268190754901823,2.122176008047131,0.9857433988974803,2.4908965490225285,1.7078723514968794,0.1365481774471208,-0.9857433988974793,3.2541257855702197,-0.7291154142231449,-0.8177490353009362,-0.846951878112884,-0.3670174951250245,-0.2061916332330533,-0.2902757020437465,-0.2496594146342877,-0.34172467460062167,-0.31693663659725785,False,3.1158888552195707,-0.2561013217304913,-0.2417614760307234,-0.2618522587637875,False,False,-0.2465551704953185,True,-0.21762434574504017,-0.18300464167963865,False,1
-0.8349044143689192,0.6472511597290851,-1.0032554596448948,0.9025649386375936,-0.8270842979229085,-1.170773198650509,-0.36744115910358305,-0.9025649386375925,-0.5459814972418959,-0.2424025752995131,-0.1733146879141752,-0.07684153992782201,1.5540534371378536,-0.2061916332330533,-0.2902757020437465,-0.2496594146342877,-0.34172467460062167,-0.31693663659725785,True,-0.21519446782476256,-0.2561013217304913,-0.2417614760307234,-0.2618522587637875,False,False,-0.2465551704953185,False,-0.21762434574504017,-0.18300464167963865,False,1
-0.8349044143689192,-0.30349282122855936,1.2442574816914036,1.0689218591573673,1.143011322982358,1.2275592476275259,0.23515981162733882,-1.0689218591573661,2.1691097145054266,0.4626300144170234,0.6143272922251993,0.7185958186178509,-0.3670174951250245,-0.2061916332330533,1.419432987084157,-0.2496594146342877,0.8658292022589466,-0.31693663659725785,False,-0.21519446782476256,1.4985713835485888,-0.2417614760307234,-0.2618522587637875,True,False,-0.2465551704953185,False,-0.21762434574504017,4.812057181189313,False,1
1.5081084216661154,1.037535213078023,1.8494960625688792,1.0273326290274238,2.037460779574664,1.570747385115428,3.752557420398272,-1.0273326290274227,3.028320348799383,-0.8262576886585199,-0.9609566680535497,-1.0368896279222006,1.4106246943085263,-0.2061916332330533,-0.2902757020437465,-0.2496594146342877,-0.34172467460062167,1.4599397464668826,True,-0.21519446782476256,-0.2561013217304913,-0.2417614760307234,2.613297450105607,False,False,-0.2465551704953185,False,-0.21762434574504017,-0.18300464167963865,False,1
-0.019943427921950616,-0.6737187174833138,-0.6239198500094538,0.9025649386375936,-0.6439379582752394,-0.507927697462834,-0.5480223506443956,-0.9025649386375925,-0.36558597752691735,0.8982680492560765,1.04395019048304,1.1012356065874827,1.9473602459212809,-0.2061916332330533,-0.2902757020437465,-0.2496594146342877,-0.34172467460062167,-0.31693663659725785,True,-0.21519446782476256,-0.2561013217304913,3.508601207870498,-0.2618522587637875,False,False,-0.2465551704953185,False,-0.21762434574504017,-0.18300464167963865,False,1
1.7118486682778575,-0.5111495121299663,1.923874756372135,0.9441541687675369,2.1580353444247806,1.609101131492882,0.10701897207078818,-0.9441541687675359,2.617865848851204,0.29175475075170515,0.4353177512844324,0.5493833981846884,-0.3670174951250245,-0.2061916332330533,-0.2902757020437465,-0.2496594146342877,2.039312032111601,-0.31693663659725785,False,-0.21519446782476256,-0.2561013217304913,-0.2417614760307234,3.430179758856882,True,False,-0.2465551704953185,False,-0.21762434574504017,-0.18300464167963865,False,1
-0.5292940444513059,-0.5940056783569172,1.2327851471066658,0.9441541687675369,1.127548211744431,1.2204444959293705,-0.2544388216277054,-0.9441541687675359,1.5303557450042196,-0.062138560883353205,0.04149676121474512,0.15392453380635363,-0.3670174951250245,-0.2061916332330533,-0.2902757020437465,-0.2496594146342877,-0.34172467460062167,-0.31693663659725785,False,-0.21519446782476256,-0.2561013217304913,-0.2417614760307234,-0.2618522587637875,False,False,-0.2465551704953185,True,-0.21762434574504017,-0.18300464167963865,False,1
0.1837968186897915,0.48550911272118075,0.6594775536260705,1.1936895495471973,0.42547236040856673,0.8278364697432711,0.8482151297599004,-1.1936895495471962,1.933193157810664,0.9361986022894768,1.0797520986711935,1.1317460683856633,-0.3670174951250245,-0.2061916332330533,-0.2902757020437465,-0.2496594146342877,-0.34172467460062167,-0.31693663659725785,False,-0.21519446782476256,-0.2561013217304913,-0.2417614760307234,-0.2618522587637875,False,False,-0.2465551704953185,True,-0.21762434574504017,4.947647930347018,False,1
1.4062382983602442,-0.45198554357371695,1.1863763805889538,1.0273326290274238,1.0655618226145316,1.191399988736614,-0.03423792619820229,-1.0273326290274227,1.8316938028597034,0.12713865425361467,0.25630821034366547,0.3737841150440583,-0.3670174951250245,-0.2061916332330533,-0.2902757020437465,5.960723480314578,-0.34172467460062167,-0.31693663659725785,False,-0.21519446782476256,-0.2561013217304913,-0.2417614760307234,-0.2618522587637875,True,False,-0.2465551704953185,False,-0.21762434574504017,-0.18300464167963865,False,1
0.5912773119132757,-0.738351313952911,-0.8560355258810146,0.9857433988974803,-0.7632078076118572,-0.8866687284789679,-0.5717027468391395,-0.9857433988974793,-0.44421465975850943,-0.8733266257560728,-1.0325604844298566,-1.1348475355611043,1.7245468640414,4.235561840721336,2.7986223968935278,-0.2496594146342877,-0.34172467460062167,-0.31693663659725785,False,4.619733371003407,-0.2561013217304913,-0.2417614760307234,-0.2618522587637875,False,False,-0.2465551704953185,False,-0.21762434574504017,-0.18300464167963865,True,1
-0.019943427921950616,-0.7341540989532543,-0.7924878394173557,0.9025649386375936,-0.7328124009532824,-0.7755849378351567,-0.5695329933728227,-0.9025649386375925,-0.45312554455909243,-0.0928084800027693,0.005694853026591727,0.11624960122671975,-0.3670174951250245,-0.2061916332330533,-0.2902757020437465,-0.2496594146342877,-0.34172467460062167,-0.31693663659725785,False,-0.21519446782476256,-0.2561013217304913,-0.2417614760307234,-0.2618522587637875,False,False,-0.2465551704953185,True,-0.21762434574504017,-0.18300464167963865,False,1
-0.019943427921950616,-0.6461581810946482,-0.6944913849284485,0.8609757085076502,-0.6826031777132894,-0.6156220367450437,-0.5443303441899409,-0.8609757085076492,-0.4244152907315466,1.0514924615098125,1.1871578232356534,1.2220950965663404,-0.3670174951250245,-0.2061916332330533,-0.2902757020437465,-0.2496594146342877,-0.34172467460062167,-0.31693663659725785,True,-0.21519446782476256,-0.2561013217304913,-0.2417614760307234,-0.2618522587637875,False,False,-0.2465551704953185,False,-0.21762434574504017,-0.18300464167963865,False,1
-0.9367745376747901,-0.47006081743221056,1.802611778667804,0.9441541687675369,1.9626554365022548,1.5461844450935012,0.15967690863363768,-0.9441541687675359,2.411674410631325,0.9743795220095662,1.1155540068593468,1.1620577635498255,-0.3670174951250245,-0.2061916332330533,-0.2902757020437465,-0.2496594146342877,-0.34172467460062167,-0.31693663659725785,False,-0.21519446782476256,-0.2561013217304913,-0.2417614760307234,-0.2618522587637875,True,False,-0.2465551704953185,False,-0.21762434574504017,-0.18300464167963865,False,1
-0.019943427921950616,-0.035613381662725443,-0.640150464426323,0.7362080181178199,-0.6530163970193542,-0.5321832915175131,-0.36744115910358305,-0.7362080181178189,-0.4505406474918292,-0.602054320728421,-0.6387394943601693,-0.6199395994607315,-0.3670174951250245,-0.2061916332330533,-0.2902757020437465,-0.2496594146342877,1.845793655067096,-0.31693663659725785,False,-0.21519446782476256,-0.2561013217304913,-0.2417614760307234,-0.2618522587637875,False,False,-0.2465551704953185,True,-0.21762434574504017,-0.18300464167963865,False,1
-0.7330342910630481,-0.14108441809928246,2.1589783193262106,0.7362080181178199,2.554495229186219,1.7256739067737055,1.2187555261337402,-0.7362080181178189,2.0436715645954884,-0.27157029429879453,-0.2091165961023286,-0.11644032151224208,-0.3670174951250245,-0.2061916332330533,-0.2902757020437465,-0.2496594146342877,-0.34172467460062167,-0.31693663659725785,False,-0.21519446782476256,6.085445465665127,-0.2417614760307234,-0.2618522587637875,False,True,-0.2465551704953185,False,-0.21762434574504017,-0.18300464167963865,False,1
0.5912773119132757,0.784447770686751,2.2829803325379094,0.8609757085076502,2.7729879491900733,1.7845047838716013,4.051087256239818,-0.8609757085076492,2.766543021925484,0.15956114017985457,0.29211011853181884,0.40943814967596037,-0.3670174951250245,-0.2061916332330533,-0.2902757020437465,-0.2496594146342877,-0.34172467460062167,-0.31693663659725785,False,-0.21519446782476256,-0.2561013217304913,-0.2417614760307234,-0.2618522587637875,False,False,-0.2465551704953185,True,-0.21762434574504017,-0.18300464167963865,False,1
-1.1405147842865324,-0.6933264140943938,-0.8895927453702076,0.7362080181178199,-0.7785717009400125,-0.9479390402539283,-0.5639118010325687,-0.7362080181178189,-0.5481744548871604,0.15956114017985457,0.29211011853181884,0.40943814967596037,-0.3670174951250245,-0.2061916332330533,-0.2902757020437465,-0.2496594146342877,-0.34172467460062167,-0.31693663659725785,False,-0.21519446782476256,-0.2561013217304913,-0.2417614760307234,-0.2618522587637875,False,False,-0.2465551704953185,False,-0.21762434574504017,-0.18300464167963865,False,1
-0.019943427921950616,-0.5707364876898556,0.4840983633912197,0.7777972482477633,0.23837714795198198,0.6903628713448554,-0.36744115910358305,-0.7777972482477623,0.29696614099070306,-0.8733266257560728,-1.0325604844298566,-1.1348475355611043,-0.3670174951250245,-0.2061916332330533,-0.2902757020437465,-0.2496594146342877,-0.34172467460062167,-0.31693663659725785,False,-0.21519446782476256,-0.2561013217304913,-0.2417614760307234,-0.2618522587637875,False,False,-0.2465551704953185,False,-0.21762434574504017,-0.18300464167963865,False,1
-0.019943427921950616,-0.45149851738610813,0.008541262272913925,0.7777972482477633,-0.20370313172250593,0.26107640742874894,-0.36744115910358305,-0.7777972482477623,-0.06590079718671901,-0.8964855442748155,-1.06836239261801,-1.184610884272229,-0.3670174951250245,2.096263061711261,-0.2902757020437465,-0.2496594146342877,0.7891764131832435,-0.31693663659725785,False,-0.21519446782476256,-0.2561013217304913,-0.2417614760307234,1.4917213056796739,False,False,-0.2465551704953185,False,-0.21762434574504017,-0.18300464167963865,False,1
-0.42742392114543487,0.24060309338285862,2.0026076186821764,0.8193864783777067,2.2882092420453137,1.6489077828308165,2.063726552749315,-0.8193864783777057,2.139214060206926,-0.7537765328620223,-0.8535509434890896,-0.8937143697372181,3.710669193171772,-0.2061916332330533,-0.2902757020437465,-0.2496594146342877,-0.34172467460062167,-0.31693663659725785,True,-0.21519446782476256,-0.2561013217304913,-0.2417614760307234,-0.2618522587637875,False,False,-0.2465551704953185,False,-0.21762434574504017,-0.18300464167963865,False,1
-0.631164167757177,-0.6895391196628621,1.7132352539596964,0.6946187879878765,1.82261927865041,1.4984995884084213,-0.35893569730368247,-0.6946187879878756,1.364046099363245,0.7859785902760102,0.9365444659185799,1.0084851183525716,-0.3670174951250245,-0.2061916332330533,-0.2902757020437465,-0.2496594146342877,-0.34172467460062167,4.3787305262784075,False,-0.21519446782476256,-0.2561013217304913,-0.2417614760307234,-0.2618522587637875,False,True,-0.2465551704953185,False,-0.21762434574504017,-0.18300464167963865,False,1
-0.019943427921950616,-0.6283168091306408,-0.951297519860951,0.6530295578579332,-0.8055837768753707,-1.0657949763824108,-0.5551642637726589,-0.6530295578579322,-0.5850278926927291,0.6397644452495694,0.7933368331659663,0.8818697203740368,-0.3670174951250245,-0.2061916332330533,-0.2902757020437465,-0.2496594146342877,-0.34172467460062167,-0.31693663659725785,True,-0.21519446782476256,-0.2561013217304913,-0.2417614760307234,-0.2618522587637875,False,False,-0.2465551704953185,False,-0.21762434574504017,-0.18300464167963865,False,1
0.6931474352191468,-0.29136527649964333,1.9100351988475939,0.5698510975980463,2.135423582787799,1.6020206409719575,0.6398866815923819,-0.5698510975980453,1.2911195288588335,0.22515721209240164,0.3637139349081256,0.47993690371735714,-0.3670174951250245,-0.2061916332330533,-0.2902757020437465,-0.2496594146342877,-0.34172467460062167,-0.31693663659725785,False,-0.21519446782476256,-0.2561013217304913,-0.2417614760307234,-0.2618522587637875,False,False,-0.2465551704953185,True,-0.21762434574504017,-0.18300464167963865,False,1
-0.019943427921950616,-0.5683331554026838,0.8462213560772051,0.5698510975980463,0.6389446541779706,0.9644440364041513,-0.2959873709132778,-0.5698510975980453,0.32981379429983726,-0.12322803243549628,-0.03010705516156166,0.07826711477503,-0.3670174951250245,-0.2061916332330533,-0.2902757020437465,-0.2496594146342877,-0.34172467460062167,-0.31693663659725785,False,-0.21519446782476256,-0.2561013217304913,-0.2417614760307234,-0.2618522587637875,False,False,-0.2465551704953185,False,-0.21762434574504017,-0.18300464167963865,False,1
-1.5479952775100165,-0.6979452368103649,-1.0154381116788587,0.5698510975980463,-0.8319608581881899,-1.196213266033651,-0.568619656172322,-0.5698510975980453,-0.6150641301394808,0.4975561672101544,0.6501292004133528,0.7517121772927726,-0.3670174951250245,-0.2061916332330533,-0.2902757020437465,-0.2496594146342877,-0.34172467460062167,-0.31693663659725785,False,-0.21519446782476256,2.906836246545437,-0.2417614760307234,-0.2618522587637875,False,True,-0.2465551704953185,False,-0.21762434574504017,-0.18300464167963865,False,1
1.100627928442631,-0.7129447662939544,0.39946914556700897,0.5698510975980463,0.15273224823700932,0.6204534177378274,-0.5113495661761677,-0.5698510975980453,0.017481448612238184,-1.154863964937978,-1.4979852908758506,-1.8274007512254888,-0.3670174951250245,-0.2061916332330533,-0.2902757020437465,-0.2496594146342877,-0.34172467460062167,-0.31693663659725785,False,-0.21519446782476256,-0.2561013217304913,-0.2417614760307234,-0.2618522587637875,False,True,-0.2465551704953185,False,-0.21762434574504017,-0.18300464167963865,False,1
-0.019943427921950616,-0.03664420248241256,-0.6392494718023233,0.5282618674681029,-0.6525153465750069,-0.5308290107339338,-0.36744115910358305,-0.5282618674681019,-0.5096170284808885,1.090424481289969,1.222959731423807,1.2518257328784423,-0.3670174951250245,-0.2061916332330533,-0.2902757020437465,-0.2496594146342877,-0.34172467460062167,-0.31693663659725785,True,-0.21519446782476256,-0.2561013217304913,-0.2417614760307234,-0.2618522587637875,False,False,-0.2465551704953185,False,-0.21762434574504017,-0.18300464167963865,False,1
0.28566694199566256,-0.7904767602396844,-0.14653387957244046,0.5282618674681029,-0.3272492729702862,0.09827816297120107,-0.5819586743241183,-0.5282618674681019,-0.3093791254655524,0.19223399279278353,0.3279120267199722,0.44482104834136443,2.5000865385981803,-0.2061916332330533,-0.2902757020437465,-0.2496594146342877,-0.34172467460062167,-0.31693663659725785,False,-0.21519446782476256,-0.2561013217304913,-0.2417614760307234,-0.2618522587637875,False,False,-0.2465551704953185,True,-0.21762434574504017,-0.18300464167963865,False,1
-0.019943427921950616,-0.77660285236671,-0.7049964052626919,0.4450834072082161,-0.6881792242424617,-0.632165141911892,-0.5784824162401605,-0.44508340720821515,-0.5472656765105166,2.2362276229226854,2.1896112525039486,1.9901829053773306,-0.3670174951250245,-0.2061916332330533,-0.2902757020437465,-0.2496594146342877,-0.34172467460062167,-0.31693663659725785,False,-0.21519446782476256,-0.2561013217304913,4.089752791989843,-0.2618522587637875,False,False,-0.2465551704953185,False,-0.21762434574504017,-0.18300464167963865,False,1
-0.42742392114543487,-0.16607103581197072,2.4685544784076545,0.48667263733815946,3.112080038521487,1.8694104426550775,1.419644583301985,-0.4866726373381585,1.7061753058358518,0.5327326866899744,0.6859311086015061,0.7845944961420949,-0.3670174951250245,-0.2061916332330533,-0.2902757020437465,-0.2496594146342877,4.776361499302858,-0.31693663659725785,False,-0.21519446782476256,-0.2561013217304913,-0.2417614760307234,-0.2618522587637875,True,False,-0.2465551704953185,False,-0.21762434574504017,-0.18300464167963865,False,1
0.38753706530153365,-0.7147416771490048,0.335887565297848,0.4034941770782727,0.09037379194546585,0.5662600706437847,-0.5166613756936181,-0.40349417707827173,-0.12820762084543086,1.0128108084163447,1.1513559150475001,1.1921732651379484,-0.3670174951250245,-0.2061916332330533,-0.2902757020437465,-0.2496594146342877,-0.34172467460062167,2.7506853962666358,False,-0.21519446782476256,-0.2561013217304913,4.731347858187398,-0.2618522587637875,True,False,-0.2465551704953185,False,-0.21762434574504017,-0.18300464167963865,False,1
-0.019943427921950616,0.3328497330329343,2.4222189349250125,0.4450834072082161,3.026053149853893,1.848548663748595,2.9433434941089573,-0.44508340720821515,1.5633758867301142,-0.8964855442748155,-1.06836239261801,-1.184610884272229,-0.3670174951250245,-0.2061916332330533,-0.2902757020437465,-0.2496594146342877,-0.34172467460062167,-0.31693663659725785,True,-0.21519446782476256,-0.2561013217304913,-0.2417614760307234,-0.2618522587637875,False,False,-0.2465551704953185,False,-0.21762434574504017,-0.18300464167963865,False,1
-0.019943427921950616,0.6456223986582567,-1.002713781982598,0.27872648668844247,-0.8268660185214106,-1.1696495993049012,-0.36744115910358305,-0.2787264866884415,-0.640677173451778,-1.0085246365681926,-1.247371933558777,-1.4417386645125083,-0.3670174951250245,-0.2061916332330533,-0.2902757020437465,-0.2496594146342877,-0.34172467460062167,-0.31693663659725785,False,-0.21519446782476256,-0.2561013217304913,-0.2417614760307234,-0.2618522587637875,False,False,-0.2465551704953185,True,-0.21762434574504017,-0.18300464167963865,False,1
0.4894071886074047,-0.7886859771080996,-0.3865948739653841,0.4450834072082161,-0.49850930702730006,-0.18347379330805302,-0.5812775019240645,-0.44508340720821515,-0.4394842642966063,4.325162073313283,3.6574894882182374,2.926167547594866,-0.3670174951250245,-0.2061916332330533,-0.2902757020437465,-0.2496594146342877,-0.34172467460062167,-0.31693663659725785,True,-0.21519446782476256,-0.2561013217304913,-0.2417614760307234,-0.2618522587637875,False,False,-0.2465551704953185,False,-0.21762434574504017,-0.18300464167963865,False,1
-2.159216017345243,-0.7769199620359479,-0.780303169795121,0.3203157168183859,-0.7267898738301373,-0.7549786966982414,-0.5789794449374506,-0.32031571681838494,-0.5864183457186118,1.619324106920716,1.688384537869801,1.6219705049419677,-0.3670174951250245,-0.2061916332330533,-0.2902757020437465,-0.2496594146342877,-0.34172467460062167,-0.31693663659725785,True,8.592632690883105,-0.2561013217304913,-0.2417614760307234,-0.2618522587637875,False,False,-0.2465551704953185,False,-0.21762434574504017,-0.18300464167963865,False,1
-0.631164167757177,-0.7691305111223573,-0.8647880978653665,0.3203157168183859,-0.7672608592260332,-0.902467984176398,-0.5778906951428558,-0.32031571681838494,-0.6070372006903217,0.06304478246120228,0.18470439396735866,0.3016457901563818,-0.3670174951250245,-0.2061916332330533,-0.2902757020437465,-0.2496594146342877,-0.34172467460062167,-0.31693663659725785,False,-0.21519446782476256,-0.2561013217304913,-0.2417614760307234,-0.2618522587637875,False,True,-0.2465551704953185,False,-0.21762434574504017,-0.18300464167963865,False,1
-0.8349044143689192,-0.7153026445717771,2.1936129117117056,0.3203157168183859,2.6148693272823276,1.742282199835964,-0.3693394821010766,-0.32031571681838494,1.1160651930094763,-0.2424025752995131,-0.1733146879141752,-0.07684153992782201,-0.3670174951250245,-0.2061916332330533,-0.2902757020437465,-0.2496594146342877,-0.34172467460062167,-0.31693663659725785,False,-0.21519446782476256,-0.2561013217304913,-0.2417614760307234,-0.2618522587637875,False,True,-0.2465551704953185,False,-0.21762434574504017,-0.18300464167963865,False,1
0.5912773119132757,-0.7213223192318678,-0.2479049200378349,0.4034941770782727,-0.40253086200959987,-0.015854291879249312,-0.5488836660024328,-0.40349417707827173,-0.3979305811574864,-0.7537765328620223,-0.8535509434890896,-0.8937143697372181,-0.3670174951250245,-0.2061916332330533,-0.2902757020437465,-0.2496594146342877,2.9791039439614533,-0.31693663659725785,True,-0.21519446782476256,-0.2561013217304913,-0.2417614760307234,-0.2618522587637875,False,False,-0.2465551704953185,False,-0.21762434574504017,-0.18300464167963865,False,1
0.38753706530153365,-0.7086226690482554,1.9062037346734264,0.23713725655849904,2.129177815367668,1.6000559392072582,-0.3814635506730782,-0.23713725655849813,0.7651215161274677,-0.8733266257560728,-1.0325604844298566,-1.1348475355611043,-0.3670174951250245,-0.2061916332330533,-0.2902757020437465,-0.2496594146342877,-0.34172467460062167,-0.31693663659725785,False,-0.21519446782476256,-0.2561013217304913,-0.2417614760307234,-0.2618522587637875,True,False,-0.2465551704953185,False,-0.21762434574504017,-0.18300464167963865,False,1
0.5912773119132757,-0.66480783541974,1.8532517785000773,0.23713725655849904,2.0434932284887863,1.5727019257515658,-0.28284105732845627,-0.23713725655849813,0.724283956996633,-0.7537765328620223,-0.8535509434890896,-0.8937143697372181,-0.3670174951250245,-0.2061916332330533,-0.2902757020437465,-0.2496594146342877,-0.34172467460062167,-0.31693663659725785,False,-0.21519446782476256,-0.2561013217304913,-0.2417614760307234,-0.2618522587637875,True,False,-0.2465551704953185,False,-0.21762434574504017,-0.18300464167963865,False,1
-0.019943427921950616,-0.7810045045295823,-0.8188770699913238,0.19554802642855565,-0.7456412766867694,-0.8209612998644418,-0.580050100178145,-0.19554802642855473,-0.609106858065286,1.6617612603145204,1.7241864460579543,1.6492599013627771,-0.3670174951250245,-0.2061916332330533,-0.2902757020437465,-0.2496594146342877,-0.34172467460062167,-0.31693663659725785,False,-0.21519446782476256,3.0304656063327373,3.272023288907472,-0.2618522587637875,False,False,-0.2465551704953185,False,-0.21762434574504017,-0.18300464167963865,False,1
-0.019943427921950616,-0.784283673870472,-0.07779404443112097,0.19554802642855565,-0.27373609333489407,0.17209525277368784,-0.5783631113555395,-0.19554802642855473,-0.3912237647966653,-0.7537765328620223,-0.8535509434890896,-0.8937143697372181,1.434904928234291,-0.2061916332330533,-0.2902757020437465,-0.2496594146342877,-0.34172467460062167,-0.31693663659725785,False,-0.21519446782476256,-0.2561013217304913,-0.2417614760307234,-0.2618522587637875,False,False,-0.2465551704953185,True,-0.21762434574504017,-0.18300464167963865,False,1
-0.019943427921950616,0.0877398612521662,-0.7362348455740986,0.19554802642855565,-0.7044856877134484,-0.6821903404194165,-0.36744115910358305,-0.19554802642855473,-0.5901049327905792,2.5156368452677333,2.4044227016328685,2.1394843379190776,-0.3670174951250245,-0.2061916332330533,-0.2902757020437465,-0.2496594146342877,-0.34172467460062167,-0.31693663659725785,True,-0.21519446782476256,-0.2561013217304913,6.326784000061188,-0.2618522587637875,False,False,-0.2465551704953185,False,-0.21762434574504017,-0.18300464167963865,False,1
-0.22368367453369276,-0.7265429950464751,0.5726513577473415,0.19554802642855565,0.3312252679163835,0.760967173818786,-0.5148182240610746,-0.19554802642855473,-0.11190737381915977,-0.6790420768853226,-0.7461452189246294,-0.7548136444682138,2.340687761416225,-0.2061916332330533,-0.2902757020437465,-0.2496594146342877,2.482622853734262,-0.31693663659725785,False,-0.21519446782476256,-0.2561013217304913,-0.2417614760307234,-0.2618522587637875,False,True,-0.2465551704953185,False,-0.21762434574504017,-0.18300464167963865,False,1
2.1193291615013417,-0.6499292919710052,-0.49759680825161684,0.15395879629861225,-0.5694848387825198,-0.32865000801286154,-0.5329580021858221,-0.15395879629861134,-0.5340711586669755,-0.7291154142231449,-0.8177490353009362,-0.846951878112884,-0.3670174951250245,-0.2061916332330533,-0.2902757020437465,-0.2496594146342877,-0.34172467460062167,-0.31693663659725785,True,-0.21519446782476256,-0.2561013217304913,-0.2417614760307234,-0.2618522587637875,False,False,-0.2465551704953185,False,-0.21762434574504017,-0.18300464167963865,False,1
-0.22368367453369276,-0.7607434619307385,-0.7400330093581491,0.15395879629861225,-0.7064402805359519,-0.6883596721277935,-0.5748318886320458,-0.15395879629861134,-0.5953886129855318,-0.6536298581863779,-0.710343310736476,-0.7094198331749116,-0.3670174951250245,-0.2061916332330533,-0.2902757020437465,-0.2496594146342877,-0.34172467460062167,-0.31693663659725785,True,-0.21519446782476256,-0.2561013217304913,3.9775278810452663,-0.2618522587637875,False,False,-0.2465551704953185,False,-0.21762434574504017,-0.18300464167963865,False,1
0.4894071886074047,-0.28678583887322684,-0.037578430702383404,0.11236956616866883,-0.24150515534554182,0.2140405595706352,-0.2779959608343218,-0.11236956616866793,-0.3974745186629472,0.25833079807870885,0.399515843096279,0.5147897165090117,-0.3670174951250245,-0.2061916332330533,-0.2902757020437465,-0.2496594146342877,2.7513670868650335,-0.31693663659725785,False,-0.21519446782476256,-0.2561013217304913,-0.2417614760307234,-0.2618522587637875,False,False,-0.2465551704953185,True,-0.21762434574504017,-0.18300464167963865,False,1
-0.019943427921950616,-0.13357422633002347,-1.1904877864390653,0.11236956616866883,-0.8951229795488845,-1.603148968247604,-0.518691492222813,-0.11236956616866793,-0.6815042041407064,1.7044487803950137,1.7599883542461077,1.6763901750342367,-0.3670174951250245,-0.2061916332330533,-0.2902757020437465,-0.2496594146342877,-0.34172467460062167,-0.31693663659725785,False,-0.21519446782476256,-0.2561013217304913,-0.2417614760307234,-0.2618522587637875,False,True,-0.2465551704953185,False,-0.21762434574504017,-0.18300464167963865,False,1
-0.019943427921950616,-0.5134305678360148,-1.1233691768351224,0.02919110590878203,-0.8724318435840858,-1.4371058222904936,-0.5504764609980812,-0.02919110590878114,-0.6751962179045249,-4.762258445368473e-05,0.1131005775910519,0.22837138206155058,2.052708815882354,-0.2061916332330533,-0.2902757020437465,-0.2496594146342877,-0.34172467460062167,-0.31693663659725785,False,-0.21519446782476256,-0.2561013217304913,-0.2417614760307234,-0.2618522587637875,False,False,-0.2465551704953185,False,-0.21762434574504017,-0.18300464167963865,True,1
-0.019943427921950616,-0.0786564953780774,1.2055534245527395,-0.05398735435110478,1.0910657863213593,1.2034533870763913,0.5835590284388541,0.05398735435110566,0.08504881610804786,0.09496653501406392,0.22050630215551206,0.3378547569556542,-0.3670174951250245,-0.2061916332330533,-0.2902757020437465,-0.2496594146342877,-0.34172467460062167,-0.31693663659725785,True,-0.21519446782476256,-0.2561013217304913,-0.2417614760307234,3.9811425135075464,False,False,-0.2465551704953185,False,-0.21762434574504017,-0.18300464167963865,False,1
-0.42742392114543487,-0.3360243353697979,0.9656811528117999,-0.17875504474093498,0.7832124558815805,1.047140963872819,0.0537010950239534,0.17875504474093584,-0.08593536832095781,-0.9644600997109092,-1.17576811718247,-1.3371763146691884,-0.3670174951250245,-0.2061916332330533,-0.2902757020437465,-0.2496594146342877,-0.34172467460062167,-0.31693663659725785,True,3.114968587850902,-0.2561013217304913,-0.2417614760307234,-0.2618522587637875,False,False,-0.2465551704953185,False,-0.21762434574504017,-0.18300464167963865,False,1
1.3043681750543732,0.3577556170020202,1.0365334459617508,-0.17875504474093498,0.8716205743836963,1.0946076373376339,1.102445278022961,0.17875504474093584,-0.05407674138862028,-0.15339721818153415,-0.06590896334971505,0.03997201175105678,-0.3670174951250245,-0.2061916332330533,-0.2902757020437465,-0.2496594146342877,1.690878745051625,-0.31693663659725785,False,-0.21519446782476256,2.6974345903864028,-0.2417614760307234,-0.2618522587637875,True,False,-0.2465551704953185,False,3.4845568992664178,-0.18300464167963865,False,1
-0.12181355122782168,-0.7151668117396789,-0.4939050321759986,-0.2619335050008218,-0.5672077877532582,-0.32364681856932753,-0.555596854942316,0.26193350500082263,-0.580153116013587,0.675942431476146,0.8291387413541197,0.9138480507317281,-0.3670174951250245,-0.2061916332330533,-0.2902757020437465,-0.2496594146342877,-0.34172467460062167,2.0193375305682415,True,-0.21519446782476256,-0.2561013217304913,-0.2417614760307234,-0.2618522587637875,False,False,3.152706358255791,False,-0.21762434574504017,-0.18300464167963865,False,1
0.6931474352191468,-0.7804142625120668,-0.0741752784089575,-0.2619335050008218,-0.270863734847002,0.17590620206373953,-0.5761017906910578,0.26193350500082263,-0.4783299671082132,-0.2424025752995131,-0.1733146879141752,-0.07684153992782201,-0.3670174951250245,-0.2061916332330533,-0.2902757020437465,-0.2496594146342877,-0.34172467460062167,-0.31693663659725785,True,-0.21519446782476256,-0.2561013217304913,-0.2417614760307234,-0.2618522587637875,False,False,-0.2465551704953185,False,-0.21762434574504017,-0.18300464167963865,False,1
-2.261086140651114,-0.6734609362902981,0.9971798927422967,-0.3451119652607086,0.8222547033767632,1.0683835836262399,-0.4145268121271107,0.3451119652607095,-0.13086364194458056,-0.4687340600664694,-0.4597299534194023,-0.4034899331809136,-0.3670174951250245,-0.2061916332330533,-0.2902757020437465,-0.2496594146342877,-0.34172467460062167,-0.31693663659725785,False,-0.21519446782476256,-0.2561013217304913,-0.2417614760307234,-0.2618522587637875,True,False,-0.2465551704953185,False,-0.21762434574504017,-0.18300464167963865,False,1
-0.019943427921950616,0.9753132457334653,-1.096573358100207,-0.3451119652607086,-0.8628424326046464,-1.3745140059400025,-0.36744115910358305,0.3451119652607095,-0.6841260844270647,1.16903962091035,1.2945635478001136,1.310723085795716,-0.3670174951250245,-0.2061916332330533,-0.2902757020437465,4.511080393802703,2.944863568950287,-0.31693663659725785,False,-0.21519446782476256,-0.2561013217304913,-0.2417614760307234,-0.2618522587637875,False,True,-0.2465551704953185,False,-0.21762434574504017,-0.18300464167963865,False,1
2.1193291615013417,-0.518875854180323,-0.7927098233359515,-0.3451119652607086,-0.7329215406540313,-0.7759623416697677,-0.5216774341052824,0.3451119652607095,-0.6414695820360398,2.468442724826836,2.368620793444715,2.1149310949154274,2.8360353418040396,-0.2061916332330533,-0.2902757020437465,-0.2496594146342877,-0.34172467460062167,-0.31693663659725785,False,-0.21519446782476256,-0.2561013217304913,-0.2417614760307234,-0.2618522587637875,True,False,4.411855169816594,False,-0.21762434574504017,-0.18300464167963865,False,1
0.4894071886074047,-0.6410635559713929,2.082177128291281,-0.3451119652607086,2.422421308593557,1.6883416188609066,-0.18243369675777224,0.3451119652607095,0.39451383658607847,-0.2424025752995131,-0.1733146879141752,-0.07684153992782201,-0.3670174951250245,-0.2061916332330533,-0.2902757020437465,-0.2496594146342877,-0.34172467460062167,-0.31693663659725785,False,-0.21519446782476256,-0.2561013217304913,-0.2417614760307234,-0.2618522587637875,False,False,-0.2465551704953185,True,-0.21762434574504017,-0.18300464167963865,False,1
-0.12181355122782168,-0.5372423325529577,0.3170251790364581,-0.42829042552059543,0.07220203177077025,0.5498937772328225,-0.36744115910358305,0.42829042552059626,-0.39237968373629983,-0.031218275077248,0.0772986694028985,0.19129685321871076,-0.3670174951250245,-0.2061916332330533,-0.2902757020437465,-0.2496594146342877,4.776361499302858,-0.31693663659725785,False,-0.21519446782476256,-0.2561013217304913,-0.2417614760307234,-0.2618522587637875,False,False,-0.2465551704953185,True,-0.21762434574504017,-0.18300464167963865,False,1
-0.22368367453369276,-0.6182806007137713,0.9811284815418931,-0.46987965565053885,0.8023069426171533,1.0575870152413753,-0.33837552938839816,0.46987965565053963,-0.1747989517142665,-0.8499173405506408,-0.9967585762417032,-1.085610793013382,-0.3670174951250245,-0.2061916332330533,-0.2902757020437465,-0.2496594146342877,-0.34172467460062167,4.3787305262784075,False,-0.21519446782476256,-0.2561013217304913,-0.2417614760307234,-0.2618522587637875,False,True,-0.2465551704953185,False,-0.21762434574504017,-0.18300464167963865,False,1
0.6931474352191468,-0.2935963363563274,0.7481885130402844,-0.5114688857804822,0.5250474546554927,0.8939052229355657,0.013473715700110567,0.511468885780483,-0.26984416641930276,2.2362276229226854,2.1896112525039486,1.9901829053773306,-0.3670174951250245,-0.2061916332330533,-0.2902757020437465,-0.2496594146342877,-0.34172467460062167,-0.31693663659725785,False,-0.21519446782476256,2.1610661536971247,-0.2417614760307234,-0.2618522587637875,True,False,-0.2465551704953185,False,-0.21762434574504017,-0.18300464167963865,False,1
-0.9367745376747901,-0.07621099185078456,1.5346326503222882,-0.5946473460403691,1.5528705864584709,1.3996308626637164,0.8434874289803854,0.5946473460403698,0.00965179953205306,-0.15339721818153415,-0.06590896334971505,0.03997201175105678,-0.3670174951250245,-0.2061916332330533,-0.2902757020437465,-0.2496594146342877,-0.34172467460062167,-0.31693663659725785,True,-0.21519446782476256,-0.2561013217304913,-0.2417614760307234,-0.2618522587637875,False,False,-0.2465551704953185,False,-0.21762434574504017,-0.18300464167963865,False,1
0.38753706530153365,-0.40572162756757196,-0.11210221978974352,-0.5946473460403691,-0.30069359941987794,0.13559646821325722,-0.36744115910358305,0.5946473460403698,-0.5273258584946867,-0.12322803243549628,-0.03010705516156166,0.07826711477503,-0.3670174951250245,-0.2061916332330533,-0.2902757020437465,-0.2496594146342877,-0.34172467460062167,-0.31693663659725785,False,-0.21519446782476256,-0.2561013217304913,-0.2417614760307234,-0.2618522587637875,False,False,-0.2465551704953185,True,-0.21762434574504017,-0.18300464167963865,False,1
0.99875780513676,-0.4183960805572628,-0.08093720210742793,-0.6362365761703125,-0.27622646287016495,0.16877921627815282,-0.36744115910358305,0.6362365761703133,-0.5243790760591099,2.328362563624278,2.2612150688802553,2.0404842466602306,-0.3670174951250245,-0.2061916332330533,-0.2902757020437465,-0.2496594146342877,-0.34172467460062167,-0.31693663659725785,False,-0.21519446782476256,-0.2561013217304913,-0.2417614760307234,-0.2618522587637875,False,False,-0.2465551704953185,False,-0.21762434574504017,-0.18300464167963865,True,1
-0.019943427921950616,-0.7768120734847694,-0.9876452187728004,-0.6362365761703125,-0.8207442734884938,-1.138645448165889,-0.5799739401034959,0.6362365761703133,-0.6790923259665619,-0.5228132643913174,-0.5313337697957091,-0.48886533314690633,-0.3670174951250245,-0.2061916332330533,-0.2902757020437465,-0.2496594146342877,1.6225835447651302,-0.31693663659725785,False,-0.21519446782476256,2.5981961827751987,-0.2417614760307234,-0.2618522587637875,False,False,-0.2465551704953185,False,-0.21762434574504017,-0.18300464167963865,False,1
1.3043681750543732,-0.4792710984129025,0.672662697119654,-0.6778258063002559,0.44006235404050226,0.8377966592480328,-0.22948127582413463,0.6778258063002567,-0.32868575826272256,0.15956114017985457,0.29211011853181884,0.40943814967596037,-0.3670174951250245,-0.2061916332330533,-0.2902757020437465,-0.2496594146342877,-0.34172467460062167,-0.31693663659725785,False,-0.21519446782476256,-0.2561013217304913,-0.2417614760307234,-0.2618522587637875,False,False,-0.2465551704953185,True,4.695603898018795,-0.18300464167963865,False,1
-0.22368367453369276,1.521375405230028,-0.961297959443195,-0.7194150364301992,-0.8098104598316472,-1.0855731184910915,-0.20596634508296713,0.7194150364302,-0.6781932000114969,-0.6536298581863779,-0.710343310736476,-0.7094198331749116,1.4192627495371797,3.58724481896704,-0.2902757020437465,-0.2496594146342877,1.5215047820535978,-0.31693663659725785,True,-0.21519446782476256,-0.2561013217304913,-0.2417614760307234,-0.2618522587637875,False,False,-0.2465551704953185,False,3.176059381677944,-0.18300464167963865,False,1
-0.019943427921950616,-0.6084863254138291,-1.1157419797291308,-0.7610042665601426,-0.8697331164382943,-1.4190875562699705,-0.5609430051991579,0.7610042665601434,-0.6953338202303654,-0.9193940961068692,-1.1041643008061632,-1.2349122255551288,-0.3670174951250245,-0.2061916332330533,-0.2902757020437465,-0.2496594146342877,-0.34172467460062167,-0.31693663659725785,False,-0.21519446782476256,-0.2561013217304913,-0.2417614760307234,-0.2618522587637875,True,False,-0.2465551704953185,False,-0.21762434574504017,-0.18300464167963865,False,1
1.100627928442631,-0.10207011870544513,-0.5779890260929379,-0.7610042665601426,-0.6176452121857262,-0.4408525030677728,-0.36744115910358305,0.7610042665601434,-0.6276152030420269,1.5352009001931748,1.6167807214934942,1.5669068001401332,-0.3670174951250245,-0.2061916332330533,-0.2902757020437465,-0.2496594146342877,-0.34172467460062167,-0.31693663659725785,False,-0.21519446782476256,-0.2561013217304913,-0.2417614760307234,-0.2618522587637875,False,False,-0.2465551704953185,False,-0.21762434574504017,-0.18300464167963865,True,1
-0.019943427921950616,-0.7880502819748225,-0.9248179634899516,-0.9689504172098596,-0.7941885999380855,-1.0143588292627896,-0.5816504102506149,0.9689504172098604,-0.6800858593638345,-0.5758910019694089,-0.6029375861720159,-0.5758366270581611,-0.3670174951250245,-0.2061916332330533,-0.2902757020437465,-0.2496594146342877,-0.34172467460062167,-0.31693663659725785,False,-0.21519446782476256,-0.2561013217304913,-0.2417614760307234,-0.2618522587637875,False,False,-0.2465551704953185,False,-0.21762434574504017,-0.18300464167963865,False,1
1.3043681750543732,-0.47434998443748616,-0.006337188659252946,-0.9689504172098596,-0.21599623074322546,0.24602396302206533,-0.38491722704561604,0.9689504172098604,-0.5377088493498795,0.06304478246120228,0.18470439396735866,0.3016457901563818,-0.3670174951250245,-0.2061916332330533,-0.2902757020437465,-0.2496594146342877,2.675174707419074,-0.31693663659725785,False,-0.21519446782476256,-0.2561013217304913,-0.2417614760307234,-0.2618522587637875,True,False,-0.2465551704953185,False,-0.21762434574504017,-0.18300464167963865,False,1
0.6931474352191468,-0.25003769806681564,-0.40046534067009554,-1.0105396473398032,-0.5076621592037438,-0.20104404258276992,-0.36744115910358305,1.0105396473398038,-0.6115966608956354,-1.0515877066787198,-1.3189757499350836,-1.5487049558982227,-0.3670174951250245,-0.2061916332330533,-0.2902757020437465,-0.2496594146342877,-0.34172467460062167,-0.31693663659725785,False,-0.21519446782476256,-0.2561013217304913,-0.2417614760307234,-0.2618522587637875,False,False,-0.2465551704953185,False,7.061975595484174,-0.18300464167963865,False,1
-0.019943427921950616,-0.7839283775094724,-0.9077405881370536,-1.0105396473398032,-0.7866827650638528,-0.9818802441968304,-0.5808899039327885,1.0105396473398038,-0.679177752958212,3.304792641711811,2.977253232643323,2.515675297757548,-0.3670174951250245,-0.2061916332330533,-0.2902757020437465,-0.2496594146342877,-0.34172467460062167,4.3787305262784075,False,-0.21519446782476256,-0.2561013217304913,-0.2417614760307234,-0.2618522587637875,False,True,-0.2465551704953185,False,-0.21762434574504017,-0.18300464167963865,False,1
1.7118486682778575,-0.7874683197864484,-0.84109129453741,-1.0105396473398032,-0.7562129449729491,-0.8599804972964309,-0.581450652698921,1.0105396473398038,-0.671797711221345,-0.12322803243549628,-0.03010705516156166,0.07826711477503,-0.3670174951250245,-0.2061916332330533,-0.2902757020437465,-0.2496594146342877,-0.34172467460062167,-0.31693663659725785,False,-0.21519446782476256,-0.2561013217304913,-0.2417614760307234,-0.2618522587637875,False,False,-0.2465551704953185,False,-0.21762434574504017,-0.18300464167963865,False,1
-0.019943427921950616,1.0891349117049032,-1.1230875328008865,-1.1768965678595766,-0.872332625674314,-1.436437555375435,-0.36744115910358305,1.1768965678595775,-0.7021176245447419,-0.8262576886585199,-0.9609566680535497,-1.0368896279222006,-0.3670174951250245,-0.2061916332330533,-0.2902757020437465,-0.2496594146342877,-0.34172467460062167,-0.31693663659725785,False,-0.21519446782476256,-0.2561013217304913,-0.2417614760307234,-0.2618522587637875,False,False,-0.2465551704953185,False,-0.21762434574504017,-0.18300464167963865,False,1
-0.42742392114543487,-0.5350812329016984,-0.8734702988684186,-1.1768965678595766,-0.7712494191988575,-0.918265572372536,-0.5328812219349306,1.1768965678595775,-0.679141095836342,0.29175475075170515,0.4353177512844324,0.5493833981846884,-0.3670174951250245,-0.2061916332330533,-0.2902757020437465,-0.2496594146342877,-0.34172467460062167,-0.31693663659725785,False,-0.21519446782476256,-0.2561013217304913,-0.2417614760307234,-0.2618522587637875,False,False,-0.2465551704953185,False,-0.21762434574504017,-0.18300464167963865,False,1
-0.019943427921950616,0.8978705629864161,-1.0770206319116535,-1.1768965678595766,-0.8556540950416832,-1.3300565632639616,-0.36744115910358305,1.1768965678595775,-0.6983265424129378,-0.8023476700797098,-0.9251547598653964,-0.9886733544545178,3.184755619049475,-0.2061916332330533,-0.2902757020437465,-0.2496594146342877,3.363051386970768,-0.31693663659725785,True,-0.21519446782476256,-0.2561013217304913,-0.2417614760307234,-0.2618522587637875,False,False,-0.2465551704953185,False,-0.21762434574504017,-0.18300464167963865,False,1
1.5081084216661154,0.019949017555105166,-0.6861423975540499,-1.1768965678595766,-0.6781383717735607,-0.6025719382254526,-0.36744115910358305,1.1768965678595775,-0.6579766637923707,-0.062138560883353205,0.04149676121474512,0.15392453380635363,-0.3670174951250245,-0.2061916332330533,-0.2902757020437465,2.523441523247685,-0.34172467460062167,-0.31693663659725785,False,-0.21519446782476256,-0.2561013217304913,-0.2417614760307234,-0.2618522587637875,False,False,-0.2465551704953185,False,-0.21762434574504017,-0.18300464167963865,False,1
-0.019943427921950616,0.9679101559533407,-1.0947602232641729,-1.1768965678595766,-0.8621826335046643,-1.3703492603059984,-0.36744115910358305,1.1768965678595775,-0.6998104996067076,-0.8262576886585199,-0.9609566680535497,-1.0368896279222006,-0.3670174951250245,-0.2061916332330533,-0.2902757020437465,-0.2496594146342877,-0.34172467460062167,-0.31693663659725785,False,-0.21519446782476256,-0.2561013217304913,-0.2417614760307234,-0.2618522587637875,False,False,-0.2465551704953185,False,-0.21762434574504017,-0.18300464167963865,False,1
-0.019943427921950616,-0.610137584096222,-1.1662292026343701,-1.2600750281194635,-0.8871408987077474,-1.5415197733926833,-0.5635738657819707,1.2600750281194641,-0.7063822258849877,-0.9644600997109092,-1.17576811718247,-1.3371763146691884,2.8360353418040396,-0.2061916332330533,-0.2902757020437465,-0.2496594146342877,-0.34172467460062167,-0.31693663659725785,False,-0.21519446782476256,-0.2561013217304913,-0.2417614760307234,-0.2618522587637875,True,False,4.411855169816594,False,-0.21762434574504017,-0.18300464167963865,False,1
-0.42742392114543487,1.2566078226505293,-1.158002606162634,-1.2600750281194635,-0.8843776799206042,-1.5210474832773575,-0.36744115910358305,1.2600750281194641,-0.7057728865232805,0.09496653501406392,0.22050630215551206,0.3378547569556542,-0.3670174951250245,-0.2061916332330533,-0.2902757020437465,-0.2496594146342877,-0.34172467460062167,2.336690270624839,False,-0.21519446782476256,-0.2561013217304913,-0.2417614760307234,-0.2618522587637875,False,False,-0.2465551704953185,False,-0.21762434574504017,-0.18300464167963865,False,1
-0.019943427921950616,-0.2608228869412836,-0.38468743034881203,-1.301664258249407,-0.49724427867771026,-0.18106969270872594,-0.36744115910358305,1.3016642582494076,-0.6220969143616231,-0.7291154142231449,-0.8177490353009362,-0.846951878112884,1.6389937705217796,-0.2061916332330533,-0.2902757020437465,-0.2496594146342877,-0.34172467460062167,1.6882104415243668,False,4.421966072214315,-0.2561013217304913,-0.2417614760307234,-0.2618522587637875,False,False,-0.2465551704953185,False,-0.21762434574504017,-0.18300464167963865,False,1
1.100627928442631,0.2850134654743232,0.3138584616101221,-1.301664258249407,0.06916596373175476,0.5471328257749266,0.32624527877559995,1.3016642582494076,-0.49903010295770683,3.6702028209345685,3.2278665899603967,2.6711542089959717,-0.3670174951250245,-0.2061916332330533,-0.2902757020437465,-0.2496594146342877,-0.34172467460062167,-0.31693663659725785,True,-0.21519446782476256,-0.2561013217304913,-0.2417614760307234,-0.2618522587637875,False,False,-0.2465551704953185,False,-0.21762434574504017,-0.18300464167963865,False,1
-0.019943427921950616,0.8128014819645935,-1.053930255405895,-1.3432534883793503,-0.8469576452501896,-1.2788076153960695,-0.36744115910358305,1.343253488379351,-0.6986244810896439,0.4626300144170234,0.6143272922251993,0.7185958186178509,-0.3670174951250245,-0.2061916332330533,-0.2902757020437465,-0.2496594146342877,-0.34172467460062167,-0.31693663659725785,False,-0.21519446782476256,-0.2561013217304913,-0.2417614760307234,-0.2618522587637875,False,False,-0.2465551704953185,False,-0.21762434574504017,-0.18300464167963865,False,1
-0.019943427921950616,-0.735441907886296,-0.9536009864215329,-1.3848427185092937,-0.8065610732866225,-1.070333150680312,-0.5729854050722385,1.3848427185092944,-0.6906261383989792,-0.4413189078740118,-0.42392804523124894,-0.36138259827485913,-0.3670174951250245,-0.2061916332330533,-0.2902757020437465,-0.2496594146342877,-0.34172467460062167,-0.31693663659725785,False,-0.21519446782476256,-0.2561013217304913,4.270437121932335,-0.2618522587637875,False,False,-0.2465551704953185,False,5.072561778353882,-0.18300464167963865,False,1
-0.019943427921950616,0.4046446845200611,-0.9107564800687752,-1.3848427185092937,-0.7880172459502828,-0.9875774743946015,-0.36744115910358305,1.3848427185092944,-0.6867121449190589,-0.4413189078740118,-0.42392804523124894,-0.36138259827485913,-0.3670174951250245,-0.2061916332330533,-0.2902757020437465,-0.2496594146342877,-0.34172467460062167,-0.31693663659725785,False,-0.21519446782476256,3.8990521718775604,-0.2417614760307234,-0.2618522587637875,False,False,-0.2465551704953185,False,-0.21762434574504017,-0.18300464167963865,False,1
0.7950175585250179,-0.09317435365726115,0.22942698159741515,-1.3848427185092937,-0.010223246772109201,0.47206554564346065,-0.03603492942210886,1.3848427185092944,-0.5225453531188168,1.2888400804910896,1.4019692723645738,1.3976943797069663,-0.3670174951250245,-0.2061916332330533,-0.2902757020437465,-0.2496594146342877,-0.34172467460062167,-0.31693663659725785,False,-0.21519446782476256,-0.2561013217304913,-0.2417614760307234,-0.2618522587637875,False,False,-0.2465551704953185,False,-0.21762434574504017,-0.18300464167963865,True,1
1.2024980517485022,-0.5772775572453269,-0.13005730979118557,-1.509610408899124,-0.314603950369877,0.11622372746466335,-0.4653914543631904,1.5096104088991247,-0.5929051068622823,-0.49589884557223796,-0.4955318616075557,-0.44598181527937314,-0.3670174951250245,-0.2061916332330533,-0.2902757020437465,-0.2496594146342877,-0.34172467460062167,-0.31693663659725785,False,-0.21519446782476256,-0.2561013217304913,-0.2417614760307234,-0.2618522587637875,True,False,-0.2465551704953185,False,-0.21762434574504017,-0.18300464167963865,False,1
0.5912773119132757,0.23142403354915095,-0.8254198278604874,-1.5511996390290674,-0.7487765626355566,-0.832374078208026,-0.36744115910358305,1.551199639029068,-0.6815193527075534,0.19223399279278353,0.3279120267199722,0.44482104834136443,-0.3670174951250245,-0.2061916332330533,-0.2902757020437465,-0.2496594146342877,-0.34172467460062167,-0.31693663659725785,True,-0.21519446782476256,-0.2561013217304913,-0.2417614760307234,-0.2618522587637875,False,False,-0.2465551704953185,False,-0.21762434574504017,4.975134131391793,False,1
-0.7330342910630481,-0.39332869158125305,-1.0969419038118322,-1.634378099288954,-0.8629763767828382,-1.3753616210511324,-0.5338553485675197,1.6343780992889547,-0.7051431072604673,-0.413653388994865,-0.38812613704309556,-0.3196529127137438,-0.3670174951250245,-0.2061916332330533,-0.2902757020437465,3.2274324660060243,2.0586941166986756,-0.31693663659725785,False,-0.21519446782476256,-0.2561013217304913,-0.2417614760307234,-0.2618522587637875,False,False,-0.2465551704953185,False,-0.21762434574504017,-0.18300464167963865,False,1
-0.019943427921950616,1.0812514084996854,-1.1213294032201608,-1.717556559548841,-0.8717125137382407,-1.4322710611575207,-0.36744115910358305,1.7175565595488416,-0.7075785343952193,-0.3291546322372901,-0.2807204124786354,-0.19666349422353416,-0.3670174951250245,-0.2061916332330533,-0.2902757020437465,-0.2496594146342877,-0.34172467460062167,-0.31693663659725785,False,-0.21519446782476256,-0.2561013217304913,-0.2417614760307234,-0.2618522587637875,False,False,-0.2465551704953185,False,-0.21762434574504017,-0.18300464167963865,False,1
1.8137187915837285,-0.7818524037740291,-0.02604275744071708,-1.717556559548841,-0.23213402376760023,0.22591042935567324,-0.5766682061656028,1.7175565595488416,-0.58643004322907,-0.602054320728421,-0.6387394943601693,-0.6199395994607315,-0.3670174951250245,-0.2061916332330533,-0.2902757020437465,-0.2496594146342877,-0.34172467460062167,-0.31693663659725785,False,-0.21519446782476256,-0.2561013217304913,-0.2417614760307234,-0.2618522587637875,False,False,-0.2465551704953185,False,-0.21762434574504017,-0.18300464167963865,False,1
-0.019943427921950616,0.3228478836539092,-1.1056278634986598,-1.7591457896787843,-0.8661166236271141,-1.395444001891483,-0.4495830403373774,1.759145789678785,-0.7068865306113619,0.32542907011139055,0.4711196594725858,0.5837217736103729,3.184755619049475,-0.2061916332330533,-0.2902757020437465,-0.2496594146342877,3.363051386970768,-0.31693663659725785,False,-0.21519446782476256,-0.2561013217304913,-0.2417614760307234,-0.2618522587637875,False,False,-0.2465551704953185,False,-0.21762434574504017,-0.18300464167963865,False,1
1.7118486682778575,-0.768211585692235,-1.1406177148017291,-2.0918596307183317,-0.8784444489162537,-1.4784673174248744,-0.5796583190373114,2.091859630718332,-0.7116192951893071,-0.7291154142231449,-0.8177490353009362,-0.846951878112884,-0.3670174951250245,-0.2061916332330533,-0.2902757020437465,-0.2496594146342877,-0.34172467460062167,-0.31693663659725785,False,-0.21519446782476256,-0.2561013217304913,6.326784000061188,-0.2618522587637875,False,False,-0.2465551704953185,False,-0.21762434574504017,-0.18300464167963865,False,1
0.6931474352191468,-0.6796111327978064,-0.2509408203110207,-2.0918596307183317,-0.4047186169200669,-0.019375782245254537,-0.5291115232056983,2.091859630718332,-0.6311691971686111,0.15956114017985457,0.29211011853181884,0.40943814967596037,-0.3670174951250245,-0.2061916332330533,-0.2902757020437465,-0.2496594146342877,-0.34172467460062167,-0.31693663659725785,False,-0.21519446782476256,-0.2561013217304913,-0.2417614760307234,2.244195865685064,False,False,-0.2465551704953185,False,-0.21762434574504017,-0.18300464167963865,False,1
-0.631164167757177,-0.5072669972479035,-0.37183692631026477,-2.133448860848275,-0.4886817730644084,-0.1649487175247748,-0.4653914543631904,2.133448860848276,-0.646452712604924,0.12713865425361467,0.25630821034366547,0.3737841150440583,-0.3670174951250245,-0.2061916332330533,-0.2902757020437465,-0.2496594146342877,4.776361499302858,-0.31693663659725785,False,-0.21519446782476256,-0.2561013217304913,-0.2417614760307234,-0.2618522587637875,False,False,-0.2465551704953185,False,-0.21762434574504017,-0.18300464167963865,False,1
1.8137187915837285,1.374016356788578,0.6540110230254821,-2.133448860848275,0.41944487238993305,0.8236922819383428,1.8338385044111631,2.133448860848276,-0.4939833764511592,5.134847938065867,4.158716202852385,3.2070269461937633,-0.3670174951250245,-0.2061916332330533,-0.2902757020437465,-0.2496594146342877,1.8053439206149373,-0.31693663659725785,True,-0.21519446782476256,2.863761677827223,-0.2417614760307234,-0.2618522587637875,False,False,-0.2465551704953185,False,-0.21762434574504017,4.257683503404814,False,1
-0.019943427921950616,-0.7746443012830169,-1.066606796798984,-2.2166273211081617,-0.8517597920831421,-1.3067790163676956,-0.5800281751239229,2.216627321108162,-0.7080376038952171,-0.3575712511765041,-0.31652232066678876,-0.2372998114910998,-0.3670174951250245,-0.2061916332330533,-0.2902757020437465,-0.2496594146342877,-0.34172467460062167,-0.31693663659725785,False,-0.21519446782476256,-0.2561013217304913,-0.2417614760307234,-0.2618522587637875,False,False,-0.2465551704953185,False,-0.21762434574504017,-0.18300464167963865,False,1
0.7950175585250179,-0.6442202760839322,-0.4713612984905207,-2.3413950114979922,-0.553178375311533,-0.2933658676106355,-0.5291115232056983,2.3413950114979927,-0.661491356047455,-0.5758910019694089,-0.6029375861720159,-0.5758366270581611,1.9386300604541542,-0.2061916332330533,-0.2902757020437465,-0.2496594146342877,-0.34172467460062167,-0.31693663659725785,False,-0.21519446782476256,-0.2561013217304913,-0.2417614760307234,3.4672907248932767,False,False,-0.2465551704953185,False,-0.21762434574504017,-0.18300464167963865,False,1
-0.019943427921950616,-0.7893464788999982,-0.8996105729534227,-2.5909303922776523,-0.7830662722526726,-0.966603119314494,-0.5818644804971614,2.5909303922776528,-0.7002903903414709,-0.4413189078740118,-0.42392804523124894,-0.36138259827485913,-0.3670174951250245,-0.2061916332330533,-0.2902757020437465,-0.2496594146342877,-0.34172467460062167,-0.31693663659725785,False,-0.21519446782476256,-0.2561013217304913,-0.2417614760307234,-0.2618522587637875,False,False,-0.2465551704953185,False,-0.21762434574504017,-0.18300464167963865,False,1
1.100627928442631,1.0565849453586105,-1.1157559370142471,-2.5909303922776523,-0.8697380773337828,-1.4191203794759397,-0.36744115910358305,2.5909303922776528,-0.7132252407344811,-1.3070869104449574,-1.7844005563810776,-2.311247080200731,-0.3670174951250245,5.480968176141349,-0.2902757020437465,-0.2496594146342877,-0.34172467460062167,-0.31693663659725785,False,-0.21519446782476256,-0.2561013217304913,-0.2417614760307234,-0.2618522587637875,False,False,-0.2465551704953185,False,4.870221976060134,-0.18300464167963865,False,1
-0.019943427921950616,-0.7544094768515486,-0.9086590130569462,-2.632519622407596,-0.7870895584939169,-0.9836134802325187,-0.5755695335511272,2.6325196224075964,-0.7012377935413688,-0.8499173405506408,-0.9967585762417032,-1.085610793013382,-0.3670174951250245,-0.2061916332330533,-0.2902757020437465,-0.2496594146342877,2.154615542616935,-0.31693663659725785,False,-0.21519446782476256,-0.2561013217304913,-0.2417614760307234,-0.2618522587637875,False,False,-0.2465551704953185,False,-0.21762434574504017,-0.18300464167963865,False,1
-0.019943427921950616,-0.7505311425436563,-0.5768390253060323,-2.674108852537539,-0.6169754912947668,-0.4392018695825603,-0.5695580193082573,2.67410885253754,-0.676692894706574,-1.3940893340694236,-1.9634100973218447,-2.6413733573220863,-0.3670174951250245,-0.2061916332330533,-0.2902757020437465,-0.2496594146342877,-0.34172467460062167,-0.31693663659725785,False,-0.21519446782476256,-0.2561013217304913,-0.2417614760307234,-0.2618522587637875,False,False,-0.2465551704953185,False,-0.21762434574504017,-0.18300464167963865,False,1
-0.019943427921950616,0.1808727936234638,-0.7963078188792222,-2.9236442333171997,-0.7346876194479685,-0.7820894777502777,-0.36744115910358305,2.9236442333172006,-0.696249263698209,-1.2329783711849807,-1.6411929236284641,-2.063037367382634,-0.3670174951250245,-0.2061916332330533,-0.2902757020437465,-0.2496594146342877,-0.34172467460062167,-0.31693663659725785,False,-0.21519446782476256,-0.2561013217304913,-0.2417614760307234,-0.2618522587637875,False,False,-0.2465551704953185,False,-0.21762434574504017,-0.18300464167963865,False,1
-0.019943427921950616,1.2036280540971536,-1.1474341518908004,1.1521003194172539,-0.880785991586867,-1.4950537686996164,-0.36744115910358305,-1.152100319417253,-0.5077357706909144,-0.031218275077248,0.0772986694028985,0.19129685321871076,-0.3670174951250245,-0.2061916332330533,-0.2902757020437465,-0.2496594146342877,2.036994875976175,-0.31693663659725785,False,-0.21519446782476256,-0.2561013217304913,-0.2417614760307234,-0.2618522587637875,False,False,-0.2465551704953185,True,4.114972373389762,-0.18300464167963865,False,1
-1.0386446609806612,0.6949984718565856,-1.0187368435159974,1.1936895495471973,-0.8332705345971769,-1.2031582699179075,-0.36744115910358305,-1.1936895495471962,-0.3915009143817954,-0.3575712511765041,-0.31652232066678876,-0.2372998114910998,-0.3670174951250245,-0.2061916332330533,-0.2902757020437465,3.7444162852966336,-0.34172467460062167,-0.31693663659725785,True,-0.21519446782476256,-0.2561013217304913,-0.2417614760307234,-0.2618522587637875,False,False,-0.2465551704953185,False,-0.21762434574504017,-0.18300464167963865,False,1
-0.019943427921950616,0.2641015529983384,-0.8431144819697163,1.0689218591573673,-0.7571654369067579,-0.863572663373052,-0.36744115910358305,-1.0689218591573661,-0.3831218765864264,0.15956114017985457,0.29211011853181884,0.40943814967596037,-0.3670174951250245,-0.2061916332330533,-0.2902757020437465,-0.2496594146342877,-0.34172467460062167,-0.31693663659725785,False,-0.21519446782476256,-0.2561013217304913,-0.2417614760307234,-0.2618522587637875,False,False,-0.2465551704953185,True,-0.21762434574504017,-0.18300464167963865,False,1
-0.019943427921950616,-0.4330154778654795,-0.6549217084596056,1.0273326290274238,-0.6611820309935691,-0.5545188305628375,-0.4826834150834151,-1.0273326290274227,-0.29431684718608386,1.3699588869783614,1.4735730887408807,1.4547850193053065,1.438074101620431,3.6271935722049573,-0.2902757020437465,-0.2496594146342877,1.541126487788599,-0.31693663659725785,False,-0.21519446782476256,-0.2561013217304913,-0.2417614760307234,-0.2618522587637875,False,False,2.378708222771458,True,-0.21762434574504017,-0.18300464167963865,False,1
-0.019943427921950616,0.26507962295484655,-0.8436314041096711,1.0273326290274238,-0.7574085207856986,-0.8644915024485008,-0.36744115910358305,-1.0273326290274227,-0.4127933320955941,1.208722740750574,1.3303654559882672,1.3398945214879765,-0.3670174951250245,-0.2061916332330533,-0.2902757020437465,-0.2496594146342877,-0.34172467460062167,-0.31693663659725785,False,-0.21519446782476256,-0.2561013217304913,-0.2417614760307234,-0.2618522587637875,False,False,-0.2465551704953185,True,-0.21762434574504017,-0.18300464167963865,False,1
1.5081084216661154,0.15320531261052656,1.491831697835264,1.0689218591573673,1.4902243982285894,1.375186967004516,1.2553155358083716,-1.0689218591573661,2.6354706332313746,0.09496653501406392,0.22050630215551206,0.3378547569556542,-0.3670174951250245,-0.2061916332330533,-0.2902757020437465,-0.2496594146342877,-0.34172467460062167,-0.31693663659725785,False,-0.21519446782476256,-0.2561013217304913,6.326784000061188,-0.2618522587637875,True,False,-0.2465551704953185,False,-0.21762434574504017,-0.18300464167963865,False,1
-1.0386446609806612,-0.02651841185195196,0.28521985223652757,1.0689218591573673,0.04190088212647848,0.5219876649230719,0.04703822548194614,-1.0689218591573661,0.6901479085535177,-0.21298448961354258,-0.13751277972602183,-0.037576929259752624,-0.3670174951250245,-0.2061916332330533,-0.2902757020437465,-0.2496594146342877,-0.34172467460062167,-0.31693663659725785,True,3.274724893807297,-0.2561013217304913,-0.2417614760307234,-0.2618522587637875,False,False,1.949131000916413,False,-0.21762434574504017,-0.18300464167963865,False,1
0.08192669538392044,0.15910024723735108,2.2707584734997677,1.0273326290274238,2.751164969935777,1.7787832327100601,2.1956955821669935,-1.0273326290274227,3.9070509761124517,0.6397644452495694,0.7933368331659663,0.8818697203740368,-0.3670174951250245,-0.2061916332330533,-0.2902757020437465,-0.2496594146342877,-0.34172467460062167,-0.31693663659725785,False,-0.21519446782476256,-0.2561013217304913,-0.2417614760307234,-0.2618522587637875,False,False,-0.2465551704953185,True,-0.21762434574504017,-0.18300464167963865,False,1
-0.12181355122782168,1.693745459957678,1.237692703380559,1.0689218591573673,1.1341561245352294,1.2234911202907335,3.5678000714829867,-1.0689218591573661,2.157215811948978,-0.49589884557223796,-0.4955318616075557,-0.44598181527937314,-0.3670174951250245,-0.2061916332330533,-0.2902757020437465,-0.2496594146342877,-0.34172467460062167,-0.31693663659725785,True,-0.21519446782476256,-0.2561013217304913,-0.2417614760307234,-0.2618522587637875,False,False,-0.2465551704953185,False,-0.21762434574504017,-0.18300464167963865,False,1
-0.019943427921950616,-0.5839770751060577,-0.4021199587902963,1.0273326290274238,-0.5087485953157445,-0.20315044206975916,-0.5001942858569418,-1.0273326290274227,-0.10663695071680922,1.208722740750574,1.3303654559882672,1.3398945214879765,-0.3670174951250245,-0.2061916332330533,-0.2902757020437465,-0.2496594146342877,2.8297110249739927,-0.31693663659725785,False,-0.21519446782476256,-0.2561013217304913,-0.2417614760307234,-0.2618522587637875,False,False,-0.2465551704953185,True,-0.21762434574504017,-0.18300464167963865,False,1
0.99875780513676,-0.6678683842117149,-1.0039576352653368,0.9441541687675369,-0.827367068965758,-1.1722306663278663,-0.5638052158410792,-0.9441541687675359,-0.5327366047346713,0.39352880889082875,0.5427234758488926,0.651647487298748,2.334577467321673,2.6624312606968576,-0.2902757020437465,-0.2496594146342877,-0.34172467460062167,-0.31693663659725785,True,-0.21519446782476256,-0.2561013217304913,-0.2417614760307234,-0.2618522587637875,False,False,-0.2465551704953185,False,-0.21762434574504017,-0.18300464167963865,False,1
-1.3442550308982744,2.1583151684989783,-0.1312416997083197,1.1105110892873105,-0.31551675513977706,0.11493914493183126,1.0281730198563122,-1.1105110892873096,0.30464753643444176,-0.3575712511765041,-0.31652232066678876,-0.2372998114910998,-0.3670174951250245,-0.2061916332330533,-0.2902757020437465,2.0040000382887606,-0.34172467460062167,-0.31693663659725785,True,3.2327571226809213,-0.2561013217304913,-0.2417614760307234,2.1505987914956948,False,False,-0.2465551704953185,False,-0.21762434574504017,-0.18300464167963865,False,1
-1.4461251542041456,-0.23903006399985546,-1.0926112053676462,1.1936895495471973,-0.8613988120174675,-1.3654242967394745,-0.5144396855070673,-1.1936895495471962,-0.4434492829004006,1.0128108084163447,1.1513559150475001,1.1921732651379484,-0.3670174951250245,-0.2061916332330533,-0.2902757020437465,3.762370790900886,-0.34172467460062167,-0.31693663659725785,False,-0.21519446782476256,-0.2561013217304913,-0.2417614760307234,-0.2618522587637875,False,False,-0.2465551704953185,True,-0.21762434574504017,-0.18300464167963865,False,1
-0.019943427921950616,-0.723994961860165,-0.8625638847897956,0.9441541687675369,-0.7662339538598956,-0.8984411148500515,-0.5690050409856344,-0.9441541687675359,-0.46822063141597436,0.6397644452495694,0.7933368331659663,0.8818697203740368,-0.3670174951250245,-0.2061916332330533,-0.2902757020437465,-0.2496594146342877,-0.34172467460062167,-0.31693663659725785,False,-0.21519446782476256,-0.2561013217304913,-0.2417614760307234,-0.2618522587637875,False,False,-0.2465551704953185,True,-0.21762434574504017,-0.18300464167963865,False,1
0.28566694199566256,-0.7517411030991504,-0.5716206788767418,0.9441541687675369,-0.6139295014647742,-0.4317290223999951,-0.569843555746519,-0.9441541687675359,-0.30748826942154783,-0.8023476700797098,-0.9251547598653964,-0.9886733544545178,-0.3670174951250245,-0.2061916332330533,6.271762913702074,-0.2496594146342877,-0.34172467460062167,-0.31693663659725785,False,-0.21519446782476256,-0.2561013217304913,-0.2417614760307234,-0.2618522587637875,False,True,-0.2465551704953185,False,-0.21762434574504017,-0.18300464167963865,False,1
-0.8349044143689192,-0.7181969623504271,-0.318606701214701,0.9857433988974803,-0.45247219689320906,-0.09953299023587149,-0.5501999110351774,-0.9857433988974793,-0.09105878306336673,0.8605878629093653,1.0081482822948866,1.070523754144917,-0.3670174951250245,-0.2061916332330533,-0.2902757020437465,-0.2496594146342877,-0.34172467460062167,-0.31693663659725785,False,-0.21519446782476256,-0.2561013217304913,-0.2417614760307234,-0.2618522587637875,True,False,-0.2465551704953185,False,-0.21762434574504017,-0.18300464167963865,False,1
-0.631164167757177,-0.37045121917130536,2.056978088146231,0.9857433988974803,2.379628624109002,1.6759378745706657,0.5259868153300294,-0.9857433988974793,3.127668050391406,-0.3291546322372901,-0.2807204124786354,-0.19666349422353416,-0.3670174951250245,-0.2061916332330533,2.1657373794667034,-0.2496594146342877,-0.34172467460062167,-0.31693663659725785,False,-0.21519446782476256,2.26450300422223,-0.2417614760307234,-0.2618522587637875,False,False,-0.2465551704953185,True,-0.21762434574504017,-0.18300464167963865,False,1
0.1837968186897915,-0.16078131144936675,1.3380227735125354,1.1105110892873105,1.2714737116593284,1.2847717491657058,0.5372773791923608,-1.1105110892873096,2.6493788364840776,1.4108938402520312,1.509374996929034,1.483069779672959,2.5723928205070834,-0.2061916332330533,-0.2902757020437465,-0.2496594146342877,-0.34172467460062167,-0.31693663659725785,False,-0.21519446782476256,-0.2561013217304913,-0.2417614760307234,-0.2618522587637875,False,False,-0.2465551704953185,True,-0.21762434574504017,-0.18300464167963865,False,1
1.100627928442631,-0.6413556024760175,1.6087177720484938,0.9441541687675369,1.6631314495878142,1.441241970552687,-0.2712124366123422,-0.9441541687675359,2.0955759832140592,0.03137339659502974,0.14890248577920528,0.2651528285603192,-0.3670174951250245,-0.2061916332330533,-0.2902757020437465,-0.2496594146342877,-0.34172467460062167,-0.31693663659725785,False,-0.21519446782476256,-0.2561013217304913,-0.2417614760307234,-0.2618522587637875,True,False,-0.2465551704953185,False,-0.21762434574504017,-0.18300464167963865,False,1
-0.3255537978395638,0.031813600607009135,2.1162862514574563,1.0273326290274238,2.4807713613303215,1.7050085387033858,1.6509647645080088,-1.0273326290274227,3.5741355350652357,1.090424481289969,1.222959731423807,1.2518257328784423,-0.3670174951250245,-0.2061916332330533,-0.2902757020437465,-0.2496594146342877,-0.34172467460062167,-0.31693663659725785,False,-0.21519446782476256,-0.2561013217304913,-0.2417614760307234,-0.2618522587637875,True,False,-0.2465551704953185,False,-0.21762434574504017,-0.18300464167963865,False,1
-1.2423849075924034,-0.6695073050103443,1.3395537293252668,0.9025649386375936,1.2736019358239323,1.285692327104369,-0.36642385118006654,-0.9025649386375925,1.5231528661523275,-0.627967272800744,-0.6745414025483226,-0.6644646162875364,-0.3670174951250245,-0.2061916332330533,6.271762913702074,-0.2496594146342877,-0.34172467460062167,-0.31693663659725785,False,-0.21519446782476256,-0.2561013217304913,-0.2417614760307234,-0.2618522587637875,False,False,-0.2465551704953185,True,-0.21762434574504017,-0.18300464167963865,False,1
-0.8349044143689192,-0.78680130572232,-0.5935959100881351,0.8193864783777067,-0.6266790028704438,-0.4633904933767785,-0.5809130328585401,-0.8193864783777057,-0.3941158483381423,-0.3004876466113868,-0.24491850429048198,-0.15637901095755796,-0.3670174951250245,-0.2061916332330533,-0.2902757020437465,-0.2496594146342877,-0.34172467460062167,-0.31693663659725785,False,-0.21519446782476256,-0.2561013217304913,-0.2417614760307234,-0.2618522587637875,False,False,-0.2465551704953185,False,-0.21762434574504017,-0.18300464167963865,False,1
0.896887681830889,-0.10490655978672271,1.9210549850823126,0.8193864783777067,2.1534217116203944,1.6076605506473172,1.1056906724605495,-0.8193864783777057,2.022070192780803,-0.21298448961354258,-0.13751277972602183,-0.037576929259752624,-0.3670174951250245,-0.2061916332330533,-0.2902757020437465,5.960723480314578,-0.34172467460062167,-0.31693663659725785,True,-0.21519446782476256,-0.2561013217304913,-0.2417614760307234,-0.2618522587637875,False,False,-0.2465551704953185,False,-0.21762434574504017,-0.18300464167963865,False,1
-1.7517355241217587,0.4609422124360942,1.2169277350925953,0.8609757085076502,1.1062659700983912,1.2105680499388078,1.4815741790116108,-0.8609757085076492,1.2274603704322906,0.7123707843894116,0.864940649542273,0.9456080972700075,-0.3670174951250245,-0.2061916332330533,-0.2902757020437465,-0.2496594146342877,-0.34172467460062167,-0.31693663659725785,False,-0.21519446782476256,-0.2561013217304913,-0.2417614760307234,-0.2618522587637875,False,False,-0.2465551704953185,True,-0.21762434574504017,7.433364157090449,False,1
0.7950175585250179,-0.7834365795222136,-0.9206271269828504,0.7777972482477633,-0.7923580295027968,-1.0063391016502812,-0.5808334678947163,-0.7777972482477623,-0.549078650218204,-0.1833160372408829,-0.10171087153786844,0.0013591034093940301,-0.3670174951250245,-0.2061916332330533,-0.2902757020437465,-0.2496594146342877,-0.34172467460062167,-0.31693663659725785,False,-0.21519446782476256,-0.2561013217304913,-0.2417614760307234,-0.2618522587637875,False,False,-0.2465551704953185,False,-0.21762434574504017,-0.18300464167963865,False,1
-0.019943427921950616,-0.789592979330121,-1.136328898783118,0.7777972482477633,-0.8769611411651661,-1.468101992441465,-0.5819973562972076,-0.7777972482477623,-0.6185223089849132,0.6397644452495694,0.7933368331659663,0.8818697203740368,1.5597782388411305,3.8856507274560186,2.5552861156478195,-0.2496594146342877,1.66807338435979,-0.31693663659725785,False,-0.21519446782476256,-0.2561013217304913,-0.2417614760307234,-0.2618522587637875,True,False,-0.2465551704953185,False,3.4430192447378825,-0.18300464167963865,False,1
-2.057345894039372,-0.5268676439181496,0.27184435144472024,0.7362080181178199,0.029285324899000757,0.5101336227132718,-0.36744115910358305,-0.7362080181178189,0.08002805668155832,-0.5494773165237077,-0.5671356779838624,-0.5321477731865749,-0.3670174951250245,-0.2061916332330533,-0.2902757020437465,-0.2496594146342877,1.1651181096705043,-0.31693663659725785,False,-0.21519446782476256,-0.2561013217304913,-0.2417614760307234,-0.2618522587637875,False,True,-0.2465551704953185,False,-0.21762434574504017,-0.18300464167963865,False,1
-0.019943427921950616,0.9618340302966455,-1.0932635073770147,0.7777972482477633,-0.8616369350009196,-1.3669179027780711,-0.36744115910358305,-0.7777972482477623,-0.6059439425060599,0.09496653501406392,0.22050630215551206,0.3378547569556542,-0.3670174951250245,-0.2061916332330533,-0.2902757020437465,4.511080393802703,2.944863568950287,-0.31693663659725785,False,-0.21519446782476256,-0.2561013217304913,-0.2417614760307234,-0.2618522587637875,False,False,-0.2465551704953185,False,-0.21762434574504017,-0.18300464167963865,False,1
0.4894071886074047,-0.23167742951488166,2.3773371316739604,0.7362080181178199,2.9435881841471048,1.8281299695561095,1.1363648204631795,-0.7362080181178189,2.346236453829777,-0.15339721818153415,-0.06590896334971505,0.03997201175105678,-0.3670174951250245,-0.2061916332330533,-0.2902757020437465,-0.2496594146342877,-0.34172467460062167,4.3787305262784075,False,-0.21519446782476256,-0.2561013217304913,-0.2417614760307234,-0.2618522587637875,False,False,-0.2465551704953185,True,-0.21762434574504017,-0.18300464167963865,False,1
-0.019943427921950616,-0.3076397067642284,2.099166027608911,0.8193864783777067,2.451422703619839,1.6966605046713437,0.7184724357704326,-0.8193864783777057,2.281062909611397,-0.49589884557223796,-0.4955318616075557,-0.44598181527937314,-0.3670174951250245,-0.2061916332330533,-0.2902757020437465,-0.2496594146342877,-0.34172467460062167,-0.31693663659725785,False,-0.21519446782476256,-0.2561013217304913,-0.2417614760307234,-0.2618522587637875,True,False,-0.2465551704953185,False,-0.21762434574504017,-0.18300464167963865,False,1
1.100627928442631,-0.6323013099212156,-0.5143876493759594,0.6946187879878765,-0.5797687751303614,-0.35156602148457516,-0.5280687029340078,-0.6946187879878756,-0.4106824142637269,-0.8023476700797098,-0.9251547598653964,-0.9886733544545178,-0.3670174951250245,7.745637925306414,-0.2902757020437465,-0.2496594146342877,-0.34172467460062167,-0.31693663659725785,False,-0.21519446782476256,-0.2561013217304913,-0.2417614760307234,-0.2618522587637875,False,False,-0.2465551704953185,False,-0.21762434574504017,-0.18300464167963865,False,1
0.08192669538392044,-0.5954187086183557,1.2650800426170747,0.9441541687675369,1.1712189747304658,1.2404078364893043,-0.2501746721887011,-0.9441541687675359,1.5764430705843937,-0.2424025752995131,-0.1733146879141752,-0.07684153992782201,-0.3670174951250245,-0.2061916332330533,-0.2902757020437465,-0.2496594146342877,-0.34172467460062167,-0.31693663659725785,False,-0.21519446782476256,-0.2561013217304913,-0.2417614760307234,-0.2618522587637875,False,True,-0.2465551704953185,False,-0.21762434574504017,-0.18300464167963865,False,1
-1.5479952775100165,0.36079606485446447,1.2916755715709638,0.6530295578579332,1.207512886124971,1.2566984901381701,1.406889722529398,-0.6530295578579322,0.8313009428675526,-0.2424025752995131,-0.1733146879141752,-0.07684153992782201,-0.3670174951250245,-0.2061916332330533,-0.2902757020437465,-0.2496594146342877,-0.34172467460062167,1.7983516168088902,True,-0.21519446782476256,-0.2561013217304913,-0.2417614760307234,-0.2618522587637875,False,False,-0.2465551704953185,False,-0.21762434574504017,-0.18300464167963865,False,1
-1.5479952775100165,-0.4277542390265255,1.4696645894806135,0.6530295578579332,1.4580827563580316,1.3624077506554515,0.11546150422254756,-0.6530295578579322,1.0075912020768398,0.603836825709682,0.7575349249778128,0.8496700849316762,-0.3670174951250245,-0.2061916332330533,-0.2902757020437465,-0.2496594146342877,-0.34172467460062167,-0.31693663659725785,False,-0.21519446782476256,-0.2561013217304913,-0.2417614760307234,-0.2618522587637875,True,False,-0.2465551704953185,False,-0.21762434574504017,-0.18300464167963865,False,1
0.5912773119132757,0.3981819755376543,1.8136864357629832,0.6946187879878765,1.9802418110092972,1.5520140269418183,2.1839901447190324,-0.6946187879878756,1.480487405390874,-0.3004876466113868,-0.24491850429048198,-0.15637901095755796,-0.3670174951250245,-0.2061916332330533,-0.2902757020437465,-0.2496594146342877,-0.34172467460062167,2.828367343774271,False,-0.21519446782476256,-0.2561013217304913,-0.2417614760307234,4.827539389222629,False,False,-0.2465551704953185,True,-0.21762434574504017,-0.18300464167963865,False,1
-0.7330342910630481,-0.7759017962204632,-0.8675019534169277,0.5698510975980463,-0.7685110048891572,-0.9073924378241154,-0.5792301907045369,-0.5698510975980453,-0.5743053151189786,-0.9866175514828954,-1.2115700253706234,-1.3891637689445544,2.1182107016557676,-0.2061916332330533,-0.2902757020437465,-0.2496594146342877,2.250561948165721,-0.31693663659725785,True,-0.21519446782476256,-0.2561013217304913,-0.2417614760307234,-0.2618522587637875,False,False,-0.2465551704953185,False,-0.21762434574504017,-0.18300464167963865,False,1
-0.5292940444513059,-0.4736453041111271,2.2102775829556336,0.6114403277279897,2.644098923501084,1.7502240964286102,0.31899554010336206,-0.6114403277279887,1.7248574617079346,-0.031218275077248,0.0772986694028985,0.19129685321871076,-0.3670174951250245,-0.2061916332330533,-0.2902757020437465,2.4347820608668886,-0.34172467460062167,-0.31693663659725785,False,-0.21519446782476256,-0.2561013217304913,-0.2417614760307234,-0.2618522587637875,True,False,-0.2465551704953185,False,-0.21762434574504017,-0.18300464167963865,False,1
1.3043681750543732,-0.6074896850249966,-0.3997632257777652,0.6946187879878765,-0.5072007959233051,-0.20015089609054285,-0.5092892920571389,-0.6946187879878756,-0.35707389682526797,-0.3857375034290291,-0.35232422885494213,-0.2782941625976166,-0.3670174951250245,-0.2061916332330533,-0.2902757020437465,5.960723480314578,-0.34172467460062167,-0.31693663659725785,False,-0.21519446782476256,-0.2561013217304913,-0.2417614760307234,-0.2618522587637875,False,False,-0.2465551704953185,False,-0.21762434574504017,-0.18300464167963865,False,1
-0.019943427921950616,0.18885617467779764,-0.8010547779927717,0.5698510975980463,-0.7370093185366273,-0.7902022935731347,-0.36744115910358305,-0.5698510975980453,-0.5540693123527403,0.06304478246120228,0.18470439396735866,0.3016457901563818,4.780873320441908,-0.2061916332330533,-0.2902757020437465,-0.2496594146342877,-0.34172467460062167,-0.31693663659725785,False,-0.21519446782476256,-0.2561013217304913,-0.2417614760307234,-0.2618522587637875,False,False,-0.2465551704953185,False,-0.21762434574504017,-0.18300464167963865,False,1
1.7118486682778575,0.22614140362647758,1.9272436680885954,0.6946187879878765,2.1635518602080896,1.610820889334322,1.928314389955222,-0.6946187879878756,1.6159049831778924,-0.413653388994865,-0.38812613704309556,-0.3196529127137438,4.780873320441908,-0.2061916332330533,-0.2902757020437465,-0.2496594146342877,-0.34172467460062167,-0.31693663659725785,True,-0.21519446782476256,-0.2561013217304913,-0.2417614760307234,-0.2618522587637875,False,False,-0.2465551704953185,False,-0.21762434574504017,-0.18300464167963865,False,1
0.08192669538392044,0.11818867814837568,1.7429768403767467,0.6530295578579332,1.8688449028130674,1.5144951919820289,1.454065690238287,-0.6530295578579322,1.2965859052491255,0.6397644452495694,0.7933368331659663,0.8818697203740368,-0.3670174951250245,-0.2061916332330533,-0.2902757020437465,-0.2496594146342877,-0.34172467460062167,-0.31693663659725785,False,-0.21519446782476256,-0.2561013217304913,-0.2417614760307234,-0.2618522587637875,False,False,-0.2465551704953185,False,-0.21762434574504017,-0.18300464167963865,False,1
0.38753706530153365,-0.48480996366176343,2.0531637555053064,0.5698510975980463,2.37317449907835,1.6740535630400941,0.22298207956987884,-0.5698510975980453,1.4438455812323725,0.39352880889082875,0.5427234758488926,0.651647487298748,-0.3670174951250245,-0.2061916332330533,-0.2902757020437465,-0.2496594146342877,-0.34172467460062167,-0.31693663659725785,False,-0.21519446782476256,-0.2561013217304913,-0.2417614760307234,-0.2618522587637875,True,False,-0.2465551704953185,False,-0.21762434574504017,-0.18300464167963865,False,1
0.28566694199566256,-0.7533731251984248,-0.959954070964774,0.5282618674681029,-0.8092449177459483,-1.0829037723472992,-0.5760256914180013,-0.5282618674681019,-0.6061017319851973,-0.4413189078740118,-0.42392804523124894,-0.36138259827485913,-0.3670174951250245,-0.2061916332330533,-0.2902757020437465,-0.2496594146342877,2.192555961744506,-0.31693663659725785,False,-0.21519446782476256,-0.2561013217304913,-0.2417614760307234,3.667799570897468,False,False,-0.2465551704953185,False,-0.21762434574504017,-0.18300464167963865,False,1
0.5912773119132757,-0.6937266542784574,-0.6081542639525989,0.5282618674681029,-0.6350133072912706,-0.48464775671890314,-0.5531793714678963,-0.5282618674681019,-0.4988425520474,-0.627967272800744,-0.6745414025483226,-0.6644646162875364,-0.3670174951250245,-0.2061916332330533,-0.2902757020437465,-0.2496594146342877,-0.34172467460062167,-0.31693663659725785,False,5.816364706311259,-0.2561013217304913,-0.2417614760307234,-0.2618522587637875,False,True,-0.2465551704953185,False,-0.21762434574504017,-0.18300464167963865,False,1
-0.5292940444513059,-0.7057690575457972,-0.6078580753193885,0.9857433988974803,-0.6348446368446586,-0.4842130005689639,-0.5567598921225136,-0.9857433988974793,-0.29832791056096136,0.03137339659502974,0.14890248577920528,0.2651528285603192,-0.3670174951250245,-0.2061916332330533,-0.2902757020437465,3.796837435054946,-0.34172467460062167,-0.31693663659725785,True,-0.21519446782476256,-0.2561013217304913,-0.2417614760307234,-0.2618522587637875,False,False,-0.2465551704953185,False,-0.21762434574504017,-0.18300464167963865,False,1
-1.0386446609806612,0.31539181616092726,0.07725912966548618,0.6114403277279897,-0.14571522435640794,0.3291526478340293,0.16755204032505516,-0.6114403277279887,-0.14871871071414783,0.6397644452495694,0.7933368331659663,0.8818697203740368,-0.3670174951250245,-0.2061916332330533,-0.2902757020437465,5.960723480314578,-0.34172467460062167,-0.31693663659725785,False,-0.21519446782476256,-0.2561013217304913,-0.2417614760307234,-0.2618522587637875,False,False,-0.2465551704953185,True,-0.21762434574504017,-0.18300464167963865,False,1
-2.566696510568727,-0.7017755227252107,-0.7367739664876691,0.5282618674681029,-0.7047634978608093,-0.6830648628906368,-0.5603954260579407,-0.5282618674681019,-0.5417816503055769,2.3748055840051085,2.2970169770684086,2.065432449873938,-0.3670174951250245,3.384655931531248,-0.2902757020437465,-0.2496594146342877,-0.34172467460062167,1.3732186858627276,True,-0.21519446782476256,-0.2561013217304913,2.4982524893002935,-0.2618522587637875,False,False,-0.2465551704953185,False,-0.21762434574504017,-0.18300464167963865,False,1
-0.42742392114543487,-0.786246893563103,-0.2933956089612036,0.48667263733815946,-0.43490566596812114,-0.06928785368516922,-0.580067404311344,-0.4866726373381585,-0.3900511242875478,-0.6790420768853226,-0.7461452189246294,-0.7548136444682138,-0.3670174951250245,-0.2061916332330533,-0.2902757020437465,3.624439497950489,-0.34172467460062167,-0.31693663659725785,False,-0.21519446782476256,-0.2561013217304913,-0.2417614760307234,-0.2618522587637875,False,False,-0.2465551704953185,True,-0.21762434574504017,-0.18300464167963865,False,1
-2.159216017345243,-0.28643884665168673,1.1672435709194335,0.5282618674681029,1.0402711774137132,1.1793009336426816,0.22357573415782203,-0.5282618674681019,0.5324837355478925,-4.762258445368473e-05,0.1131005775910519,0.22837138206155058,-0.3670174951250245,-0.2061916332330533,-0.2902757020437465,-0.2496594146342877,-0.34172467460062167,1.5536121440743005,True,-0.21519446782476256,-0.2561013217304913,-0.2417614760307234,-0.2618522587637875,False,False,-0.2465551704953185,False,-0.21762434574504017,-0.18300464167963865,False,1
1.100627928442631,0.4668568636706981,1.9736087076770366,0.5698510975980463,2.2399595725233126,1.634338979329432,2.5970764310590146,-0.5698510975980453,1.3582711903218534,-0.3004876466113868,-0.24491850429048198,-0.15637901095755796,-0.3670174951250245,-0.2061916332330533,3.452447845060043,-0.2496594146342877,-0.34172467460062167,2.2162562914982815,True,-0.21519446782476256,-0.2561013217304913,-0.2417614760307234,-0.2618522587637875,False,False,3.439221690114701,False,-0.21762434574504017,-0.18300464167963865,False,1
-0.019943427921950616,0.43821414730877833,-0.9251708127990925,0.4450834072082161,-0.7943423876982317,-1.0150355364148718,-0.36744115910358305,-0.44508340720821515,-0.6075937235216766,0.39352880889082875,0.5427234758488926,0.651647487298748,2.340687761416225,-0.2061916332330533,-0.2902757020437465,-0.2496594146342877,2.482622853734262,-0.31693663659725785,False,-0.21519446782476256,-0.2561013217304913,-0.2417614760307234,-0.2618522587637875,False,False,-0.2465551704953185,False,-0.21762434574504017,-0.18300464167963865,False,1
-1.9554757707335009,-0.7557361828466925,-0.1569204822175822,0.5282618674681029,-0.3351619012745831,0.08688149520022694,-0.5635205306251113,-0.5282618674681019,-0.3142502393860213,2.010271688185763,2.0106017115631816,1.8619976976796393,-0.3670174951250245,-0.2061916332330533,-0.2902757020437465,-0.2496594146342877,-0.34172467460062167,-0.31693663659725785,False,-0.21519446782476256,-0.2561013217304913,-0.2417614760307234,-0.2618522587637875,False,True,-0.2465551704953185,False,2.843250833539792,-0.18300464167963865,False,1
-0.019943427921950616,0.8703234634994215,-1.06973799374392,0.4450834072082161,-0.8529355243139374,-1.3137493483416542,-0.36744115910358305,-0.44508340720821515,-0.6408897311501257,-0.4413189078740118,-0.42392804523124894,-0.36138259827485913,-0.3670174951250245,-0.2061916332330533,-0.2902757020437465,-0.2496594146342877,-0.34172467460062167,-0.31693663659725785,False,-0.21519446782476256,-0.2561013217304913,-0.2417614760307234,-0.2618522587637875,False,False,-0.2465551704953185,False,-0.21762434574504017,-0.18300464167963865,False,1
0.896887681830889,-0.7844760990913541,2.2147181526939774,0.4450834072082161,2.651907373000121,1.7523349863712967,-0.5641331674702039,-0.44508340720821515,1.3507646260976525,-0.3575712511765041,-0.31652232066678876,-0.2372998114910998,-0.3670174951250245,-0.2061916332330533,-0.2902757020437465,-0.2496594146342877,4.776361499302858,-0.31693663659725785,False,-0.21519446782476256,-0.2561013217304913,-0.2417614760307234,-0.2618522587637875,False,True,-0.2465551704953185,False,-0.21762434574504017,-0.18300464167963865,False,1
-0.22368367453369276,-0.5458322179253218,0.6525152972893826,0.36190494694832925,0.41779785508772205,0.822556858544299,-0.3090586918140246,-0.3619049469483283,0.022871418347915947,2.468442724826836,2.368620793444715,2.1149310949154274,-0.3670174951250245,-0.2061916332330533,-0.2902757020437465,-0.2496594146342877,-0.34172467460062167,-0.31693663659725785,False,-0.21519446782476256,-0.2561013217304913,3.8668547341302113,-0.2618522587637875,False,True,-0.2465551704953185,False,-0.21762434574504017,-0.18300464167963865,False,1
-1.8536056474276297,-0.6615072164682865,-0.4073219225145251,0.4034941770782727,-0.512156730516404,-0.20978737685902749,-0.5312513014869584,-0.40349417707827173,-0.457919087135624,0.4975561672101544,0.6501292004133528,0.7517121772927726,1.9243136673374515,4.659796882130548,-0.2902757020437465,-0.2496594146342877,-0.34172467460062167,-0.31693663659725785,True,-0.21519446782476256,-0.2561013217304913,-0.2417614760307234,-0.2618522587637875,False,False,-0.2465551704953185,False,-0.21762434574504017,-0.18300464167963865,False,1
0.6931474352191468,-0.5517078884301566,-0.5696540281808646,0.36190494694832925,-0.612778573711422,-0.42892000312302203,-0.5066995211904748,-0.3619049469483283,-0.5209307522771803,-0.3857375034290291,-0.35232422885494213,-0.2782941625976166,-0.3670174951250245,-0.2061916332330533,-0.2902757020437465,-0.2496594146342877,2.8297110249739927,-0.31693663659725785,True,-0.21519446782476256,-0.2561013217304913,-0.2417614760307234,-0.2618522587637875,False,False,-0.2465551704953185,False,-0.21762434574504017,-0.18300464167963865,False,1
-0.019943427921950616,-0.7486128415759445,-0.7885998809428764,0.27872648668844247,-0.7308974952946876,-0.7689864819287774,-0.5726860180312265,-0.2787264866884415,-0.5934136254685954,-1.1347094466595047,-1.462183382687697,-1.7703101116271531,-0.3670174951250245,-0.2061916332330533,-0.2902757020437465,-0.2496594146342877,-0.34172467460062167,-0.31693663659725785,False,-0.21519446782476256,-0.2561013217304913,-0.2417614760307234,-0.2618522587637875,True,False,-0.2465551704953185,False,-0.21762434574504017,-0.18300464167963865,False,1
0.28566694199566256,-0.7243171226778353,-0.6010202345179306,0.3203157168183859,-0.6309404120951404,-0.47420258598658455,-0.5620929821973064,-0.32031571681838494,-0.5375856787771549,-0.5758910019694089,-0.6029375861720159,-0.5758366270581611,-0.3670174951250245,-0.2061916332330533,-0.2902757020437465,-0.2496594146342877,-0.34172467460062167,-0.31693663659725785,False,-0.21519446782476256,-0.2561013217304913,-0.2417614760307234,-0.2618522587637875,False,True,5.704001261827254,False,-0.21762434574504017,-0.18300464167963865,False,1
0.08192669538392044,-0.3051979145290006,-1.0330781846434842,0.3203157168183859,-0.8389110727677008,-1.2336378760468796,-0.5140883252648659,-0.32031571681838494,-0.6435410156396235,-0.4413189078740118,-0.42392804523124894,-0.36138259827485913,1.0016126876345297,-0.2061916332330533,-0.2902757020437465,-0.2496594146342877,-0.34172467460062167,-0.31693663659725785,False,2.9485753404932065,-0.2561013217304913,-0.2417614760307234,-0.2618522587637875,False,True,-0.2465551704953185,False,-0.21762434574504017,-0.18300464167963865,False,1
0.5912773119132757,-0.3654243670182044,0.053610186923686395,0.36190494694832925,-0.16589614720398144,0.305987320822191,-0.3005059871768238,-0.3619049469483283,-0.28512521009907643,-1.0301813549668009,-1.2831738417469303,-1.4949144290361405,2.6955747114549995,-0.2061916332330533,-0.2902757020437465,-0.2496594146342877,-0.34172467460062167,-0.31693663659725785,False,6.86439275772603,-0.2561013217304913,-0.2417614760307234,-0.2618522587637875,False,False,-0.2465551704953185,False,-0.21762434574504017,-0.18300464167963865,True,1
-0.019943427921950616,-0.7904210051248771,-1.151169830819027,0.27872648668844247,-0.882060941727434,-1.5042030001358357,-0.5820904313748642,-0.2787264866884415,-0.6678601269209373,-1.0085246365681926,-1.247371933558777,-1.4417386645125083,-0.3670174951250245,-0.2061916332330533,-0.2902757020437465,-0.2496594146342877,-0.34172467460062167,-0.31693663659725785,False,-0.21519446782476256,-0.2561013217304913,-0.2417614760307234,-0.2618522587637875,False,False,-0.2465551704953185,False,-0.21762434574504017,-0.18300464167963865,False,1
0.4894071886074047,0.10004293085306855,-0.5292753467138963,0.23713725655849904,-0.5887876831286133,-0.37210853555203044,-0.28450165825995705,-0.23713725655849813,-0.5302698815962105,0.32542907011139055,0.4711196594725858,0.5837217736103729,-0.3670174951250245,-0.2061916332330533,-0.2902757020437465,-0.2496594146342877,1.176686354000243,1.13813866544759,False,-0.21519446782476256,-0.2561013217304913,-0.2417614760307234,2.092593650322436,False,True,-0.2465551704953185,False,-0.21762434574504017,-0.18300464167963865,False,1
1.2024980517485022,0.338130011613188,-1.0186367119148871,0.23713725655849904,-0.8332308474332683,-1.2029470989320996,-0.41897196790671054,-0.23713725655849813,-0.6467723068285368,0.3593537561577651,0.5069215676607391,0.6178085835875454,1.7799409578382621,-0.2061916332330533,-0.2902757020437465,-0.2496594146342877,-0.34172467460062167,-0.31693663659725785,True,-0.21519446782476256,-0.2561013217304913,-0.2417614760307234,-0.2618522587637875,False,False,-0.2465551704953185,False,-0.21762434574504017,-0.18300464167963865,False,1
-0.5292940444513059,-0.47856702427488024,1.7308895453541064,0.19554802642855565,1.8500133435383896,1.5080099653882533,0.11272782814697459,-0.19554802642855473,0.5893314673937154,0.12713865425361467,0.25630821034366547,0.3737841150440583,-0.3670174951250245,-0.2061916332330533,3.2542744403859207,-0.2496594146342877,2.161763371890715,-0.31693663659725785,False,-0.21519446782476256,-0.2561013217304913,-0.2417614760307234,-0.2618522587637875,True,False,-0.2465551704953185,False,-0.21762434574504017,-0.18300464167963865,False,1
-0.3255537978395638,-0.7781789867432723,-0.21487900939691065,0.19554802642855565,-0.3784804406809282,0.02205540124686756,-0.575856942678435,-0.19554802642855473,-0.4395852221556525,-1.0936493100424904,-1.3905795663113905,-1.6581883307923262,-0.3670174951250245,-0.2061916332330533,-0.2902757020437465,-0.2496594146342877,-0.34172467460062167,-0.31693663659725785,False,-0.21519446782476256,-0.2561013217304913,-0.2417614760307234,-0.2618522587637875,False,False,-0.2465551704953185,True,-0.21762434574504017,-0.18300464167963865,False,1
0.28566694199566256,-0.00029966824908831915,0.6992618056600335,0.11236956616866883,0.46971858727127763,0.8577388987132148,0.3308986435282382,-0.11236956616866793,-0.08841217605320142,-1.2329783711849807,-1.6411929236284641,-2.063037367382634,-0.3670174951250245,-0.2061916332330533,-0.2902757020437465,-0.2496594146342877,-0.34172467460062167,-0.31693663659725785,True,-0.21519446782476256,-0.2561013217304913,-0.2417614760307234,-0.2618522587637875,False,False,-0.2465551704953185,False,-0.21762434574504017,-0.18300464167963865,False,1
-0.7330342910630481,-0.40304713594056,1.729447639251651,0.11236956616866883,1.8477710187775482,1.5072349180045512,0.2801208624470711,-0.11236956616866793,0.5104206344957641,-0.6790420768853226,-0.7461452189246294,-0.7548136444682138,-0.3670174951250245,-0.2061916332330533,-0.2902757020437465,-0.2496594146342877,-0.34172467460062167,-0.31693663659725785,True,-0.21519446782476256,-0.2561013217304913,-0.2417614760307234,-0.2618522587637875,False,False,-0.2465551704953185,False,4.516823791507232,-0.18300464167963865,False,1
-2.057345894039372,-0.025579723486078,0.5334242541460625,0.07078033603872544,0.2896876899904413,0.7300006771765789,0.19486041889744915,-0.07078033603872454,-0.18290013988655654,1.090424481289969,1.222959731423807,1.2518257328784423,-0.3670174951250245,-0.2061916332330533,-0.2902757020437465,-0.2496594146342877,2.538416711604696,-0.31693663659725785,False,-0.21519446782476256,-0.2561013217304913,-0.2417614760307234,-0.2618522587637875,False,False,-0.2465551704953185,True,-0.21762434574504017,-0.18300464167963865,False,1
0.6931474352191468,1.0468060368871843,1.0074094351819118,0.07078033603872544,0.8350240483643872,1.075233678961035,2.060917373256291,-0.07078033603872454,0.047305082835326424,-0.9420522812522337,-1.1399662089943168,-1.285763319157662,-0.3670174951250245,-0.2061916332330533,-0.2902757020437465,-0.2496594146342877,-0.34172467460062167,-0.31693663659725785,True,-0.21519446782476256,-0.2561013217304913,-0.2417614760307234,-0.2618522587637875,False,False,-0.2465551704953185,False,-0.21762434574504017,-0.18300464167963865,False,1
-0.7330342910630481,0.7751001858799876,-0.13003800544079222,0.02919110590878203,-0.3145890676834112,0.1162446579620119,0.27402276673661374,-0.02919110590878114,-0.4462528456458491,2.5156368452677333,2.4044227016328685,2.1394843379190776,-0.3670174951250245,-0.2061916332330533,-0.2902757020437465,4.208324003366151,-0.34172467460062167,-0.31693663659725785,False,-0.21519446782476256,-0.2561013217304913,-0.2417614760307234,4.510238202750025,False,False,-0.2465551704953185,True,-0.21762434574504017,-0.18300464167963865,False,1
1.6099785449719863,0.8681855595822242,1.174613279970725,0.02919110590878203,1.0499945325713445,1.183970077409434,2.080585484528417,-0.02919110590878114,0.11378375367516537,-1.0727436917039497,-1.354777658123237,-1.6031246259904917,2.167103716872923,-0.2061916332330533,-0.2902757020437465,-0.2496594146342877,-0.34172467460062167,-0.31693663659725785,False,-0.21519446782476256,-0.2561013217304913,3.8646872948008855,-0.2618522587637875,False,False,-0.2465551704953185,False,-0.21762434574504017,-0.18300464167963865,False,1
-0.7330342910630481,1.6324668591273641,0.4191227698636337,-0.012398124221161376,0.17235258989437244,0.6369097465651147,1.657907746986235,0.01239812422116226,-0.25962896936633095,2.145094148967849,2.1180074361276415,1.9393318117747973,-0.3670174951250245,-0.2061916332330533,-0.2902757020437465,-0.2496594146342877,-0.34172467460062167,-0.31693663659725785,True,-0.21519446782476256,6.085445465665127,-0.2417614760307234,-0.2618522587637875,False,False,-0.2465551704953185,False,-0.21762434574504017,-0.18300464167963865,False,1
1.4062382983602442,0.18273663513460756,-0.5081037993832228,-0.05398735435110478,-0.5759340029176834,-0.34295883120751786,-0.2471691278728396,0.05398735435110566,-0.5630939993220034,-0.15339721818153415,-0.06590896334971505,0.03997201175105678,-0.3670174951250245,-0.2061916332330533,-0.2902757020437465,-0.2496594146342877,-0.34172467460062167,-0.31693663659725785,False,-0.21519446782476256,-0.2561013217304913,-0.2417614760307234,-0.2618522587637875,False,True,-0.2465551704953185,False,-0.21762434574504017,-0.18300464167963865,False,1
-1.4461251542041456,0.4038265686580776,1.3779061757905313,-0.09557658448104818,1.3272391378465394,1.3086156457190001,1.5921344326887807,0.09557658448104905,0.1534784183355147,0.25833079807870885,0.399515843096279,0.5147897165090117,-0.3670174951250245,-0.2061916332330533,-0.2902757020437465,-0.2496594146342877,-0.34172467460062167,-0.31693663659725785,True,-0.21519446782476256,-0.2561013217304913,-0.2417614760307234,-0.2618522587637875,False,False,-0.2465551704953185,False,-0.21762434574504017,-0.18300464167963865,False,1
-0.019943427921950616,-0.7801951574407353,0.011266944966910003,-0.09557658448104818,-0.20144096337971007,0.26382162429434214,-0.5754037762499074,0.09557658448104905,-0.42564452167385924,-0.031218275077248,0.0772986694028985,0.19129685321871076,-0.3670174951250245,-0.2061916332330533,-0.2902757020437465,-0.2496594146342877,-0.34172467460062167,-0.31693663659725785,False,-0.21519446782476256,-0.2561013217304913,-0.2417614760307234,-0.2618522587637875,False,False,-0.2465551704953185,True,-0.21762434574504017,-0.18300464167963865,False,1
-0.22368367453369276,-0.543189474036504,1.085930974812298,-0.1371658146109916,0.9345098464925186,1.127041299843782,-0.20688966590494096,0.13716581461099245,-0.013809705539242378,-0.7537765328620223,-0.8535509434890896,-0.8937143697372181,1.4235092747719018,-0.2061916332330533,-0.2902757020437465,2.4557108594149457,-0.34172467460062167,-0.31693663659725785,True,3.9238451404959354,-0.2561013217304913,2.6597202757388834,-0.2618522587637875,False,False,-0.2465551704953185,False,-0.21762434574504017,-0.18300464167963865,False,1
-0.019943427921950616,-0.6279844911492171,-0.7246816346082232,-0.1371658146109916,-0.698502847754212,-0.6635416644718489,-0.5415883869374821,0.13716581461099245,-0.6169916492376161,0.09496653501406392,0.22050630215551206,0.3378547569556542,-0.3670174951250245,-0.2061916332330533,-0.2902757020437465,-0.2496594146342877,-0.34172467460062167,-0.31693663659725785,True,-0.21519446782476256,-0.2561013217304913,6.326784000061188,-0.2618522587637875,False,False,-0.2465551704953185,False,-0.21762434574504017,-0.18300464167963865,False,1
0.896887681830889,-0.3300555220237763,-1.1024891206591012,-0.1371658146109916,-0.8649855394557161,-1.3881635791303846,-0.5268883129793374,0.13716581461099245,-0.6784849578484051,-0.602054320728421,-0.6387394943601693,-0.6199395994607315,-0.3670174951250245,-0.2061916332330533,2.2265675969758725,-0.2496594146342877,-0.34172467460062167,-0.31693663659725785,True,-0.21519446782476256,2.326933009402805,-0.2417614760307234,2.494533151201304,False,False,-0.2465551704953185,False,-0.21762434574504017,-0.18300464167963865,False,1
-0.12181355122782168,-0.4191327415137763,-0.07907696996924321,-0.17875504474093498,-0.2747530769100545,0.17074243393901653,-0.36744115910358305,0.17875504474093584,-0.46718235997222485,-4.762258445368473e-05,0.1131005775910519,0.22837138206155058,1.548163413621976,3.8609848882049067,-0.2902757020437465,-0.2496594146342877,-0.34172467460062167,-0.31693663659725785,True,4.211999680665846,-0.2561013217304913,-0.2417614760307234,-0.2618522587637875,False,False,-0.2465551704953185,False,-0.21762434574504017,-0.18300464167963865,False,1
0.4894071886074047,-0.6390441393483268,2.379814265070303,-0.2619335050008218,2.948117481728185,1.8292624245599343,-0.11517428209902511,0.26193350500082263,0.627704726433015,-0.5228132643913174,-0.5313337697957091,-0.48886533314690633,1.6074719093803416,-0.2061916332330533,-0.2902757020437465,-0.2496594146342877,-0.34172467460062167,-0.31693663659725785,False,-0.21519446782476256,-0.2561013217304913,-0.2417614760307234,-0.2618522587637875,False,False,-0.2465551704953185,True,-0.21762434574504017,-0.18300464167963865,False,1
-0.019943427921950616,-0.024555724773791882,0.30450850995394063,-0.3451119652607086,0.060226430061320294,0.5389584227265559,0.059543824046301486,0.3451119652607095,-0.38105789765415954,2.6107761862095953,2.4760265180091756,2.1882055030102587,-0.3670174951250245,-0.2061916332330533,-0.2902757020437465,-0.2496594146342877,-0.34172467460062167,4.3787305262784075,True,-0.21519446782476256,-0.2561013217304913,-0.2417614760307234,-0.2618522587637875,False,False,-0.2465551704953185,False,-0.21762434574504017,-0.18300464167963865,False,1
0.4894071886074047,0.9424002743887456,-1.0884237126561118,-0.42829042552059543,-0.8598658953114939,-1.3558627002708876,-0.36744115910358305,0.42829042552059626,-0.6853802562870475,2.099902962020465,2.082205527939488,1.913696326805046,-0.3670174951250245,-0.2061916332330533,-0.2902757020437465,-0.2496594146342877,-0.34172467460062167,-0.31693663659725785,True,-0.21519446782476256,-0.2561013217304913,-0.2417614760307234,-0.2618522587637875,False,False,-0.2465551704953185,False,-0.21762434574504017,-0.18300464167963865,False,1
0.38753706530153365,0.6626254075019302,-0.716101407202719,-0.46987965565053885,-0.6940231591280176,-0.6498044589856313,-0.21516236704878916,0.46987965565053963,-0.6353788063416704,0.15956114017985457,0.29211011853181884,0.40943814967596037,-0.3670174951250245,-0.2061916332330533,-0.2902757020437465,-0.2496594146342877,-0.34172467460062167,-0.31693663659725785,False,-0.21519446782476256,-0.2561013217304913,-0.2417614760307234,-0.2618522587637875,False,False,-0.2465551704953185,False,-0.21762434574504017,-0.18300464167963865,True,1
1.3043681750543732,-0.2987875588850954,0.4756440769653985,-0.5530581159104256,0.22968565905597688,0.6834888321452086,-0.10544602731390941,0.5530581159104264,-0.3664366969586953,-0.8733266257560728,-1.0325604844298566,-1.1348475355611043,-0.3670174951250245,-0.2061916332330533,-0.2902757020437465,-0.2496594146342877,-0.34172467460062167,-0.31693663659725785,False,-0.21519446782476256,-0.2561013217304913,3.284006248196481,3.2572410886646654,True,False,-0.2465551704953185,False,-0.21762434574504017,-0.18300464167963865,False,1
0.7950175585250179,0.7215340600666701,1.6173366420118231,-0.6362365761703125,1.6761091521859588,1.4460266825514618,2.5795522933780246,0.6362365761703133,0.03033590667469736,-0.031218275077248,0.0772986694028985,0.19129685321871076,-0.3670174951250245,-0.2061916332330533,-0.2902757020437465,-0.2496594146342877,-0.34172467460062167,-0.31693663659725785,False,-0.21519446782476256,-0.2561013217304913,-0.2417614760307234,-0.2618522587637875,True,False,-0.2465551704953185,False,-0.21762434574504017,-0.18300464167963865,False,1
0.6931474352191468,-0.12016932588217755,0.39617842878097514,-0.6362365761703125,0.14946301811003024,0.6176846450394236,0.025885412285152586,0.6362365761703133,-0.4034283894707776,-4.762258445368473e-05,0.1131005775910519,0.22837138206155058,-0.3670174951250245,-0.2061916332330533,-0.2902757020437465,-0.2496594146342877,-0.34172467460062167,-0.31693663659725785,True,-0.21519446782476256,-0.2561013217304913,-0.2417614760307234,-0.2618522587637875,False,False,-0.2465551704953185,False,-0.21762434574504017,-0.18300464167963865,False,1
0.08192669538392044,1.111889153962698,-0.12201858536594279,-0.6778258063002559,-0.3083929092181656,0.12492055948205662,0.46730497315977765,0.6778258063002567,-0.5373311226571315,-0.5494773165237077,-0.5671356779838624,-0.5321477731865749,-0.3670174951250245,-0.2061916332330533,-0.2902757020437465,-0.2496594146342877,-0.34172467460062167,-0.31693663659725785,False,-0.21519446782476256,-0.2561013217304913,-0.2417614760307234,-0.2618522587637875,True,False,-0.2465551704953185,False,-0.21762434574504017,5.075227834624429,False,1
-2.159216017345243,0.5934355083464624,-0.2669669263417871,-0.7194150364301992,-0.4162030899761467,-0.03806960766972252,0.06561317276386884,0.7194150364302,-0.5705000141730182,0.8982680492560765,1.04395019048304,1.1012356065874827,-0.3670174951250245,-0.2061916332330533,-0.2902757020437465,-0.2496594146342877,4.776361499302858,-0.31693663659725785,False,-0.21519446782476256,-0.2561013217304913,-0.2417614760307234,-0.2618522587637875,False,True,-0.2465551704953185,False,-0.21762434574504017,-0.18300464167963865,False,1
0.1837968186897915,1.2405508553441147,0.961622210184741,-0.7194150364301992,0.7782118732290844,1.0443870037878373,2.2500823876892984,0.7194150364302,-0.2437013756009236,-0.0928084800027693,0.005694853026591727,0.11624960122671975,-0.3670174951250245,2.913435842668637,-0.2902757020437465,-0.2496594146342877,-0.34172467460062167,-0.31693663659725785,False,-0.21519446782476256,-0.2561013217304913,-0.2417614760307234,-0.2618522587637875,True,False,-0.2465551704953185,False,-0.21762434574504017,-0.18300464167963865,False,1
-0.019943427921950616,-0.5025300162086286,-0.9326545383817106,-0.7610042665601426,-0.7975917742432564,-1.0294427554566647,-0.5325011633411131,0.7610042665601434,-0.6759544218016963,0.4279542283105815,0.5785253840370459,0.6852420646648492,-0.3670174951250245,-0.2061916332330533,-0.2902757020437465,-0.2496594146342877,1.9128614766514493,-0.31693663659725785,False,-0.21519446782476256,-0.2561013217304913,-0.2417614760307234,-0.2618522587637875,False,False,-0.2465551704953185,False,-0.21762434574504017,-0.18300464167963865,True,1
1.4062382983602442,1.3780067412816899,-0.9592828042330274,-0.8025934966900861,-0.8089621467030987,-1.0815717894526304,-0.22786395346610913,0.8025934966900868,-0.68001919512675,-0.21298448961354258,-0.13751277972602183,-0.037576929259752624,-0.3670174951250245,-0.2061916332330533,-0.2902757020437465,-0.2496594146342877,-0.34172467460062167,-0.31693663659725785,False,-0.21519446782476256,-0.2561013217304913,-0.2417614760307234,-0.2618522587637875,False,True,-0.2465551704953185,False,-0.21762434574504017,-0.18300464167963865,False,1
-1.2423849075924034,5.651949945350264,-0.9948204156485185,-0.8025934966900861,-0.8236712018267603,-1.1533482526176324,0.39677512596768877,0.8025934966900868,-0.6838999437449829,2.145094148967849,2.1180074361276415,1.9393318117747973,-0.3670174951250245,-0.2061916332330533,-0.2902757020437465,-0.2496594146342877,-0.34172467460062167,-0.31693663659725785,False,-0.21519446782476256,-0.2561013217304913,-0.2417614760307234,-0.2618522587637875,False,False,-0.2465551704953185,False,-0.21762434574504017,-0.18300464167963865,False,1
2.1193291615013417,-0.7275149203687594,-1.16075504282729,-0.8441827268200295,-0.8853053673769701,-1.5278735570335498,-0.5755403487867718,0.8441827268200303,-0.7007826526016823,-0.3575712511765041,-0.31652232066678876,-0.2372998114910998,-0.3670174951250245,-0.2061916332330533,-0.2902757020437465,-0.2496594146342877,2.8297110249739927,-0.31693663659725785,False,-0.21519446782476256,-0.2561013217304913,-0.2417614760307234,-0.2618522587637875,False,False,-0.2465551704953185,True,-0.21762434574504017,-0.18300464167963865,False,1
-1.3442550308982744,0.8109173805784006,0.22094055779846516,-0.8857719569499729,-0.018036657166634336,0.46436075659391,0.6619781619330728,0.8857719569499737,-0.4804579539762775,-0.4413189078740118,-0.42392804523124894,-0.36138259827485913,-0.3670174951250245,-0.2061916332330533,-0.2902757020437465,-0.2496594146342877,-0.34172467460062167,-0.31693663659725785,False,-0.21519446782476256,-0.2561013217304913,-0.2417614760307234,-0.2618522587637875,False,False,-0.2465551704953185,False,-0.21762434574504017,-0.18300464167963865,True,1
1.7118486682778575,-0.502674876405614,0.176135216333492,-0.9273611870799163,-0.05878545270989114,0.4231783451737032,-0.36744115910358305,0.927361187079917,-0.4949864497933302,0.39352880889082875,0.5427234758488926,0.651647487298748,4.780873320441908,-0.2061916332330533,-0.2902757020437465,-0.2496594146342877,-0.34172467460062167,-0.31693663659725785,False,-0.21519446782476256,-0.2561013217304913,-0.2417614760307234,-0.2618522587637875,True,False,-0.2465551704953185,False,-0.21762434574504017,-0.18300464167963865,False,1
-0.019943427921950616,-0.15173127747889262,0.012753720638459318,-0.9273611870799163,-0.2002057004030518,0.26531745488085273,-0.17603149580273217,0.927361187079917,-0.5304007239417743,-0.3857375034290291,-0.35232422885494213,-0.2782941625976166,-0.3670174951250245,-0.2061916332330533,-0.2902757020437465,-0.2496594146342877,-0.34172467460062167,-0.31693663659725785,True,-0.21519446782476256,-0.2561013217304913,-0.2417614760307234,-0.2618522587637875,False,False,-0.2465551704953185,False,-0.21762434574504017,-0.18300464167963865,False,1
0.38753706530153365,0.5167770605433971,0.4845848477511624,-0.9689504172098596,0.23887819839632932,0.6907576995374674,0.6940378201425174,0.9689504172098604,-0.42569827189642995,-0.5494773165237077,-0.5671356779838624,-0.5321477731865749,-0.3670174951250245,-0.2061916332330533,-0.2902757020437465,-0.2496594146342877,-0.34172467460062167,-0.31693663659725785,False,-0.21519446782476256,-0.2561013217304913,-0.2417614760307234,-0.2618522587637875,True,False,-0.2465551704953185,False,4.490893826890875,-0.18300464167963865,False,1
-0.42742392114543487,0.01878454157901818,-0.6852273500254379,-1.0105396473398032,-0.6776472431201906,-0.6011468580493875,-0.36744115910358305,1.0105396473398038,-0.6527684502335946,0.19223399279278353,0.3279120267199722,0.44482104834136443,2.599055472985142,-0.2061916332330533,-0.2902757020437465,-0.2496594146342877,-0.34172467460062167,-0.31693663659725785,False,-0.21519446782476256,-0.2561013217304913,-0.2417614760307234,-0.2618522587637875,True,False,-0.2465551704953185,False,-0.21762434574504017,-0.18300464167963865,False,1
-1.6498654008158877,1.7204365382580589,0.23995282811466778,-1.0521288774697466,-0.000489969823500746,0.48158051178671263,1.4026071866888499,1.0521288774697473,-0.49273654252589816,1.7473866671621963,1.7957902624342612,1.7033631708733898,-0.3670174951250245,-0.2061916332330533,-0.2902757020437465,-0.2496594146342877,-0.34172467460062167,-0.31693663659725785,True,-0.21519446782476256,-0.2561013217304913,-0.2417614760307234,-0.2618522587637875,False,False,-0.2465551704953185,False,-0.21762434574504017,-0.18300464167963865,False,1
-1.0386446609806612,4.260710472281473,-0.6762320403876201,-1.0521288774697466,-0.6728004482278407,-0.5871919595560728,0.7764445895937919,1.0521288774697473,-0.6529492477287977,2.9022030095157207,2.690837967138096,2.3313807611952413,-0.3670174951250245,-0.2061916332330533,2.4526933346077593,-0.2496594146342877,-0.34172467460062167,1.5395910171770963,False,-0.21519446782476256,2.5590056790376305,2.76796883145431,-0.2618522587637875,True,False,-0.2465551704953185,False,-0.21762434574504017,-0.18300464167963865,False,1
-1.4461251542041456,-0.5595877417598839,0.20104192834815512,-1.0937181075996898,-0.03623818271426146,0.44617660826199945,-0.4058058938043567,1.0937181075996907,-0.5049749638043288,-0.7291154142231449,-0.8177490353009362,-0.846951878112884,-0.3670174951250245,-0.2061916332330533,-0.2902757020437465,-0.2496594146342877,-0.34172467460062167,-0.31693663659725785,False,-0.21519446782476256,-0.2561013217304913,-0.2417614760307234,-0.2618522587637875,True,False,-0.2465551704953185,False,-0.21762434574504017,-0.18300464167963865,False,1
1.2024980517485022,-0.7893248294824479,-0.35834685309832637,-1.1353073377296332,-0.4796182170067593,-0.14816523387471947,-0.581514105240757,1.135307337729634,-0.6109346710316813,0.4279542283105815,0.5785253840370459,0.6852420646648492,-0.3670174951250245,-0.2061916332330533,-0.2902757020437465,-0.2496594146342877,-0.34172467460062167,-0.31693663659725785,False,-0.21519446782476256,-0.2561013217304913,-0.2417614760307234,-0.2618522587637875,False,False,-0.2465551704953185,False,-0.21762434574504017,-0.18300464167963865,False,1
-0.019943427921950616,1.198012558936879,-1.1462892811042715,-1.1768965678595766,-0.8803940808432685,-1.4922582403380178,-0.36744115910358305,1.1768965678595775,-0.7039500184960155,-1.154863964937978,-1.4979852908758506,-1.8274007512254888,-0.3670174951250245,-0.2061916332330533,-0.2902757020437465,-0.2496594146342877,-0.34172467460062167,2.806132334305666,False,-0.21519446782476256,-0.2561013217304913,-0.2417614760307234,-0.2618522587637875,False,False,-0.2465551704953185,False,-0.21762434574504017,-0.18300464167963865,False,1
1.100627928442631,-0.44200235704802754,-0.6296975414131541,-1.21848579798952,-0.6471823839247755,-0.5165281109345082,-0.4813944334847058,1.2184857979895207,-0.6522228101033054,0.29175475075170515,0.4353177512844324,0.5493833981846884,-0.3670174951250245,-0.2061916332330533,-0.2902757020437465,-0.2496594146342877,-0.34172467460062167,-0.31693663659725785,False,-0.21519446782476256,-0.2561013217304913,-0.2417614760307234,-0.2618522587637875,True,False,-0.2465551704953185,False,-0.21762434574504017,-0.18300464167963865,False,1
1.6099785449719863,0.13508906257540407,-0.706705686295186,-1.2600750281194635,-0.6890821072213845,-0.6348699882092723,-0.34480973630168127,1.2600750281194641,-0.6627067058189308,1.8340135407566287,1.8673940788105678,1.7568445499494498,-0.3670174951250245,-0.2061916332330533,-0.2902757020437465,-0.2496594146342877,-0.34172467460062167,4.3787305262784075,False,-0.21519446782476256,-0.2561013217304913,-0.2417614760307234,-0.2618522587637875,True,False,-0.2465551704953185,False,-0.21762434574504017,-0.18300464167963865,False,1
1.4062382983602442,-0.08715120639498183,-0.8077313603953075,-1.301664258249407,-0.740258705081652,-0.8016694079334259,-0.4297009196202972,1.3016642582494076,-0.6748978850069679,0.5327326866899744,0.6859311086015061,0.7845944961420949,1.3014446568696896,-0.2061916332330533,-0.2902757020437465,-0.2496594146342877,-0.34172467460062167,-0.31693663659725785,False,-0.21519446782476256,-0.2561013217304913,-0.2417614760307234,-0.2618522587637875,False,False,-0.2465551704953185,False,-0.21762434574504017,3.4164562666907696,False,1
1.6099785449719863,-0.16233102773736574,-0.7720743708939859,-1.301664258249407,-0.7226872132610755,-0.741182629276552,-0.4374227218559828,1.3016642582494076,-0.6710800383155497,1.2888400804910896,1.4019692723645738,1.3976943797069663,-0.3670174951250245,-0.2061916332330533,-0.2902757020437465,-0.2496594146342877,-0.34172467460062167,-0.31693663659725785,False,-0.21519446782476256,-0.2561013217304913,-0.2417614760307234,-0.2618522587637875,False,False,-0.2465551704953185,False,-0.21762434574504017,-0.18300464167963865,False,1
2.0174590381954705,-0.7189442933734421,-0.43683399398010764,-1.3432534883793503,-0.5312760217294197,-0.2478667833200334,-0.5549198656918198,1.343253488379351,-0.6310287960488663,-0.8262576886585199,-0.9609566680535497,-1.0368896279222006,-0.3670174951250245,-0.2061916332330533,-0.2902757020437465,2.4427403949168585,-0.34172467460062167,-0.31693663659725785,False,-0.21519446782476256,-0.2561013217304913,-0.2417614760307234,-0.2618522587637875,False,False,-0.2465551704953185,False,-0.21762434574504017,-0.18300464167963865,False,1
0.4894071886074047,0.44158131783132293,-0.9290601340735898,-1.3432534883793503,-0.7960340530598401,-1.0225099589891222,-0.36846977612328724,1.343253488379351,-0.6877204092578624,-0.49589884557223796,-0.4955318616075557,-0.44598181527937314,-0.3670174951250245,-0.2061916332330533,-0.2902757020437465,-0.2496594146342877,-0.34172467460062167,-0.31693663659725785,False,-0.21519446782476256,-0.2561013217304913,-0.2417614760307234,-0.2618522587637875,True,False,-0.2465551704953185,False,-0.21762434574504017,-0.18300464167963865,False,1
2.1193291615013417,1.1923581148241174,-1.1451315596377132,-1.3848427185092937,-0.8799972092041816,-1.4894353352464964,-0.36744115910358305,1.3848427185092944,-0.7061260970622376,-0.8023476700797098,-0.9251547598653964,-0.9886733544545178,-0.3670174951250245,-0.2061916332330533,-0.2902757020437465,-0.2496594146342877,-0.34172467460062167,-0.31693663659725785,False,-0.21519446782476256,-0.2561013217304913,-0.2417614760307234,-0.2618522587637875,False,False,-0.2465551704953185,False,-0.21762434574504017,-0.18300464167963865,False,1
1.2024980517485022,-0.10781070188675633,-0.5721976395299325,-1.4264319486392372,-0.6142668423579981,-0.4325538660756398,-0.36744115910358305,1.4264319486392378,-0.6512440473930967,-1.0727436917039497,-1.354777658123237,-1.6031246259904917,-0.3670174951250245,-0.2061916332330533,-0.2902757020437465,-0.2496594146342877,2.502954462670767,-0.31693663659725785,False,-0.21519446782476256,-0.2561013217304913,-0.2417614760307234,-0.2618522587637875,False,False,-0.2465551704953185,False,-0.21762434574504017,-0.18300464167963865,False,1
2.0174590381954705,-0.7655823846293972,-0.5698404014207343,-1.4680211787691806,-0.6128877134121709,-0.429186034344273,-0.5741776634977468,1.4680211787691813,-0.6521324860378285,-0.8964855442748155,-1.06836239261801,-1.184610884272229,4.780873320441908,-0.2061916332330533,-0.2902757020437465,-0.2496594146342877,-0.34172467460062167,-0.31693663659725785,False,-0.21519446782476256,-0.2561013217304913,-0.2417614760307234,-0.2618522587637875,False,False,-0.2465551704953185,False,-0.21762434574504017,-0.18300464167963865,False,1
-0.019943427921950616,0.16610988087443834,-0.787373727824735,-1.509610408899124,-0.73029226604508,-0.7669100598277737,-0.36744115910358305,1.5096104088991247,-0.6770375925384821,-0.49589884557223796,-0.4955318616075557,-0.44598181527937314,-0.3670174951250245,7.745637925306414,-0.2902757020437465,-0.2496594146342877,-0.34172467460062167,-0.31693663659725785,False,-0.21519446782476256,-0.2561013217304913,-0.2417614760307234,-0.2618522587637875,False,False,-0.2465551704953185,False,-0.21762434574504017,-0.18300464167963865,False,1
-0.019943427921950616,0.1164939958174807,-0.755766039983435,-1.4680211787691806,-0.7144719703319748,-0.7141211361704933,-0.36744115910358305,1.4680211787691813,-0.6729780032268443,-0.2424025752995131,-0.1733146879141752,-0.07684153992782201,-0.3670174951250245,-0.2061916332330533,-0.2902757020437465,-0.2496594146342877,-0.34172467460062167,-0.31693663659725785,False,-0.21519446782476256,-0.2561013217304913,-0.2417614760307234,-0.2618522587637875,False,False,-0.2465551704953185,False,-0.21762434574504017,-0.18300464167963865,False,1
0.4894071886074047,0.3023529065578286,-0.8628107966950064,-1.5511996390290674,-0.7663480544561331,-0.8988877379650754,-0.36744115910358305,1.551199639029068,-0.6850276442618294,-0.15339721818153415,-0.06590896334971505,0.03997201175105678,-0.3670174951250245,-0.2061916332330533,2.5044946543176936,-0.2496594146342877,-0.34172467460062167,-0.31693663659725785,False,-0.21519446782476256,2.612169333390244,-0.2417614760307234,-0.2618522587637875,False,False,-0.2465551704953185,False,-0.21762434574504017,3.8995770283789293,False,1
-0.12181355122782168,-0.35229822367077596,-0.22825717607676874,-1.5511996390290674,-0.3882782092708883,0.006786128956469513,-0.36744115910358305,1.551199639029068,-0.6095429183015283,-0.21298448961354258,-0.13751277972602183,-0.037576929259752624,-0.3670174951250245,-0.2061916332330533,-0.2902757020437465,-0.2496594146342877,-0.34172467460062167,-0.31693663659725785,False,-0.21519446782476256,-0.2561013217304913,4.072302251198652,-0.2618522587637875,False,False,-0.2465551704953185,False,-0.21762434574504017,5.560389661358925,False,1
1.8137187915837285,-0.5358573406887688,-0.4310384803969988,-1.634378099288954,-0.5275503892174906,-0.24033091117427366,-0.48484796393342183,1.6343780992889547,-0.6399349574597253,-0.0928084800027693,0.005694853026591727,0.11624960122671975,-0.3670174951250245,-0.2061916332330533,-0.2902757020437465,-0.2496594146342877,-0.34172467460062167,-0.31693663659725785,False,-0.21519446782476256,-0.2561013217304913,-0.2417614760307234,6.592422786129169,True,False,-0.2465551704953185,False,-0.21762434574504017,-0.18300464167963865,False,1
-0.019943427921950616,1.292533907065654,-1.164938641448736,-1.6759673294188975,-0.8867093008002404,-1.5382941379960435,-0.36744115910358305,1.6759673294188981,-0.7100923494657554,-0.8499173405506408,-0.9967585762417032,-1.085610793013382,-0.3670174951250245,-0.2061916332330533,-0.2902757020437465,-0.2496594146342877,-0.34172467460062167,-0.31693663659725785,False,-0.21519446782476256,-0.2561013217304913,-0.2417614760307234,-0.2618522587637875,False,False,-0.2465551704953185,False,-0.21762434574504017,-0.18300464167963865,False,1
-0.019943427921950616,0.8273094754378783,-1.057996602530261,-1.717556559548841,-0.8485054446426289,-1.287737297065558,-0.36744115910358305,1.7175565595488416,-0.7031826682905744,-0.5494773165237077,-0.5671356779838624,-0.5321477731865749,-0.3670174951250245,-0.2061916332330533,-0.2902757020437465,-0.2496594146342877,-0.34172467460062167,-0.31693663659725785,True,-0.21519446782476256,-0.2561013217304913,-0.2417614760307234,-0.2618522587637875,False,False,-0.2465551704953185,False,-0.21762434574504017,-0.18300464167963865,False,1
-0.631164167757177,-0.3608361474044664,-0.211158206475301,-1.7591457896787843,-0.37574202637122794,0.02628135308729994,-0.36744115910358305,1.759145789678785,-0.6151759091959249,-1.154863964937978,-1.4979852908758506,-1.8274007512254888,-0.3670174951250245,-0.2061916332330533,-0.2902757020437465,-0.2496594146342877,-0.34172467460062167,-0.31693663659725785,False,-0.21519446782476256,-0.2561013217304913,-0.2417614760307234,-0.2618522587637875,True,False,-0.2465551704953185,False,-0.21762434574504017,-0.18300464167963865,False,1
-0.019943427921950616,0.9112624651825043,-1.0804970165907013,-1.8007350198087277,-0.856943927868716,-1.337888391453683,-0.36744115910358305,1.8007350198087284,-0.7055512489026668,-0.7781872848142106,-0.889352851677243,-0.9409516155838652,-0.3670174951250245,-0.2061916332330533,1.4663750601497385,-0.2496594146342877,-0.34172467460062167,-0.31693663659725785,False,-0.21519446782476256,-0.2561013217304913,-0.2417614760307234,-0.2618522587637875,False,False,-0.2465551704953185,False,-0.21762434574504017,-0.18300464167963865,False,1
1.3043681750543732,0.7765874205077824,-1.0435348380031098,-1.8839134800686146,-0.8429690852773654,-1.2561604593576272,-0.36744115910358305,1.8839134800686153,-0.7037658714986307,-1.0301813549668009,-1.2831738417469303,-1.4949144290361405,-0.3670174951250245,-0.2061916332330533,-0.2902757020437465,-0.2496594146342877,-0.34172467460062167,-0.31693663659725785,True,-0.21519446782476256,-0.2561013217304913,-0.2417614760307234,-0.2618522587637875,False,False,-0.2465551704953185,False,-0.21762434574504017,-0.18300464167963865,False,1
-0.019943427921950616,-0.4682605252289424,-0.9561209603922396,-1.925502710198558,-0.8076276658166688,-1.0753098020004759,-0.5291115232056983,1.9255027101985587,-0.6978581967841536,-0.9866175514828954,-1.2115700253706234,-1.3891637689445544,-0.3670174951250245,-0.2061916332330533,-0.2902757020437465,-0.2496594146342877,-0.34172467460062167,-0.31693663659725785,False,-0.21519446782476256,-0.2561013217304913,2.75543392995416,-0.2618522587637875,False,False,-0.2465551704953185,False,-0.21762434574504017,-0.18300464167963865,False,1
1.4062382983602442,0.514664826613479,-0.7980197594680748,-1.8423242499386712,-0.7355260107855397,-0.7850114538103086,-0.2945389796995959,1.8423242499386718,-0.6837749886971416,1.6617612603145204,1.7241864460579543,1.6492599013627771,-0.3670174951250245,-0.2061916332330533,1.9122900324690957,-0.2496594146342877,-0.34172467460062167,-0.31693663659725785,False,-0.21519446782476256,2.004390188027244,-0.2417614760307234,-0.2618522587637875,False,False,-0.2465551704953185,False,-0.21762434574504017,-0.18300464167963865,False,1
-0.019943427921950616,0.06635064736113341,-0.7210731669689799,-2.008681170458445,-0.6966226683640374,-0.6577527982550954,-0.36744115910358305,2.0086811704584453,-0.6794510606122443,-0.21298448961354258,-0.13751277972602183,-0.037576929259752624,-0.3670174951250245,-0.2061916332330533,-0.2902757020437465,-0.2496594146342877,-0.34172467460062167,-0.31693663659725785,False,-0.21519446782476256,-0.2561013217304913,-0.2417614760307234,-0.2618522587637875,False,False,-0.2465551704953185,False,-0.21762434574504017,-0.18300464167963865,False,1
1.7118486682778575,-0.7460576184403246,-0.08667983885257885,-2.050270400588388,-0.2807656822422224,0.16270636697316276,-0.5564958308066901,2.050270400588389,-0.6086600522378649,-0.7042039288975783,-0.7819471271127828,-0.8006546926294275,-0.3670174951250245,-0.2061916332330533,-0.2902757020437465,-0.2496594146342877,-0.34172467460062167,-0.31693663659725785,False,-0.21519446782476256,-0.2561013217304913,-0.2417614760307234,-0.2618522587637875,False,False,-0.2465551704953185,False,-0.21762434574504017,-0.18300464167963865,False,1
1.7118486682778575,-0.7887650187735686,-0.5398427344585462,-2.0918596307183317,-0.5951326684585166,-0.38681997506650045,-0.5814616942681021,2.091859630718332,-0.6635061061487181,0.12713865425361467,0.25630821034366547,0.3737841150440583,-0.3670174951250245,-0.2061916332330533,-0.2902757020437465,-0.2496594146342877,-0.34172467460062167,-0.31693663659725785,False,-0.21519446782476256,-0.2561013217304913,-0.2417614760307234,-0.2618522587637875,False,False,5.704001261827254,False,-0.21762434574504017,-0.18300464167963865,False,1
1.3043681750543732,-0.7731283922965129,0.9976098156898041,-2.133448860848275,0.8227904800895306,1.0686719534447333,-0.556885447410834,2.133448860848276,-0.42626392635647914,-0.6536298581863779,-0.710343310736476,-0.7094198331749116,-0.3670174951250245,-0.2061916332330533,-0.2902757020437465,-0.2496594146342877,-0.34172467460062167,-0.31693663659725785,True,-0.21519446782476256,-0.2561013217304913,-0.2417614760307234,1.5921470738311594,False,False,-0.2465551704953185,False,-0.21762434574504017,-0.18300464167963865,False,1
-0.019943427921950616,1.297133043169736,-1.1658136204347702,-2.133448860848275,-0.887001993634067,-1.5404804921958537,-0.36744115910358305,2.133448860848276,-0.7133284285756766,-0.4413189078740118,-0.42392804523124894,-0.36138259827485913,-0.3670174951250245,-0.2061916332330533,2.6975408162883285,-0.2496594146342877,-0.34172467460062167,1.7053114881788036,False,-0.21519446782476256,2.8102924601092996,-0.2417614760307234,-0.2618522587637875,False,False,-0.2465551704953185,False,-0.21762434574504017,-0.18300464167963865,False,1
0.6931474352191468,1.3036374974993121,-1.1670461597790045,-2.3413950114979922,-0.8874137479596197,-1.5435643956806013,-0.36744115910358305,2.3413950114979927,-0.7145905861864246,-0.9193940961068692,-1.1041643008061632,-1.2349122255551288,-0.3670174951250245,-0.2061916332330533,-0.2902757020437465,-0.2496594146342877,-0.34172467460062167,-0.31693663659725785,False,-0.21519446782476256,-0.2561013217304913,-0.2417614760307234,-0.2618522587637875,False,False,-0.2465551704953185,False,-0.21762434574504017,-0.18300464167963865,False,1
1.2024980517485022,-0.6104811325559919,-0.7974218130546488,-2.5077519320177655,-0.735233317951713,-0.7839903769767054,-0.5423662703504184,2.5077519320177664,-0.692276858181181,0.9361986022894768,1.0797520986711935,1.1317460683856633,-0.3670174951250245,-0.2061916332330533,4.208274430513688,-0.2496594146342877,-0.34172467460062167,-0.31693663659725785,True,-0.21519446782476256,4.36075719991302,-0.2417614760307234,-0.2618522587637875,False,False,-0.2465551704953185,False,-0.21762434574504017,-0.18300464167963865,False,1
1.8137187915837285,-0.7877603012581571,-0.841459831738969,-2.715698082667483,-0.7563865763150497,-0.8606343499930709,-0.5815107003515821,2.7156980826674837,-0.6974639961633674,-1.2518810560300084,-1.6769948318166175,-2.1238595243449767,-0.3670174951250245,-0.2061916332330533,-0.2902757020437465,-0.2496594146342877,-0.34172467460062167,-0.31693663659725785,False,-0.21519446782476256,-0.2561013217304913,-0.2417614760307234,-0.2618522587637875,False,False,-0.2465551704953185,False,-0.21762434574504017,-0.18300464167963865,False,1
0.28566694199566256,0.3599059853494931,1.3107101266032304,1.1936895495471973,1.2336716880362923,1.2682761672530218,1.4286967243795352,-1.1936895495471962,3.4258062986995603,0.15956114017985457,0.29211011853181884,0.40943814967596037,-0.3670174951250245,-0.2061916332330533,-0.2902757020437465,-0.2496594146342877,-0.34172467460062167,-0.31693663659725785,False,-0.21519446782476256,-0.2561013217304913,-0.2417614760307234,-0.2618522587637875,False,False,3.432028887943203,True,-0.21762434574504017,-0.18300464167963865,False,1
-0.019943427921950616,-0.29023603721360514,-0.339095841302921,1.2352787796771407,-0.4665512182898201,-0.12445771771446162,-0.36744115910358305,-1.2352787796771396,0.4316785088770451,-0.6790420768853226,-0.7461452189246294,-0.7548136444682138,1.364612630749893,3.4711870204529203,-0.2902757020437465,-0.2496594146342877,-0.34172467460062167,-0.31693663659725785,False,3.7876977527535605,-0.2561013217304913,2.5642804639788133,-0.2618522587637875,False,False,-0.2465551704953185,True,-0.21762434574504017,-0.18300464167963865,False,1
1.4062382983602442,-0.6239089723155571,-0.7435912537900148,1.1521003194172539,-0.708265890075752,-0.6941567698634026,-0.5418371384123375,-1.152100319417253,-0.2245209615820743,-0.12322803243549628,-0.03010705516156166,0.07826711477503,-0.3670174951250245,-0.2061916332330533,-0.2902757020437465,-0.2496594146342877,-0.34172467460062167,-0.31693663659725785,False,-0.21519446782476256,-0.2561013217304913,-0.2417614760307234,-0.2618522587637875,True,False,2.8190961243786794,False,-0.21762434574504017,-0.18300464167963865,False,1
1.5081084216661154,-0.7651671872077777,0.4504793323046241,1.1936895495471973,0.2039931813205828,0.6628856270940037,-0.5578098748217896,-1.1936895495471962,1.5241570180376256,0.39352880889082875,0.5427234758488926,0.651647487298748,-0.3670174951250245,-0.2061916332330533,-0.2902757020437465,-0.2496594146342877,-0.34172467460062167,-0.31693663659725785,True,-0.21519446782476256,-0.2561013217304913,-0.2417614760307234,-0.2618522587637875,False,False,5.704001261827254,False,-0.21762434574504017,-0.18300464167963865,False,1
1.4062382983602442,-0.5218352162028993,0.2782922465119301,1.1105110892873105,0.03535746097703172,0.5158569190495699,-0.3620810244804876,-1.1105110892873096,0.8230537739771445,0.22515721209240164,0.3637139349081256,0.47993690371735714,-0.3670174951250245,-0.2061916332330533,-0.2902757020437465,-0.2496594146342877,1.7015907734347602,-0.31693663659725785,False,-0.21519446782476256,-0.2561013217304913,-0.2417614760307234,-0.2618522587637875,False,False,-0.2465551704953185,True,-0.21762434574504017,-0.18300464167963865,False,1
-0.12181355122782168,-0.7756349850756074,-0.8334426241824175,1.0689218591573673,-0.7525964521617688,-0.846458794288323,-0.5789911066828741,-1.0689218591573661,-0.3769850226623429,-0.7042039288975783,-0.7819471271127828,-0.8006546926294275,-0.3670174951250245,-0.2061916332330533,-0.2902757020437465,-0.2496594146342877,-0.34172467460062167,-0.31693663659725785,False,-0.21519446782476256,-0.2561013217304913,-0.2417614760307234,-0.2618522587637875,False,False,-0.2465551704953185,True,-0.21762434574504017,-0.18300464167963865,False,1
0.28566694199566256,-0.06340736364993016,-0.14941920898775882,1.1521003194172539,-0.329451910567219,0.09511880899908515,-0.19281510656916062,-1.152100319417253,0.39735282561458496,-0.6790420768853226,-0.7461452189246294,-0.7548136444682138,-0.3670174951250245,-0.2061916332330533,-0.2902757020437465,-0.2496594146342877,-0.34172467460062167,-0.31693663659725785,True,5.500367020909709,-0.2561013217304913,-0.2417614760307234,-0.2618522587637875,False,False,-0.2465551704953185,False,-0.21762434574504017,-0.18300464167963865,False,1
0.1837968186897915,-0.64329724525797,-0.33905951555915287,1.0689218591573673,-0.46652641381237714,-0.12441324961118158,-0.5188654577390078,-1.0689218591573661,0.007251330792890908,-0.6790420768853226,-0.7461452189246294,-0.7548136444682138,-0.3670174951250245,-0.2061916332330533,-0.2902757020437465,-0.2496594146342877,-0.34172467460062167,-0.31693663659725785,False,-0.21519446782476256,-0.2561013217304913,-0.2417614760307234,6.592422786129169,False,False,-0.2465551704953185,True,-0.21762434574504017,-0.18300464167963865,False,1
-0.7330342910630481,-0.6927552046084644,0.152445552377197,1.0689218591573673,-0.07998832002811364,0.4010535634056113,-0.5106885677444746,-1.0689218591573661,0.5264318380706411,-0.21298448961354258,-0.13751277972602183,-0.037576929259752624,-0.3670174951250245,-0.2061916332330533,3.923440514664757,-0.2496594146342877,-0.34172467460062167,-0.31693663659725785,False,-0.21519446782476256,-0.2561013217304913,-0.2417614760307234,-0.2618522587637875,False,True,-0.2465551704953185,False,-0.21762434574504017,-0.18300464167963865,False,1
-0.019943427921950616,-0.6705808036213523,-0.5435794996109509,1.0689218591573673,-0.5973650714283809,-0.39204836213936034,-0.5427661259427237,-1.0689218591573661,-0.16848524401034048,-0.5494773165237077,-0.5671356779838624,-0.5321477731865749,-0.3670174951250245,3.4800404890881462,-0.2902757020437465,-0.2496594146342877,-0.34172467460062167,1.4181146929272503,False,3.797334911192373,-0.2561013217304913,-0.2417614760307234,-0.2618522587637875,False,False,2.2779316032538364,False,-0.21762434574504017,-0.18300464167963865,False,1
-0.5292940444513059,0.9033980995017562,1.7605342616709705,1.1105110892873105,1.8963084202378873,1.523877699523163,3.249078622658691,-1.1105110892873096,3.5725535682873026,0.15956114017985457,0.29211011853181884,0.40943814967596037,-0.3670174951250245,-0.2061916332330533,3.7736326356431054,-0.2496594146342877,-0.34172467460062167,-0.31693663659725785,False,-0.21519446782476256,-0.2561013217304913,-0.2417614760307234,-0.2618522587637875,False,False,-0.2465551704953185,True,-0.21762434574504017,-0.18300464167963865,False,1
-0.3255537978395638,-0.5712304503368001,1.3533751011797626,0.9857433988974803,1.2928601321106286,1.2939839576812724,-0.18836458808911044,-0.9857433988974793,1.892538678934043,-0.2424025752995131,-0.1733146879141752,-0.07684153992782201,-0.3670174951250245,-0.2061916332330533,2.6755732359530393,2.7846689274538936,1.753031236761495,-0.31693663659725785,False,-0.21519446782476256,-0.2561013217304913,-0.2417614760307234,-0.2618522587637875,True,False,-0.2465551704953185,False,-0.21762434574504017,-0.18300464167963865,False,1
-2.159216017345243,-0.7870882680889202,0.6891040233771345,1.1936895495471973,0.45835813660241254,0.8501469219275768,-0.577879811657815,-1.1936895495471962,1.9939278553256259,-0.49589884557223796,-0.4955318616075557,-0.44598181527937314,1.187273040447434,3.094579560183553,-0.2902757020437465,-0.2496594146342877,-0.34172467460062167,-0.31693663659725785,False,3.37775381852939,-0.2561013217304913,-0.2417614760307234,-0.2618522587637875,False,False,-0.2465551704953185,True,2.7353112387031304,-0.18300464167963865,False,1
0.1837968186897915,-0.25594899517136915,1.7807480091903214,1.0689218591573673,1.928087916737778,1.534625028497539,0.6405425605299945,-1.0689218591573661,3.2235891325814015,-0.27157029429879453,-0.2091165961023286,-0.11644032151224208,-0.3670174951250245,-0.2061916332330533,3.69546645987418,-0.2496594146342877,-0.34172467460062167,-0.31693663659725785,False,-0.21519446782476256,-0.2561013217304913,-0.2417614760307234,-0.2618522587637875,False,False,-0.2465551704953185,True,-0.21762434574504017,-0.18300464167963865,False,1
1.5081084216661154,-0.6094852944293542,-0.134244734945289,0.9441541687675369,-0.3178285324374588,0.11167833528165245,-0.483454063106855,-0.9441541687675359,0.00499772420606491,-0.4687340600664694,-0.4597299534194023,-0.4034899331809136,-0.3670174951250245,-0.2061916332330533,-0.2902757020437465,-0.2496594146342877,-0.34172467460062167,-0.31693663659725785,False,-0.21519446782476256,-0.2561013217304913,-0.2417614760307234,-0.2618522587637875,False,True,-0.2465551704953185,False,-0.21762434574504017,-0.18300464167963865,False,1
-0.42742392114543487,0.32984262690071703,1.9817281724366234,0.9857433988974803,2.253433364670316,1.638428929401282,2.262429841311803,-0.9857433988974793,2.9842451662914162,0.22515721209240164,0.3637139349081256,0.47993690371735714,-0.3670174951250245,-0.2061916332330533,-0.2902757020437465,-0.2496594146342877,-0.34172467460062167,-0.31693663659725785,False,-0.21519446782476256,-0.2561013217304913,-0.2417614760307234,-0.2618522587637875,False,False,-0.2465551704953185,True,-0.21762434574504017,-0.18300464167963865,False,1
0.28566694199566256,-0.7803556843163133,-0.9647248113756157,0.8609757085076502,-0.8112491195233376,-1.0923961327599736,-0.580443510801655,-0.8609757085076492,-0.5432093905926109,1.129606867756815,1.2587616396119603,1.2813676019733777,-0.3670174951250245,-0.2061916332330533,-0.2902757020437465,-0.2496594146342877,-0.34172467460062167,-0.31693663659725785,False,-0.21519446782476256,-0.2561013217304913,-0.2417614760307234,-0.2618522587637875,False,False,-0.2465551704953185,False,-0.21762434574504017,-0.18300464167963865,False,1
0.99875780513676,-0.17857296720793558,0.3709180991626481,0.8609757085076502,0.12451963559341285,0.5963011555030243,-0.03890863156499508,-0.8609757085076492,0.3208972059943357,-0.7042039288975783,-0.7819471271127828,-0.8006546926294275,4.780873320441908,-0.2061916332330533,-0.2902757020437465,-0.2496594146342877,-0.34172467460062167,-0.31693663659725785,True,-0.21519446782476256,-0.2561013217304913,-0.2417614760307234,-0.2618522587637875,False,False,-0.2465551704953185,False,-0.21762434574504017,-0.18300464167963865,False,1
-0.8349044143689192,-0.2629300861581913,1.7990278006812543,0.9857433988974803,1.9569752111678222,1.5442942006710167,0.6364094750035826,-0.9857433988974793,2.647315842801705,-0.3575712511765041,-0.31652232066678876,-0.2372998114910998,-0.3670174951250245,-0.2061916332330533,-0.2902757020437465,-0.2496594146342877,-0.34172467460062167,-0.31693663659725785,False,-0.21519446782476256,-0.2561013217304913,-0.2417614760307234,-0.2618522587637875,False,False,-0.2465551704953185,True,-0.21762434574504017,-0.18300464167963865,False,1
1.5081084216661154,-0.561971636732391,-0.4787052097733339,0.9025649386375936,-0.5577721645339649,-0.3031795856567257,-0.5001761426617676,-0.9025649386375925,-0.28071437608779654,0.06304478246120228,0.18470439396735866,0.3016457901563818,-0.3670174951250245,-0.2061916332330533,-0.2902757020437465,-0.2496594146342877,-0.34172467460062167,-0.31693663659725785,False,-0.21519446782476256,-0.2561013217304913,2.3502471380799648,-0.2618522587637875,False,False,2.0797733965987466,True,-0.21762434574504017,-0.18300464167963865,False,1
1.5081084216661154,-0.7226615280373482,0.8056531477036051,1.1936895495471973,0.5913200574875317,0.9355571814456972,-0.4970082824148165,-1.1936895495471962,2.2394869687357946,3.512096258290395,3.1204608653959367,2.605155531471728,-0.3670174951250245,-0.2061916332330533,-0.2902757020437465,-0.2496594146342877,1.6322923939266458,-0.31693663659725785,False,-0.21519446782476256,-0.2561013217304913,-0.2417614760307234,-0.2618522587637875,False,True,-0.2465551704953185,False,-0.21762434574504017,-0.18300464167963865,False,1
1.100627928442631,-0.7203729253979057,-0.4749731966034233,0.7777972482477633,-0.5554405436543289,-0.29818640213592823,-0.5567806619464798,-0.7777972482477623,-0.3546127881493797,1.0514924615098125,1.1871578232356534,1.2220950965663404,3.184755619049475,-0.2061916332330533,-0.2902757020437465,-0.2496594146342877,3.363051386970768,-0.31693663659725785,False,-0.21519446782476256,-0.2561013217304913,-0.2417614760307234,-0.2618522587637875,True,False,-0.2465551704953185,False,-0.21762434574504017,-0.18300464167963865,False,1
-1.2423849075924034,-0.7435523330424083,0.849709674839545,0.7777972482477633,0.6430721192244754,0.9669083798587067,-0.5212112439756613,-0.7777972482477623,0.6291465884641307,-0.7781872848142106,-0.889352851677243,-0.9409516155838652,-0.3670174951250245,-0.2061916332330533,-0.2902757020437465,-0.2496594146342877,-0.34172467460062167,-0.31693663659725785,False,-0.21519446782476256,-0.2561013217304913,-0.2417614760307234,-0.2618522587637875,False,True,-0.2465551704953185,False,-0.21762434574504017,-0.18300464167963865,False,1
0.28566694199566256,-0.7581756849254201,0.24093737844632063,0.7362080181178199,0.00042283494639933333,0.4824681773909348,-0.5563255255463582,-0.7362080181178189,0.05758412403206456,-0.3291546322372901,-0.2807204124786354,-0.19666349422353416,-0.3670174951250245,3.887010006053855,-0.2902757020437465,-0.2496594146342877,-0.34172467460062167,-0.31693663659725785,False,4.24032848539004,-0.2561013217304913,2.881576246409774,-0.2618522587637875,False,True,-0.2465551704953185,False,3.444235282416815,-0.18300464167963865,False,1
0.1837968186897915,-0.21805752220787356,1.9168032629719176,0.7777972482477633,2.1464714970408836,1.6054864259631316,0.8241645369896275,-0.7777972482477623,1.8631621149829076,-0.3857375034290291,-0.35232422885494213,-0.2782941625976166,-0.3670174951250245,-0.2061916332330533,-0.2902757020437465,-0.2496594146342877,-0.34172467460062167,-0.31693663659725785,False,-0.21519446782476256,-0.2561013217304913,-0.2417614760307234,-0.2618522587637875,True,False,-0.2465551704953185,False,7.061975595484174,-0.18300464167963865,False,1
0.08192669538392044,-0.5042672748735666,0.6510412596351843,0.7362080181178199,0.41617564226295395,0.8214372624114021,-0.2630850634346651,-0.7362080181178189,0.3808801397803408,-0.4687340600664694,-0.4597299534194023,-0.4034899331809136,-0.3670174951250245,-0.2061916332330533,-0.2902757020437465,-0.2496594146342877,-0.34172467460062167,2.113760828544208,False,-0.21519446782476256,-0.2561013217304913,-0.2417614760307234,3.6712402038640928,False,False,-0.2465551704953185,True,4.402352647431761,-0.18300464167963865,False,1
-0.019943427921950616,-0.7635882585805497,-0.899121868194407,0.6946187879878765,-0.7828479928511748,-0.9656885327064497,-0.577135052952422,-0.6946187879878756,-0.5607041718423951,0.4279542283105815,0.5785253840370459,0.6852420646648492,1.824122419705933,-0.2061916332330533,-0.2902757020437465,-0.2496594146342877,-0.34172467460062167,1.8732593374828441,True,-0.21519446782476256,-0.2561013217304913,-0.2417614760307234,-0.2618522587637875,False,False,-0.2465551704953185,False,3.9452363787629445,-0.18300464167963865,False,1
2.1193291615013417,-0.5517191546670311,0.8513056446030255,0.9857433988974803,0.6449622204056271,0.9680348418291431,-0.2735019327347452,-0.9857433988974793,1.1561925791485752,1.45207916021239,1.5451769051171875,1.5111836341010303,-0.3670174951250245,-0.2061916332330533,-0.2902757020437465,-0.2496594146342877,-0.34172467460062167,4.3787305262784075,False,-0.21519446782476256,-0.2561013217304913,-0.2417614760307234,-0.2618522587637875,True,False,-0.2465551704953185,False,-0.21762434574504017,-0.18300464167963865,False,1
1.8137187915837285,-0.7246096523781574,-0.8044646945424735,0.6946187879878765,-0.738671218525304,-0.7960505827314384,-0.5677110128547553,-0.6946187879878756,-0.5280692355702131,-0.3575712511765041,-0.31652232066678876,-0.2372998114910998,-0.3670174951250245,-0.2061916332330533,-0.2902757020437465,-0.2496594146342877,-0.34172467460062167,-0.31693663659725785,False,-0.21519446782476256,-0.2561013217304913,-0.2417614760307234,-0.2618522587637875,False,False,-0.2465551704953185,False,-0.21762434574504017,-0.18300464167963865,False,1
0.28566694199566256,0.6201801646624812,1.7273571505792251,0.7777972482477633,1.8445216322325235,1.50611070896699,2.55194860147131,-0.7777972482477623,1.6153165811202055,0.06304478246120228,0.18470439396735866,0.3016457901563818,-0.3670174951250245,-0.2061916332330533,-0.2902757020437465,-0.2496594146342877,-0.34172467460062167,-0.31693663659725785,False,-0.21519446782476256,-0.2561013217304913,-0.2417614760307234,-0.2618522587637875,False,False,-0.2465551704953185,True,-0.21762434574504017,-0.18300464167963865,False,1
-1.2423849075924034,-0.7279840357245623,1.072120867221319,0.7362080181178199,0.9168242540757046,1.1180270891366855,-0.48780134048299817,-0.7362080181178189,0.7701924875036577,-0.5228132643913174,-0.5313337697957091,-0.48886533314690633,-0.3670174951250245,-0.2061916332330533,6.271762913702074,-0.2496594146342877,-0.34172467460062167,-0.31693663659725785,False,-0.21519446782476256,-0.2561013217304913,-0.2417614760307234,-0.2618522587637875,False,True,-0.2465551704953185,False,-0.21762434574504017,-0.18300464167963865,False,1
-0.019943427921950616,-0.4703276369448045,0.06551569789063523,0.6946187879878765,-0.15576599861628598,0.31768319173844073,-0.36744115910358305,-0.6946187879878756,-0.09745665702092872,-1.0085246365681926,-1.247371933558777,-1.4417386645125083,-0.3670174951250245,-0.2061916332330533,-0.2902757020437465,-0.2496594146342877,-0.34172467460062167,-0.31693663659725785,False,-0.21519446782476256,-0.2561013217304913,-0.2417614760307234,-0.2618522587637875,False,False,-0.2465551704953185,False,-0.21762434574504017,-0.18300464167963865,False,1
0.99875780513676,-0.5084879398609489,-0.05499753434635861,0.6530295578579332,-0.25554945047373273,0.19598107214172175,-0.4148521736083989,-0.6530295578579322,-0.19804723182891262,0.5327326866899744,0.6859311086015061,0.7845944961420949,-0.3670174951250245,-0.2061916332330533,2.189194319594071,2.2870598577556334,-0.34172467460062167,-0.31693663659725785,False,-0.21519446782476256,2.288576843732195,-0.2417614760307234,-0.2618522587637875,False,False,-0.2465551704953185,True,-0.21762434574504017,-0.18300464167963865,False,1
-1.5479952775100165,-0.7236195586195592,-0.36981389073771803,0.6530295578579332,-0.48732744859602406,-0.162422714462934,-0.5544007538561676,-0.6530295578579322,-0.361116332395487,-0.2424025752995131,-0.1733146879141752,-0.07684153992782201,-0.3670174951250245,5.6721398572948125,-0.2902757020437465,3.932655691007033,-0.34172467460062167,-0.31693663659725785,False,-0.21519446782476256,-0.2561013217304913,-0.2417614760307234,-0.2618522587637875,False,True,-0.2465551704953185,False,-0.21762434574504017,-0.18300464167963865,False,1
-0.019943427921950616,-0.11051214130526613,1.7381065563859155,0.9025649386375936,1.86124977182004,1.5118846771052463,0.9377514939368167,-0.9025649386375925,2.1019743538644873,0.06304478246120228,0.18470439396735866,0.3016457901563818,3.184755619049475,-0.2061916332330533,-0.2902757020437465,-0.2496594146342877,3.363051386970768,-0.31693663659725785,True,-0.21519446782476256,-0.2561013217304913,-0.2417614760307234,-0.2618522587637875,False,False,-0.2465551704953185,False,-0.21762434574504017,-0.18300464167963865,False,1
0.38753706530153365,-0.4583727554138757,0.20907432322524389,0.7777972482477633,-0.02891094007761789,0.45353700792318224,-0.3267283277056445,-0.7777972482477623,0.07757157721144169,-1.0085246365681926,-1.247371933558777,-1.4417386645125083,-0.3670174951250245,-0.2061916332330533,-0.2902757020437465,-0.2496594146342877,-0.34172467460062167,-0.31693663659725785,False,-0.21519446782476256,-0.2561013217304913,-0.2417614760307234,-0.2618522587637875,False,False,-0.2465551704953185,False,-0.21762434574504017,-0.18300464167963865,True,1
0.1837968186897915,0.9819900921623043,-1.0981988741385034,0.6114403277279897,-0.8634327791677883,-1.3782552443889102,-0.36744115910358305,-0.6114403277279887,-0.6307216105332405,0.12713865425361467,0.25630821034366547,0.3737841150440583,2.6491622694837025,-0.2061916332330533,-0.2902757020437465,-0.2496594146342877,-0.34172467460062167,-0.31693663659725785,False,-0.21519446782476256,-0.2561013217304913,-0.2417614760307234,-0.2618522587637875,False,False,-0.2465551704953185,False,-0.21762434574504017,-0.18300464167963865,False,1
-2.362956263956985,-0.5907360255266217,-0.7962875743196276,0.5698510975980463,-0.7346776976569912,-0.7820549496579542,-0.5379257598124785,-0.5698510975980453,-0.5525715294708298,-0.7781872848142106,-0.889352851677243,-0.9409516155838652,-0.3670174951250245,-0.2061916332330533,-0.2902757020437465,-0.2496594146342877,-0.34172467460062167,-0.31693663659725785,False,-0.21519446782476256,-0.2561013217304913,-0.2417614760307234,3.1258191821088444,False,False,-0.2465551704953185,False,-0.21762434574504017,-0.18300464167963865,False,1
-0.3255537978395638,-0.7072339591002976,1.5133557416120509,0.5698510975980463,1.5216318275668361,1.3875171477040882,-0.41744485079118004,-0.5698510975980453,0.8968329653540139,-0.7291154142231449,-0.8177490353009362,-0.846951878112884,-0.3670174951250245,-0.2061916332330533,-0.2902757020437465,-0.2496594146342877,3.1977082871787275,3.0748600435639495,False,-0.21519446782476256,-0.2561013217304913,-0.2417614760307234,-0.2618522587637875,False,False,-0.2465551704953185,True,-0.21762434574504017,-0.18300464167963865,False,1
-0.12181355122782168,0.29641071805321534,-0.8598193925141202,0.5698510975980463,-0.7649639646148172,-0.8934835400111181,-0.36744115910358305,-0.5698510975980453,-0.5720267730752211,-0.12322803243549628,-0.03010705516156166,0.07826711477503,1.4508928375221366,-0.2061916332330533,-0.2902757020437465,-0.2496594146342877,-0.34172467460062167,-0.31693663659725785,False,-0.21519446782476256,-0.2561013217304913,2.704094316358683,-0.2618522587637875,False,True,-0.2465551704953185,False,-0.21762434574504017,-0.18300464167963865,False,1
0.4894071886074047,-0.11154855950302829,1.1830221288926697,0.5282618674681029,1.0611168602567573,1.1892841831059537,0.513942117156756,-0.5282618674681019,0.5453166011866449,0.4279542283105815,0.5785253840370459,0.6852420646648492,-0.3670174951250245,-0.2061916332330533,-0.2902757020437465,-0.2496594146342877,-0.34172467460062167,-0.31693663659725785,False,-0.21519446782476256,-0.2561013217304913,-0.2417614760307234,-0.2618522587637875,True,False,2.33996954641372,False,-0.21762434574504017,-0.18300464167963865,False,1
0.28566694199566256,0.6357345329984598,1.647174040987174,0.5698510975980463,1.721278105609547,1.4625021275620924,2.450151024650559,-0.5698510975980453,1.0250814213106274,0.5681595728564837,0.7217330167896595,0.8172460599760287,1.82777882908435,-0.2061916332330533,-0.2902757020437465,-0.2496594146342877,-0.34172467460062167,-0.31693663659725785,True,-0.21519446782476256,-0.2561013217304913,-0.2417614760307234,-0.2618522587637875,False,False,-0.2465551704953185,False,-0.21762434574504017,-0.18300464167963865,False,1
0.5912773119132757,0.18484492905470262,0.06478310528240946,0.48667263733815946,-0.156391071447848,0.31696548751066067,0.07100042489717781,-0.4866726373381585,-0.2254523063477083,-0.15339721818153415,-0.06590896334971505,0.03997201175105678,-0.3670174951250245,-0.2061916332330533,-0.2902757020437465,-0.2496594146342877,-0.34172467460062167,-0.31693663659725785,False,-0.21519446782476256,-0.2561013217304913,-0.2417614760307234,-0.2618522587637875,False,False,-0.2465551704953185,False,-0.21762434574504017,-0.18300464167963865,False,1
0.6931474352191468,-0.5104998676816904,-0.3891792221935607,0.48667263733815946,-0.5002208159708627,-0.1867357065153372,-0.46923089251891353,-0.4866726373381585,-0.4286516023074959,-0.3857375034290291,-0.35232422885494213,-0.2782941625976166,-0.3670174951250245,-0.2061916332330533,-0.2902757020437465,-0.2496594146342877,-0.34172467460062167,-0.31693663659725785,False,-0.21519446782476256,-0.2561013217304913,-0.2417614760307234,-0.2618522587637875,False,True,-0.2465551704953185,False,-0.21762434574504017,-0.18300464167963865,False,1
0.4894071886074047,-0.715720872972506,-0.934146357848914,0.4450834072082161,-0.7982366906567728,-1.0323272719086896,-0.5692426414484424,-0.44508340720821515,-0.6098066916012915,-0.7537765328620223,-0.8535509434890896,-0.8937143697372181,-0.3670174951250245,-0.2061916332330533,-0.2902757020437465,-0.2496594146342877,2.6330850790103586,-0.31693663659725785,False,-0.21519446782476256,-0.2561013217304913,-0.2417614760307234,-0.2618522587637875,False,True,-0.2465551704953185,False,-0.21762434574504017,-0.18300464167963865,False,1
-1.8536056474276297,-0.7171138804254574,-0.9541044756299705,0.4450834072082161,-0.8067743917926318,-1.071326484547641,-0.5699696460888526,-0.44508340720821515,-0.6146583069707405,-0.3004876466113868,-0.24491850429048198,-0.15637901095755796,-0.3670174951250245,-0.2061916332330533,-0.2902757020437465,-0.2496594146342877,-0.34172467460062167,-0.31693663659725785,True,-0.21519446782476256,-0.2561013217304913,-0.2417614760307234,-0.2618522587637875,False,False,-0.2465551704953185,False,-0.21762434574504017,-0.18300464167963865,False,1
-1.1405147842865324,-0.034982807640086364,1.5015478584932467,0.48667263733815946,1.5043778330575293,1.380762424486692,0.8973143004778958,-0.4866726373381585,0.7560423942214903,-0.1833160372408829,-0.10171087153786844,0.0013591034093940301,-0.3670174951250245,-0.2061916332330533,-0.2902757020437465,-0.2496594146342877,4.776361499302858,-0.31693663659725785,False,-0.21519446782476256,-0.2561013217304913,-0.2417614760307234,-0.2618522587637875,False,False,-0.2465551704953185,True,-0.21762434574504017,-0.18300464167963865,False,1
0.08192669538392044,-0.7131641830724778,-0.8771302046830523,0.4034941770782727,-0.7729212409785114,-0.9249628006238724,-0.5672795890756723,-0.40349417707827173,-0.6006123547722803,-0.3291546322372901,-0.2807204124786354,-0.19666349422353416,-0.3670174951250245,-0.2061916332330533,-0.2902757020437465,-0.2496594146342877,-0.34172467460062167,-0.31693663659725785,False,-0.21519446782476256,-0.2561013217304913,-0.2417614760307234,-0.2618522587637875,False,True,-0.2465551704953185,False,-0.21762434574504017,-0.18300464167963865,False,1
0.4894071886074047,-0.5491986425180615,1.3497455549982624,0.6530295578579332,1.287795057816781,1.291809897823615,-0.14980221173205863,-0.6530295578579322,0.8877840501312859,-0.4687340600664694,-0.4597299534194023,-0.4034899331809136,-0.3670174951250245,-0.2061916332330533,3.155350300315174,-0.2496594146342877,-0.34172467460062167,-0.31693663659725785,False,-0.21519446782476256,-0.2561013217304913,-0.2417614760307234,-0.2618522587637875,True,False,-0.2465551704953185,False,-0.21762434574504017,-0.18300464167963865,False,1
1.100627928442631,-0.3836770927501711,0.47932954128799576,0.4034941770782727,0.23347082231376906,0.6864883518600985,-0.18649637404017683,-0.40349417707827173,-0.04990331932767453,-0.0928084800027693,0.005694853026591727,0.11624960122671975,-0.3670174951250245,-0.2061916332330533,-0.2902757020437465,2.4281178850942307,-0.34172467460062167,-0.31693663659725785,False,3.881629694159314,-0.2561013217304913,-0.2417614760307234,-0.2618522587637875,True,False,-0.2465551704953185,False,-0.21762434574504017,-0.18300464167963865,False,1
0.5912773119132757,-0.7199309315725546,0.7941826529963903,0.4450834072082161,0.5779802095187202,0.9273126447887731,-0.49433005739151864,-0.44508340720821515,0.17223931332893844,0.7490495039893663,0.9007425577304264,0.9771528198037234,-0.3670174951250245,-0.2061916332330533,-0.2902757020437465,-0.2496594146342877,-0.34172467460062167,-0.31693663659725785,False,-0.21519446782476256,-0.2561013217304913,-0.2417614760307234,-0.2618522587637875,False,True,-0.2465551704953185,False,-0.21762434574504017,-0.18300464167963865,False,1
0.896887681830889,0.6822793699165113,1.5647061384122942,0.36190494694832925,1.5973499754091454,1.416627545682024,2.4075102842002614,-0.3619049469483283,0.6452832894826477,-0.8964855442748155,-1.06836239261801,-1.184610884272229,-0.3670174951250245,-0.2061916332330533,-0.2902757020437465,-0.2496594146342877,-0.34172467460062167,-0.31693663659725785,True,-0.21519446782476256,-0.2561013217304913,-0.2417614760307234,-0.2618522587637875,False,False,-0.2465551704953185,False,-0.21762434574504017,-0.18300464167963865,False,1
0.5912773119132757,-0.4423468561532161,0.4151951469454953,0.27872648668844247,0.16841859977192264,0.6336319790460324,-0.26109032127193255,-0.2787264866884415,-0.1505093482941681,1.0514924615098125,1.1871578232356534,1.2220950965663404,4.780873320441908,-0.2061916332330533,-0.2902757020437465,-0.2496594146342877,-0.34172467460062167,-0.31693663659725785,False,-0.21519446782476256,-0.2561013217304913,-0.2417614760307234,-0.2618522587637875,False,True,-0.2465551704953185,False,-0.21762434574504017,-0.18300464167963865,False,1
-0.42742392114543487,0.28347574492695177,-0.853222088478873,0.19554802642855565,-0.7618981312028702,-0.8816168148788287,-0.36744115910358305,-0.19554802642855473,-0.6166128017881902,-0.413653388994865,-0.38812613704309556,-0.3196529127137438,-0.3670174951250245,3.9565783312223832,-0.2902757020437465,2.712068029914532,-0.34172467460062167,-0.31693663659725785,True,4.316054847519389,-0.2561013217304913,2.934660700447011,-0.2618522587637875,False,False,-0.2465551704953185,False,-0.21762434574504017,-0.18300464167963865,False,1
-0.22368367453369276,-0.5705721923820019,-1.0966415954218867,0.15395879629861225,-0.8628672370820893,-1.3746709170408722,-0.5553641186069006,-0.15395879629861134,-0.6654238203449955,-0.6536298581863779,-0.710343310736476,-0.7094198331749116,-0.3670174951250245,-0.2061916332330533,-0.2902757020437465,-0.2496594146342877,-0.34172467460062167,-0.31693663659725785,False,-0.21519446782476256,-0.2561013217304913,-0.2417614760307234,-0.2618522587637875,True,False,3.757623694958713,False,-0.21762434574504017,-0.18300464167963865,False,1
-2.057345894039372,-0.6031957099653681,0.24792892037582548,0.11236956616866883,0.006916647140960224,0.48876031222595395,-0.4327835603553307,-0.11236956616866793,-0.289522801599448,-0.1833160372408829,-0.10171087153786844,0.0013591034093940301,-0.3670174951250245,5.137026940054441,-0.2902757020437465,-0.2496594146342877,-0.34172467460062167,-0.31693663659725785,False,-0.21519446782476256,-0.2561013217304913,-0.2417614760307234,-0.2618522587637875,False,True,-0.2465551704953185,False,-0.21762434574504017,-0.18300464167963865,False,1
0.5912773119132757,-0.7441806443849316,-0.5048061392116913,0.11236956616866883,-0.5739149184538284,-0.3384568238003493,-0.5660184059650115,-0.11236956616866793,-0.5419232117206361,-0.8499173405506408,-0.9967585762417032,-1.085610793013382,-0.3670174951250245,-0.2061916332330533,-0.2902757020437465,-0.2496594146342877,-0.34172467460062167,1.923705935063023,True,-0.21519446782476256,-0.2561013217304913,-0.2417614760307234,-0.2618522587637875,False,False,-0.2465551704953185,False,-0.21762434574504017,-0.18300464167963865,False,1
-0.019943427921950616,0.825247596608723,-1.0574220323781418,0.11236956616866883,-0.848287165241131,-1.2864731012433106,-0.36744115910358305,-0.11236956616866793,-0.6611516967360318,-0.8499173405506408,-0.9967585762417032,-1.085610793013382,-0.3670174951250245,4.914336359101578,-0.2902757020437465,-0.2496594146342877,-0.34172467460062167,-0.31693663659725785,False,-0.21519446782476256,-0.2561013217304913,-0.2417614760307234,-0.2618522587637875,True,False,-0.2465551704953185,False,-0.21762434574504017,-0.18300464167963865,False,1
-1.4461251542041456,-0.2097905393125945,0.21614123428313786,0.11236956616866883,-0.022441932360499937,0.4599901815509,-0.1328271489114591,-0.11236956616866793,-0.3022805750154913,0.6397644452495694,0.7933368331659663,0.8818697203740368,-0.3670174951250245,-0.2061916332330533,-0.2902757020437465,-0.2496594146342877,-0.34172467460062167,4.3787305262784075,False,-0.21519446782476256,-0.2561013217304913,-0.2417614760307234,-0.2618522587637875,True,False,-0.2465551704953185,False,-0.21762434574504017,-0.18300464167963865,False,1
-0.5292940444513059,-0.3925910445649977,1.2860156039935338,-0.012398124221161376,1.1997639673717977,1.2532427627635974,0.10325363889589066,0.01239812422116226,0.1506331410084311,-0.5758910019694089,-0.6029375861720159,-0.5758366270581611,-0.3670174951250245,-0.2061916332330533,2.7863553243013217,-0.2496594146342877,1.8312757594233087,1.765423938585379,True,-0.21519446782476256,-0.2561013217304913,-0.2417614760307234,-0.2618522587637875,False,False,-0.2465551704953185,False,-0.21762434574504017,-0.18300464167963865,False,1
1.8137187915837285,-0.10628445594964578,-0.6931053599659086,-0.05398735435110478,-0.6818640042854899,-0.6134496208694367,-0.4028461817288516,0.05398735435110566,-0.6042804288394183,-0.627967272800744,-0.6745414025483226,-0.6644646162875364,-0.3670174951250245,-0.2061916332330533,-0.2902757020437465,-0.2496594146342877,-0.34172467460062167,-0.31693663659725785,True,-0.21519446782476256,-0.2561013217304913,-0.2417614760307234,-0.2618522587637875,False,False,-0.2465551704953185,False,-0.21762434574504017,-0.18300464167963865,False,1
-0.22368367453369276,0.2645666255577564,-0.8245687952100215,-0.05398735435110478,-0.7483697692054924,-0.8308858684828595,-0.3601475216816274,0.05398735435110566,-0.6301384007454954,-0.602054320728421,-0.6387394943601693,-0.6199395994607315,-0.3670174951250245,-0.2061916332330533,-0.2902757020437465,-0.2496594146342877,-0.34172467460062167,-0.31693663659725785,False,-0.21519446782476256,-0.2561013217304913,-0.2417614760307234,-0.2618522587637875,False,False,-0.2465551704953185,False,-0.21762434574504017,-0.18300464167963865,False,1
-0.019943427921950616,0.06453257660691271,0.6166680020088291,-0.1371658146109916,0.3786067807278817,0.7951484029394585,0.34534249957598007,0.13716581461099245,-0.21914227453710267,-0.1833160372408829,-0.10171087153786844,0.0013591034093940301,-0.3670174951250245,-0.2061916332330533,-0.2902757020437465,-0.2496594146342877,-0.34172467460062167,-0.31693663659725785,False,-0.21519446782476256,-0.2561013217304913,-0.2417614760307234,-0.2618522587637875,True,False,-0.2465551704953185,False,-0.21762434574504017,-0.18300464167963865,False,1
1.100627928442631,1.0951750287004156,-0.7015005789314483,-0.17875504474093498,-0.6863288102252185,-0.6266446454054068,-0.09469580720329882,0.17875504474093584,-0.615497220239014,-0.5228132643913174,-0.5313337697957091,-0.48886533314690633,-0.3670174951250245,-0.2061916332330533,-0.2902757020437465,-0.2496594146342877,-0.34172467460062167,-0.31693663659725785,False,-0.21519446782476256,-0.2561013217304913,4.1067654322752585,-0.2618522587637875,False,False,-0.2465551704953185,False,-0.21762434574504017,-0.18300464167963865,False,1
0.4894071886074047,-0.6234809883037301,0.14220387609759963,-0.2203442748708784,-0.08908164145869432,0.3914114629744968,-0.4613890679398166,0.22034427487087926,-0.40825772078191797,0.22515721209240164,0.3637139349081256,0.47993690371735714,-0.3670174951250245,-0.2061916332330533,-0.2902757020437465,-0.2496594146342877,-0.34172467460062167,-0.31693663659725785,True,-0.21519446782476256,-0.2561013217304913,-0.2417614760307234,-0.2618522587637875,False,False,-0.2465551704953185,False,-0.21762434574504017,-0.18300464167963865,False,1
1.3043681750543732,-0.7861653797431133,-0.21770862269327107,-0.2619335050008218,-0.3805590558906463,0.018835590417390406,-0.5798352395108971,0.26193350500082263,-0.5160210322715255,-1.114304561694342,-1.4263814744995438,-1.713911496831429,-0.3670174951250245,-0.2061916332330533,-0.2902757020437465,-0.2496594146342877,-0.34172467460062167,-0.31693663659725785,False,-0.21519446782476256,-0.2561013217304913,-0.2417614760307234,-0.2618522587637875,False,True,-0.2465551704953185,False,-0.21762434574504017,-0.18300464167963865,False,1
-0.22368367453369276,-0.3009282858164642,-0.1899819846267453,-0.3035227351307652,-0.3600457530453374,0.05016253954835854,-0.33156460796887993,0.30352273513076605,-0.5141230517883384,-0.8733266257560728,-1.0325604844298566,-1.1348475355611043,2.6955747114549995,-0.2061916332330533,-0.2902757020437465,-0.2496594146342877,-0.34172467460062167,-0.31693663659725785,True,6.86439275772603,-0.2561013217304913,-0.2417614760307234,-0.2618522587637875,False,False,-0.2465551704953185,False,-0.21762434574504017,-0.18300464167963865,False,1
-1.9554757707335009,0.1966689778330343,0.11749823314747844,-0.42829042552059543,-0.11083516817615002,0.36795735506699706,0.1138031772706028,0.42829042552059626,-0.44991841329050314,0.25833079807870885,0.399515843096279,0.5147897165090117,-0.3670174951250245,-0.2061916332330533,-0.2902757020437465,-0.2496594146342877,-0.34172467460062167,-0.31693663659725785,True,-0.21519446782476256,-0.2561013217304913,-0.2417614760307234,-0.2618522587637875,False,False,-0.2465551704953185,False,-0.21762434574504017,-0.18300464167963865,False,1
0.38753706530153365,0.30816569553227535,-0.20006309656438714,-0.46987965565053885,-0.367541666128593,0.03882956843679953,-0.02640395718484432,0.46987965565053963,-0.5348857410689508,-0.8023476700797098,-0.9251547598653964,-0.9886733544545178,-0.3670174951250245,3.9027169782908735,-0.2902757020437465,-0.2496594146342877,-0.34172467460062167,1.6170618509505348,False,-0.21519446782476256,-0.2561013217304913,2.893561529133777,-0.2618522587637875,False,True,-0.2465551704953185,False,-0.21762434574504017,-0.18300464167963865,False,1
-0.7330342910630481,3.4449450076981516,-1.1438888431852097,-0.46987965565053885,-0.8795705721921631,-1.4864096496825085,-0.12218256548749638,0.46987965565053963,-0.6924914718129483,-0.062138560883353205,0.04149676121474512,0.15392453380635363,-0.3670174951250245,-0.2061916332330533,-0.2902757020437465,4.42422339974986,-0.34172467460062167,2.7751011322717347,False,-0.21519446782476256,-0.2561013217304913,-0.2417614760307234,-0.2618522587637875,True,False,-0.2465551704953185,False,-0.21762434574504017,-0.18300464167963865,False,1
-0.8349044143689192,-0.6462431724996269,-0.3388488423073569,-0.5114688857804822,-0.4663825478432081,-0.12415537393463877,-0.5201128875294663,0.511468885780483,-0.5687846552095622,0.06304478246120228,0.18470439396735866,0.3016457901563818,-0.3670174951250245,-0.2061916332330533,-0.2902757020437465,-0.2496594146342877,-0.34172467460062167,-0.31693663659725785,False,-0.21519446782476256,-0.2561013217304913,-0.2417614760307234,-0.2618522587637875,True,False,-0.2465551704953185,False,-0.21762434574504017,-0.18300464167963865,False,1
0.4894071886074047,1.3749958698505687,-0.40167402107319117,-0.5946473460403691,-0.5084559024819177,-0.20258252403196347,0.27638797300188195,0.5946473460403698,-0.5875146104000485,0.4279542283105815,0.5785253840370459,0.6852420646648492,-0.3670174951250245,-0.2061916332330533,-0.2902757020437465,-0.2496594146342877,-0.34172467460062167,-0.31693663659725785,True,-0.21519446782476256,-0.2561013217304913,-0.2417614760307234,-0.2618522587637875,False,False,-0.2465551704953185,False,-0.21762434574504017,-0.18300464167963865,False,1
-0.3255537978395638,-0.7856116008773598,-1.023417378602938,-0.7194150364301992,-0.8351209486144201,-1.2130543894785661,-0.5813887201968954,0.7194150364302,-0.685118291818458,-0.3291546322372901,-0.2807204124786354,-0.19666349422353416,-0.3670174951250245,-0.2061916332330533,6.271762913702074,-0.2496594146342877,-0.34172467460062167,-0.31693663659725785,False,-0.21519446782476256,-0.2561013217304913,-0.2417614760307234,-0.2618522587637875,False,True,-0.2465551704953185,False,-0.21762434574504017,-0.18300464167963865,False,1
-0.019943427921950616,0.6078199986621022,-0.9898772065047664,-0.7194150364301992,-0.8216570782583938,-1.1432073778811112,-0.36744115910358305,0.7194150364302,-0.6814345013119717,-0.062138560883353205,0.04149676121474512,0.15392453380635363,-0.3670174951250245,-0.2061916332330533,-0.2902757020437465,-0.2496594146342877,-0.34172467460062167,-0.31693663659725785,False,-0.21519446782476256,-0.2561013217304913,-0.2417614760307234,-0.2618522587637875,False,True,-0.2465551704953185,False,-0.21762434574504017,-0.18300464167963865,False,1
1.4062382983602442,-0.7745755900877147,-1.004068552302238,-0.7610042665601426,-0.8274117170251553,-1.172460988779413,-0.5797129310276112,0.7610042665601434,-0.683964981831591,-0.6536298581863779,-0.710343310736476,-0.7094198331749116,-0.3670174951250245,-0.2061916332330533,-0.2902757020437465,-0.2496594146342877,-0.34172467460062167,-0.31693663659725785,False,-0.21519446782476256,-0.2561013217304913,-0.2417614760307234,-0.2618522587637875,False,False,-0.2465551704953185,False,-0.21762434574504017,-0.18300464167963865,True,1
-0.019943427921950616,0.2741677611515364,-0.8484004968205995,-0.7610042665601426,-0.7596458846510515,-0.8729888009580962,-0.36744115910358305,0.7610042665601434,-0.6657609808320298,-0.8262576886585199,-0.9609566680535497,-1.0368896279222006,-0.3670174951250245,-0.2061916332330533,-0.2902757020437465,-0.2496594146342877,-0.34172467460062167,-0.31693663659725785,False,-0.21519446782476256,-0.2561013217304913,-0.2417614760307234,-0.2618522587637875,False,False,-0.2465551704953185,False,-0.21762434574504017,-0.18300464167963865,False,1
-1.7517355241217587,-0.0029332290816916477,-0.6677914816179535,-0.8025934966900861,-0.6682215416918745,-0.5741863846403523,-0.36744115910358305,0.8025934966900868,-0.6428870405570138,-0.9193940961068692,-1.1041643008061632,-1.2349122255551288,1.8556342108220965,-0.2061916332330533,-0.2902757020437465,-0.2496594146342877,-0.34172467460062167,-0.31693663659725785,False,-0.21519446782476256,-0.2561013217304913,-0.2417614760307234,-0.2618522587637875,False,False,-0.2465551704953185,False,4.005104393903592,-0.18300464167963865,True,1
1.2024980517485022,1.2895476935472885,-0.47353847532247684,-0.8441827268200295,-0.5545426215708946,-0.2962701820987633,0.16816113851746975,0.8441827268200303,-0.615047189929954,1.7473866671621963,1.7957902624342612,1.7033631708733898,-0.3670174951250245,-0.2061916332330533,2.5044946543176936,-0.2496594146342877,-0.34172467460062167,-0.31693663659725785,True,-0.21519446782476256,2.612169333390244,-0.2417614760307234,-0.2618522587637875,False,False,-0.2465551704953185,False,-0.21762434574504017,3.8995770283789293,False,1
1.8137187915837285,-0.2981445754739357,-0.6091914360156547,-0.8857719569499729,-0.6356036538544125,-0.4861709062777478,-0.43542268995471084,0.8857719569499737,-0.6377746614329607,0.675942431476146,0.8291387413541197,0.9138480507317281,-0.3670174951250245,-0.2061916332330533,-0.2902757020437465,-0.2496594146342877,-0.34172467460062167,-0.31693663659725785,False,-0.21519446782476256,-0.2561013217304913,-0.2417614760307234,-0.2618522587637875,True,False,-0.2465551704953185,False,-0.21762434574504017,4.975134131391793,False,1
0.99875780513676,-0.7883825940069213,-0.30260672411538053,-0.9273611870799163,-0.44135483010328475,-0.08028479618029577,-0.5810478907904988,0.927361187079917,-0.590788974769847,-0.8023476700797098,-0.9251547598653964,-0.9886733544545178,-0.3670174951250245,-0.2061916332330533,-0.2902757020437465,-0.2496594146342877,-0.34172467460062167,-0.31693663659725785,False,-0.21519446782476256,-0.2561013217304913,-0.2417614760307234,-0.2618522587637875,False,False,-0.2465551704953185,False,-0.21762434574504017,-0.18300464167963865,False,1
-0.019943427921950616,1.6368339481503107,-1.132703045598738,-0.9273611870799163,-0.8757010737110649,-1.4593810012332793,-0.31123540098251273,0.927361187079917,-0.6995573951154772,0.29175475075170515,0.4353177512844324,0.5493833981846884,-0.3670174951250245,-0.2061916332330533,-0.2902757020437465,-0.2496594146342877,-0.34172467460062167,-0.31693663659725785,False,-0.21519446782476256,-0.2561013217304913,-0.2417614760307234,-0.2618522587637875,False,False,-0.2465551704953185,False,-0.21762434574504017,-0.18300464167963865,True,1
-0.42742392114543487,0.34566776338348176,-0.6956366989939097,-0.9689504172098596,-0.6832133678583857,-0.6174189668418294,-0.2856622147351844,0.9689504172098604,-0.6527587575705082,-0.4413189078740118,-0.42392804523124894,-0.36138259827485913,-0.3670174951250245,-0.2061916332330533,-0.2902757020437465,-0.2496594146342877,-0.34172467460062167,-0.31693663659725785,True,-0.21519446782476256,-0.2561013217304913,-0.2417614760307234,-0.2618522587637875,False,False,-0.2465551704953185,False,-0.21762434574504017,-0.18300464167963865,False,1
0.38753706530153365,-0.1707759573641398,-0.687419017095739,-1.1353073377296332,-0.6788229753509858,-0.6045618374608275,-0.4182752302990006,1.135307337729634,-0.6569220329775497,-0.3575712511765041,-0.31652232066678876,-0.2372998114910998,-0.3670174951250245,-0.2061916332330533,-0.2902757020437465,-0.2496594146342877,-0.34172467460062167,-0.31693663659725785,True,-0.21519446782476256,-0.2561013217304913,-0.2417614760307234,-0.2618522587637875,False,False,-0.2465551704953185,False,-0.21762434574504017,-0.18300464167963865,False,1
1.5081084216661154,-0.006212162984825334,-0.665096310954078,-1.1768965678595766,-0.6667531166272527,-0.5700514529040696,-0.36744115910358305,1.1768965678595775,-0.655388759719649,0.03137339659502974,0.14890248577920528,0.2651528285603192,-0.3670174951250245,-0.2061916332330533,-0.2902757020437465,-0.2496594146342877,-0.34172467460062167,-0.31693663659725785,False,-0.21519446782476256,6.085445465665127,-0.2417614760307234,-0.2618522587637875,False,False,-0.2465551704953185,False,-0.21762434574504017,-0.18300464167963865,False,1
0.7950175585250179,-0.02820048636473647,-0.24820757969806453,-1.2600750281194635,-0.4027491414110977,-0.016205081219873088,-0.21732095734273998,1.2600750281194641,-0.5995651451743893,2.9022030095157207,2.690837967138096,2.3313807611952413,-0.3670174951250245,-0.2061916332330533,-0.2902757020437465,-0.2496594146342877,-0.34172467460062167,-0.31693663659725785,False,-0.21519446782476256,-0.2561013217304913,-0.2417614760307234,-0.2618522587637875,True,False,-0.2465551704953185,False,-0.21762434574504017,-0.18300464167963865,False,1
-0.019943427921950616,1.3115282193247408,-1.1685336997890308,-1.2600750281194635,-0.8879098375084785,-1.547292727720331,-0.36744115910358305,1.2600750281194641,-0.706551790698389,0.6397644452495694,0.7933368331659663,0.8818697203740368,-0.3670174951250245,-0.2061916332330533,-0.2902757020437465,-0.2496594146342877,-0.34172467460062167,-0.31693663659725785,True,-0.21519446782476256,-0.2561013217304913,-0.2417614760307234,-0.2618522587637875,False,False,-0.2465551704953185,False,-0.21762434574504017,-0.18300464167963865,False,1
-0.019943427921950616,-0.7809772739695321,-1.1410348833347952,-1.301664258249407,-0.8785883148854228,-1.4794784388164215,-0.5810567556626717,1.3016642582494076,-0.7049534573230337,-0.9420522812522337,-1.1399662089943168,-1.285763319157662,-0.3670174951250245,-0.2061916332330533,-0.2902757020437465,-0.2496594146342877,-0.34172467460062167,-0.31693663659725785,False,-0.21519446782476256,6.085445465665127,-0.2417614760307234,-0.2618522587637875,False,False,-0.2465551704953185,False,-0.21762434574504017,-0.18300464167963865,False,1
-0.019943427921950616,3.8706264303564413,-0.7358114172772774,-1.4264319486392372,-0.7042674083119506,-0.6815037563487343,0.5577777426613537,1.4264319486392378,-0.6699726620770432,4.102836455533352,3.5142818554656237,2.84270649809891,-0.3670174951250245,-0.2061916332330533,-0.2902757020437465,-0.2496594146342877,-0.34172467460062167,-0.31693663659725785,True,-0.21519446782476256,-0.2561013217304913,-0.2417614760307234,-0.2618522587637875,False,False,-0.2465551704953185,False,-0.21762434574504017,-0.18300464167963865,False,1
1.5081084216661154,-0.09602466994699156,-0.5840102132641413,-1.4264319486392372,-0.6211426435051802,-0.44951741036807014,-0.36744115910358305,1.4264319486392378,-0.6526748631770208,-0.1833160372408829,-0.10171087153786844,0.0013591034093940301,-0.3670174951250245,-0.2061916332330533,-0.2902757020437465,-0.2496594146342877,-0.34172467460062167,-0.31693663659725785,False,-0.21519446782476256,3.8335111695043715,-0.2417614760307234,-0.2618522587637875,False,False,-0.2465551704953185,False,-0.21762434574504017,5.637986123104101,False,1
-0.7330342910630481,0.5933876777105942,-0.984838262928613,-1.4680211787691806,-0.8195933457351415,-1.1329232071050106,-0.36744115910358305,1.4680211787691813,-0.6945493520198924,-0.21298448961354258,-0.13751277972602183,-0.037576929259752624,-0.3670174951250245,-0.2061916332330533,-0.2902757020437465,-0.2496594146342877,-0.34172467460062167,-0.31693663659725785,True,-0.21519446782476256,-0.2561013217304913,-0.2417614760307234,-0.2618522587637875,False,False,-0.2465551704953185,False,-0.21762434574504017,-0.18300464167963865,False,1
0.99875780513676,-0.48357848466546505,-0.446210565718669,-1.5927888691590109,-0.5372737443751219,-0.2601200610758636,-0.46721550213539964,1.5927888691590115,-0.6405750480288936,-1.0515877066787198,-1.3189757499350836,-1.5487049558982227,-0.3670174951250245,-0.2061916332330533,-0.2902757020437465,-0.2496594146342877,-0.34172467460062167,-0.31693663659725785,False,-0.21519446782476256,-0.2561013217304913,-0.2417614760307234,-0.2618522587637875,False,False,-0.2465551704953185,False,-0.21762434574504017,-0.18300464167963865,True,1
0.896887681830889,-0.5952737932647632,-0.25508689025997905,-1.634378099288954,-0.4077001151087079,-0.02419513764500739,-0.48934728177153786,1.6343780992889547,-0.6166355861603475,-0.6790420768853226,-0.7461452189246294,-0.7548136444682138,-0.3670174951250245,-0.2061916332330533,-0.2902757020437465,-0.2496594146342877,-0.34172467460062167,-0.31693663659725785,False,-0.21519446782476256,-0.2561013217304913,-0.2417614760307234,-0.2618522587637875,True,False,-0.2465551704953185,False,-0.21762434574504017,-0.18300464167963865,False,1
-0.019943427921950616,0.27060261940526387,-0.8465369548238129,-1.6759673294188975,-0.7587727670450601,-0.8696641121342654,-0.36744115910358305,1.6759673294188981,-0.68554398187646,-0.602054320728421,-0.6387394943601693,-0.6199395994607315,-0.3670174951250245,-0.2061916332330533,-0.2902757020437465,-0.2496594146342877,2.0456326455924785,-0.31693663659725785,False,-0.21519446782476256,-0.2561013217304913,-0.2417614760307234,-0.2618522587637875,False,False,3.082142235091124,False,-0.21762434574504017,-0.18300464167963865,False,1
0.896887681830889,-0.5895794109943742,-0.9691142266236049,-1.8007350198087277,-0.8130846508541149,-1.101170087874558,-0.5499056678088831,1.8007350198087284,-0.6974511514410621,-0.8023476700797098,-0.9251547598653964,-0.9886733544545178,2.2509231742142135,-0.2061916332330533,-0.2902757020437465,-0.2496594146342877,2.388991396106613,-0.31693663659725785,False,-0.21519446782476256,-0.2561013217304913,-0.2417614760307234,-0.2618522587637875,False,False,-0.2465551704953185,False,-0.21762434574504017,-0.18300464167963865,False,1
2.1193291615013417,-0.43249630634804587,-0.48495155259536615,-1.8423242499386712,-0.5616615065970175,-0.31156500926961933,-0.45488493919526546,1.8423242499386718,-0.6520614524945323,-0.6536298581863779,-0.710343310736476,-0.7094198331749116,-0.3670174951250245,-0.2061916332330533,-0.2902757020437465,-0.2496594146342877,-0.34172467460062167,-0.31693663659725785,True,-0.21519446782476256,-0.2561013217304913,-0.2417614760307234,-0.2618522587637875,False,False,-0.2465551704953185,False,-0.21762434574504017,-0.18300464167963865,False,1
-0.019943427921950616,-0.528464130438294,-0.5970826346145741,-1.8423242499386712,-0.6286832046478331,-0.4684608922180035,-0.502602028916258,1.8423242499386718,-0.6642864610287078,-0.3291546322372901,-0.2807204124786354,-0.19666349422353416,-0.3670174951250245,-0.2061916332330533,-0.2902757020437465,-0.2496594146342877,-0.34172467460062167,-0.31693663659725785,False,-0.21519446782476256,-0.2561013217304913,3.36365518690568,-0.2618522587637875,False,False,2.9893074472466368,False,-0.21762434574504017,-0.18300464167963865,False,1
-0.019943427921950616,0.10041909066748171,-1.0703072837211514,-1.8839134800686146,-0.8531488428199466,-1.315019276559974,-0.4670938989505857,1.8839134800686153,-0.7056000531513202,-0.6790420768853226,-0.7461452189246294,-0.7548136444682138,-0.3670174951250245,-0.2061916332330533,-0.2902757020437465,-0.2496594146342877,-0.34172467460062167,2.3715701393055237,False,-0.21519446782476256,-0.2561013217304913,-0.2417614760307234,-0.2618522587637875,False,False,-0.2465551704953185,False,-0.21762434574504017,-0.18300464167963865,False,1
1.7118486682778575,0.08726984116801659,-0.7359076381083428,-2.0918596307183317,-0.7043170172668364,-0.681659756438898,-0.36744115910358305,2.091859630718332,-0.6820482479756512,-0.3857375034290291,-0.35232422885494213,-0.2782941625976166,-0.3670174951250245,-0.2061916332330533,-0.2902757020437465,-0.2496594146342877,-0.34172467460062167,-0.31693663659725785,False,-0.21519446782476256,-0.2561013217304913,-0.2417614760307234,-0.2618522587637875,False,False,-0.2465551704953185,False,-0.21762434574504017,-0.18300464167963865,False,1
-0.019943427921950616,-0.7733642591316869,-0.8350226423719209,-2.0918596307183317,-0.7533455473805456,-0.8492444836890328,-0.5785310575140861,2.091859630718332,-0.6903744775942428,-0.8964855442748155,-1.06836239261801,-1.184610884272229,-0.3670174951250245,-0.2061916332330533,-0.2902757020437465,-0.2496594146342877,-0.34172467460062167,-0.31693663659725785,False,-0.21519446782476256,-0.2561013217304913,-0.2417614760307234,-0.2618522587637875,False,False,-0.2465551704953185,False,-0.21762434574504017,-0.18300464167963865,False,1
1.8137187915837285,-0.5240769266398,-0.9051911260690907,-2.1750380909782185,-0.7855516808924549,-0.977076866670756,-0.5337202839101468,2.175038090978219,-0.6967369810457271,-0.6536298581863779,-0.710343310736476,-0.7094198331749116,-0.3670174951250245,-0.2061916332330533,-0.2902757020437465,-0.2496594146342877,-0.34172467460062167,-0.31693663659725785,False,-0.21519446782476256,-0.2561013217304913,-0.2417614760307234,-0.2618522587637875,False,False,-0.2465551704953185,False,-0.21762434574504017,-0.18300464167963865,True,1
-0.019943427921950616,-0.5285307322766991,-1.1105380570263144,-2.2998057813680486,-0.8678777415255626,-1.4068872529565226,-0.5512734604316704,2.299805781368049,-0.7112249779302275,-0.8023476700797098,-0.9251547598653964,-0.9886733544545178,-0.3670174951250245,-0.2061916332330533,-0.2902757020437465,-0.2496594146342877,-0.34172467460062167,-0.31693663659725785,False,-0.21519446782476256,-0.2561013217304913,-0.2417614760307234,-0.2618522587637875,False,False,-0.2465551704953185,False,-0.21762434574504017,-0.18300464167963865,False,1
1.100627928442631,-0.3906667192422585,-0.595398572726764,-2.3829842416279354,-0.6277158300275586,-0.46601030869481935,-0.4605273269706326,2.382984241627936,-0.6739952417838369,-0.7042039288975783,-0.7819471271127828,-0.8006546926294275,-0.3670174951250245,-0.2061916332330533,-0.2902757020437465,-0.2496594146342877,-0.34172467460062167,-0.31693663659725785,False,-0.21519446782476256,-0.2561013217304913,-0.2417614760307234,2.532375740198011,False,False,-0.2465551704953185,False,-0.21762434574504017,-0.18300464167963865,False,1
0.08192669538392044,0.5341002283611487,-0.9632817329707447,-2.424573471757879,-0.8106438902737299,-1.0895200376109577,-0.36744115910358305,2.4245734717578795,-0.7030931406379267,-1.4432863880038338,-2.070815821886305,-2.851311015888401,-0.3670174951250245,-0.2061916332330533,-0.2902757020437465,-0.2496594146342877,-0.34172467460062167,-0.31693663659725785,False,-0.21519446782476256,-0.2561013217304913,-0.2417614760307234,-0.2618522587637875,False,False,-0.2465551704953185,False,-0.21762434574504017,-0.18300464167963865,False,1
-0.019943427921950616,-0.16236036553761354,-0.5132638207762451,-2.840465773057313,-0.5790841715529363,-0.3500239316441715,-0.36744115910358305,2.8404657730573137,-0.6736047692150348,-0.8499173405506408,-0.9967585762417032,-1.085610793013382,-0.3670174951250245,-0.2061916332330533,-0.2902757020437465,-0.2496594146342877,-0.34172467460062167,-0.31693663659725785,False,-0.21519446782476256,-0.2561013217304913,-0.2417614760307234,4.196403678676828,False,False,-0.2465551704953185,False,-0.21762434574504017,-0.18300464167963865,False,1
-0.019943427921950616,1.4109002993841928,-1.1865771519057284,1.1521003194172539,-0.8938529903038062,-1.5930835533413488,-0.36744115910358305,-1.152100319417253,-0.52918699588049,0.4279542283105815,0.5785253840370459,0.6852420646648492,-0.3670174951250245,-0.2061916332330533,-0.2902757020437465,-0.2496594146342877,-0.34172467460062167,-0.31693663659725785,False,-0.21519446782476256,4.228049414848715,-0.2417614760307234,-0.2618522587637875,False,False,-0.2465551704953185,True,-0.21762434574504017,-0.18300464167963865,False,0
0.1837968186897915,1.261653287910622,-1.1589876845723175,1.1936895495471973,-0.8847100599183396,-1.5234877897627344,-0.36744115910358305,-1.1936895495471962,-0.48650137878557265,-0.15339721818153415,-0.06590896334971505,0.03997201175105678,-0.3670174951250245,-0.2061916332330533,-0.2902757020437465,-0.2496594146342877,-0.34172467460062167,4.3787305262784075,False,-0.21519446782476256,-0.2561013217304913,-0.2417614760307234,-0.2618522587637875,False,True,-0.2465551704953185,False,-0.21762434574504017,-0.18300464167963865,False,0
0.5912773119132757,-0.6426296804510008,-0.8607298891247589,1.0689218591573673,-0.7653856407313472,-0.895126862401896,-0.5529206120509307,-1.0689218591573661,-0.394162883049191,-0.031218275077248,0.0772986694028985,0.19129685321871076,-0.3670174951250245,-0.2061916332330533,-0.2902757020437465,-0.2496594146342877,-0.34172467460062167,-0.31693663659725785,False,-0.21519446782476256,-0.2561013217304913,-0.2417614760307234,1.936630470196163,False,False,-0.2465551704953185,True,-0.21762434574504017,-0.18300464167963865,False,0
1.5081084216661154,0.28180268515295376,1.655645866615724,1.1105110892873105,1.7341714729843856,1.4671552087196236,1.7085471193224469,-1.1105110892873096,3.3330010422494087,-0.5494773165237077,-0.5671356779838624,-0.5321477731865749,-0.3670174951250245,-0.2061916332330533,2.426135077873589,-0.2496594146342877,-0.34172467460062167,-0.31693663659725785,False,-0.21519446782476256,2.5317489606928145,-0.2417614760307234,-0.2618522587637875,False,False,-0.2465551704953185,True,-0.21762434574504017,-0.18300464167963865,False,0
-0.019943427921950616,0.1852918685323198,-0.798942620128471,1.0689218591573673,-0.7359774522750011,-0.7865883996646021,-0.36744115910358305,-1.0689218591573661,-0.3546631327104652,-0.8023476700797098,-0.9251547598653964,-0.9886733544545178,-0.3670174951250245,-0.2061916332330533,-0.2902757020437465,-0.2496594146342877,-0.34172467460062167,-0.31693663659725785,False,-0.21519446782476256,-0.2561013217304913,-0.2417614760307234,-0.2618522587637875,False,False,-0.2465551704953185,False,-0.21762434574504017,-0.18300464167963865,False,0
-0.5292940444513059,1.8778961115042256,0.2154702155920854,1.0689218591573673,-0.023057083401084776,0.45937834014079676,1.480348114900724,-1.0689218591573661,0.6028993034699691,0.06304478246120228,0.18470439396735866,0.3016457901563818,-0.3670174951250245,-0.2061916332330533,-0.2902757020437465,2.4625589276063398,-0.34172467460062167,-0.31693663659725785,False,-0.21519446782476256,-0.2561013217304913,-0.2417614760307234,-0.2618522587637875,False,False,-0.2465551704953185,True,-0.21762434574504017,3.6895705169889768,False,0
0.896887681830889,1.2844608925585523,-0.7548762722545755,1.1105110892873105,-0.7140205288425133,-0.7126552564152479,-0.09034227942345624,-1.1105110892873096,-0.28412995841297045,-0.627967272800744,-0.6745414025483226,-0.6644646162875364,-0.3670174951250245,-0.2061916332330533,-0.2902757020437465,-0.2496594146342877,-0.34172467460062167,-0.31693663659725785,True,-0.21519446782476256,-0.2561013217304913,-0.2417614760307234,-0.2618522587637875,False,False,5.704001261827254,False,-0.21762434574504017,-0.18300464167963865,False,0
-0.019943427921950616,1.2625595802646998,-1.1591642446447084,1.0689218591573673,-0.8847695906642027,-1.523925494502825,-0.36744115910358305,-1.0689218591573661,-0.5545140119124564,0.7859785902760102,0.9365444659185799,1.0084851183525716,-0.3670174951250245,-0.2061916332330533,-0.2902757020437465,5.960723480314578,-0.34172467460062167,-0.31693663659725785,False,-0.21519446782476256,-0.2561013217304913,-0.2417614760307234,-0.2618522587637875,True,False,-0.2465551704953185,False,-0.21762434574504017,-0.18300464167963865,False,0
0.4894071886074047,0.49514083903937134,-0.2921383568036467,1.0689218591573673,-0.4340226265711526,-0.06779156776070967,0.0018455327554617676,-1.0689218591573661,0.050908949588324766,-0.6790420768853226,-0.7461452189246294,-0.7548136444682138,1.524551188382478,-0.2061916332330533,-0.2902757020437465,-0.2496594146342877,-0.34172467460062167,-0.31693663659725785,False,4.1574168969007665,-0.2561013217304913,-0.2417614760307234,-0.2618522587637875,False,False,-0.2465551704953185,False,-0.21762434574504017,-0.18300464167963865,True,0
-0.019943427921950616,-0.6513779001104125,-0.9835946607067898,1.0689218591573673,-0.819082373499817,-1.130393276966088,-0.560451156797541,-1.0689218591573661,-0.466285908971318,2.282169909930137,2.225413160692102,2.0154015511353225,-0.3670174951250245,-0.2061916332330533,2.9894914945307485,3.1058353418649642,-0.34172467460062167,-0.31693663659725785,True,-0.21519446782476256,-0.2561013217304913,-0.2417614760307234,-0.2618522587637875,False,False,-0.2465551704953185,False,-0.21762434574504017,-0.18300464167963865,False,0
1.7118486682778575,-0.18038263163073032,0.4520369433327592,1.0689218591573673,0.20557570698144217,0.6641671284628128,-0.0021426625762442663,-1.0689218591573661,0.9099885399512208,0.39352880889082875,0.5427234758488926,0.651647487298748,-0.3670174951250245,-0.2061916332330533,-0.2902757020437465,-0.2496594146342877,-0.34172467460062167,-0.31693663659725785,False,5.939459159391585,-0.2561013217304913,-0.2417614760307234,-0.2618522587637875,False,False,-0.2465551704953185,True,-0.21762434574504017,-0.18300464167963865,False,0
-0.42742392114543487,-0.7520869341072217,-1.0443322701932343,1.0273326290274238,-0.8432766607976577,-1.2578885922232825,-0.5768375386004562,-1.0273326290274227,-0.5185163551042403,-0.7042039288975783,-0.7819471271127828,-0.8006546926294275,1.3699874830187664,-0.2061916332330533,2.2749962444390697,-0.2496594146342877,-0.34172467460062167,-0.31693663659725785,False,-0.21519446782476256,2.3766352928371837,-0.2417614760307234,-0.2618522587637875,False,True,-0.2465551704953185,False,-0.21762434574504017,-0.18300464167963865,False,0
-1.4461251542041456,2.2311752935825075,1.6605783367243518,1.0689218591573673,1.7416921905450842,1.4698593070750043,5.8893152366317585,-1.0689218591573661,2.9732308128315794,0.25833079807870885,0.399515843096279,0.5147897165090117,-0.3670174951250245,-0.2061916332330533,-0.2902757020437465,-0.2496594146342877,-0.34172467460062167,-0.31693663659725785,False,-0.21519446782476256,-0.2561013217304913,-0.2417614760307234,-0.2618522587637875,False,False,-0.2465551704953185,True,-0.21762434574504017,-0.18300464167963865,False,0
-0.42742392114543487,1.15275065380557,1.9933163380365053,1.0689218591573673,2.2727114045389665,1.644251566462452,4.380305139328017,-1.0689218591573661,3.6864718344252965,0.7490495039893663,0.9007425577304264,0.9771528198037234,-0.3670174951250245,-0.2061916332330533,-0.2902757020437465,-0.2496594146342877,4.776361499302858,-0.31693663659725785,False,-0.21519446782476256,-0.2561013217304913,-0.2417614760307234,-0.2618522587637875,False,False,-0.2465551704953185,True,-0.21762434574504017,-0.18300464167963865,False,0
-1.1405147842865324,-0.45998543425916255,1.5296199357785432,1.0273326290274238,1.5454937348669415,1.3967835989710495,0.07595450216554253,-1.0273326290274227,2.4225980962865603,1.5771373202136008,1.6525826296816475,1.5945201082010048,-0.3670174951250245,-0.2061916332330533,-0.2902757020437465,-0.2496594146342877,-0.34172467460062167,-0.31693663659725785,False,-0.21519446782476256,-0.2561013217304913,-0.2417614760307234,-0.2618522587637875,True,False,-0.2465551704953185,False,-0.21762434574504017,-0.18300464167963865,False,0
1.2024980517485022,1.5943615522405057,-0.12271704378484224,1.1936895495471973,-0.3089336468264216,0.12416643148384027,0.732414678680817,-1.1936895495471962,0.576864317047738,0.32542907011139055,0.4711196594725858,0.5837217736103729,1.5289730903619012,-0.2061916332330533,-0.2902757020437465,2.615059871382758,-0.34172467460062167,3.4734109529108315,True,-0.21519446782476256,-0.2561013217304913,-0.2417614760307234,-0.2618522587637875,False,False,-0.2465551704953185,False,-0.21762434574504017,-0.18300464167963865,False,0
-1.7517355241217587,-0.3715735345502882,-0.8656919678350967,1.1105110892873105,-0.7676775744470745,-0.9041067525855984,-0.5002293318948052,-1.1105110892873096,-0.36340665032086933,-0.8499173405506408,-0.9967585762417032,-1.085610793013382,2.3204065677738464,-0.2061916332330533,-0.2902757020437465,3.8108647259513093,2.4614679887440065,-0.31693663659725785,False,-0.21519446782476256,-0.2561013217304913,-0.2417614760307234,-0.2618522587637875,False,False,-0.2465551704953185,True,-0.21762434574504017,-0.18300464167963865,False,0
-0.019943427921950616,0.2855893940770272,-0.8543082489273004,0.9857433988974803,-0.7624041425427062,-0.8835656403081007,-0.36744115910358305,-0.9857433988974793,-0.44330128185049006,-0.1833160372408829,-0.10171087153786844,0.0013591034093940301,-0.3670174951250245,-0.2061916332330533,-0.2902757020437465,-0.2496594146342877,-0.34172467460062167,-0.31693663659725785,False,-0.21519446782476256,-0.2561013217304913,-0.2417614760307234,-0.2618522587637875,False,True,-0.2465551704953185,False,-0.21762434574504017,-0.18300464167963865,False,0
0.5912773119132757,-0.6973446986235236,-0.929745992725417,0.9441541687675369,-0.7963317067891553,-1.0238309560148526,-0.565950040654509,-0.9441541687675359,-0.49998387170847897,0.15956114017985457,0.29211011853181884,0.40943814967596037,-0.3670174951250245,-0.2061916332330533,-0.2902757020437465,-0.2496594146342877,0.838865729244356,-0.31693663659725785,False,-0.21519446782476256,-0.2561013217304913,-0.2417614760307234,1.568769486127349,False,False,-0.2465551704953185,False,-0.21762434574504017,-0.18300464167963865,False,0
0.6931474352191468,-0.6796659372980153,-0.5771030149077797,0.9441541687675369,-0.6171292790549131,-0.4395806609491797,-0.5474444193482488,-0.9441541687675359,-0.3108651097031805,0.5327326866899744,0.6859311086015061,0.7845944961420949,-0.3670174951250245,-0.2061916332330533,-0.2902757020437465,-0.2496594146342877,-0.34172467460062167,-0.31693663659725785,False,-0.21519446782476256,-0.2561013217304913,-0.2417614760307234,-0.2618522587637875,False,False,-0.2465551704953185,False,-0.21762434574504017,-0.18300464167963865,False,0
-0.3255537978395638,-0.5260803486598354,-0.8684404480865064,0.9441541687675369,-0.7689426027966643,-0.9090982424249686,-0.5306741241305575,-0.9441541687675359,-0.4710791659799611,-0.602054320728421,-0.6387394943601693,-0.6199395994607315,2.0218370502367353,-0.2061916332330533,3.23767132548469,-0.2496594146342877,2.150036721675728,2.0708887927605573,True,-0.21519446782476256,-0.2561013217304913,-0.2417614760307234,-0.2618522587637875,False,False,-0.2465551704953185,False,-0.21762434574504017,-0.18300464167963865,False,0
-0.019943427921950616,-0.7773289877904859,-0.9921508650306633,0.9025649386375936,-0.8225847657147597,-1.1478652937193128,-0.5800728764546605,-0.9025649386375925,-0.5415495470717488,0.03137339659502974,0.14890248577920528,0.2651528285603192,-0.3670174951250245,-0.2061916332330533,-0.2902757020437465,-0.2496594146342877,4.776361499302858,-0.31693663659725785,False,-0.21519446782476256,-0.2561013217304913,-0.2417614760307234,-0.2618522587637875,False,False,-0.2465551704953185,True,-0.21762434574504017,-0.18300464167963865,False,0
-0.5292940444513059,0.9205724453239789,1.151260105509014,0.9857433988974803,1.0192617850195456,1.1691365312155737,2.123878747668426,-0.9857433988974793,1.5815898826057733,-0.6536298581863779,-0.710343310736476,-0.7094198331749116,-0.3670174951250245,-0.2061916332330533,-0.2902757020437465,-0.2496594146342877,-0.34172467460062167,-0.31693663659725785,True,-0.21519446782476256,-0.2561013217304913,-0.2417614760307234,-0.2618522587637875,False,False,-0.2465551704953185,False,-0.21762434574504017,-0.18300464167963865,False,0
-2.464826387262856,-0.6309750232932955,0.711735060030068,0.9441541687675369,0.4837281561310484,0.8670218846883792,-0.395798912359329,-0.9441541687675359,0.8509093032832763,-0.062138560883353205,0.04149676121474512,0.15392453380635363,-0.3670174951250245,-0.2061916332330533,3.2163180012970267,-0.2496594146342877,-0.34172467460062167,2.0564361918289773,False,-0.21519446782476256,-0.2561013217304913,-0.2417614760307234,-0.2618522587637875,False,True,-0.2465551704953185,False,-0.21762434574504017,-0.18300464167963865,False,0
-0.019943427921950616,-0.6337182171298691,-1.0693939486485426,0.9025649386375936,-0.8528065410312341,-1.3129822731249772,-0.5618133799944637,-0.9025649386375925,-0.5713173976081716,0.29175475075170515,0.4353177512844324,0.5493833981846884,-0.3670174951250245,-0.2061916332330533,-0.2902757020437465,-0.2496594146342877,-0.34172467460062167,-0.31693663659725785,True,-0.21519446782476256,-0.2561013217304913,-0.2417614760307234,-0.2618522587637875,False,False,-0.2465551704953185,False,-0.21762434574504017,-0.18300464167963865,False,0
0.38753706530153365,-0.5673508043639766,-0.6419453629335499,0.9441541687675369,-0.6540135370125603,-0.5348839607218011,-0.518780359830275,-0.9441541687675359,-0.34979039263952005,0.03137339659502974,0.14890248577920528,0.2651528285603192,-0.3670174951250245,-0.2061916332330533,2.4719558545563975,-0.2496594146342877,1.6092178726105955,1.5526284960870598,False,-0.21519446782476256,2.578774788362336,-0.2417614760307234,-0.2618522587637875,False,False,-0.2465551704953185,False,-0.21762434574504017,-0.18300464167963865,False,0
0.4894071886074047,5.961249144962767,0.22788840198170351,1.1936895495471973,-0.011642062881845194,0.4706708955106192,4.695909898525531,-1.1936895495471962,1.1259136786375883,-0.7042039288975783,-0.7819471271127828,-0.8006546926294275,-0.3670174951250245,-0.2061916332330533,1.9909463649023118,-0.2496594146342877,-0.34172467460062167,-0.31693663659725785,True,-0.21519446782476256,-0.2561013217304913,-0.2417614760307234,4.734825305286265,False,False,-0.2465551704953185,False,-0.21762434574504017,-0.18300464167963865,False,0
0.4894071886074047,-0.3395543079642447,0.7802893555485929,0.9025649386375936,0.5618969863447199,0.9172805713381943,-0.028684430350934178,-0.9025649386375925,0.8221375770015077,-0.8499173405506408,-0.9967585762417032,-1.085610793013382,1.5591899547855754,-0.2061916332330533,-0.2902757020437465,-0.2496594146342877,-0.34172467460062167,-0.31693663659725785,False,-0.21519446782476256,-0.2561013217304913,-0.2417614760307234,2.8535861695946543,True,False,-0.2465551704953185,False,-0.21762434574504017,-0.18300464167963865,False,0
-0.3255537978395638,1.03980694502518,0.7230755015586506,0.9857433988974803,0.4965223055961153,0.8754242446535134,1.5702814161935101,-0.9857433988974793,0.9874882966562453,-0.6536298581863779,-0.710343310736476,-0.7094198331749116,-0.3670174951250245,-0.2061916332330533,-0.2902757020437465,-0.2496594146342877,-0.34172467460062167,-0.31693663659725785,True,-0.21519446782476256,-0.2561013217304913,-0.2417614760307234,2.2851702119748607,False,False,-0.2465551704953185,False,-0.21762434574504017,-0.18300464167963865,False,0
0.1837968186897915,-0.17893515838406715,0.9638335832781826,1.0273326290274238,0.7809354048523188,1.0458878769649078,0.2722518838768052,-1.0273326290274227,1.481254567658474,0.15956114017985457,0.29211011853181884,0.40943814967596037,-0.3670174951250245,-0.2061916332330533,-0.2902757020437465,-0.2496594146342877,-0.34172467460062167,-0.31693663659725785,False,-0.21519446782476256,-0.2561013217304913,-0.2417614760307234,-0.2618522587637875,True,False,-0.2465551704953185,False,-0.21762434574504017,-0.18300464167963865,False,0
-0.019943427921950616,0.7716720642800067,-1.0420960734787936,0.8193864783777067,-0.8424134649826436,-1.253046285863743,-0.36744115910358305,-0.8193864783777057,-0.5816107089476314,-0.5494773165237077,-0.5671356779838624,-0.5321477731865749,-0.3670174951250245,-0.2061916332330533,-0.2902757020437465,-0.2496594146342877,-0.34172467460062167,-0.31693663659725785,False,-0.21519446782476256,-0.2561013217304913,-0.2417614760307234,-0.2618522587637875,False,False,-0.2465551704953185,False,-0.21762434574504017,-0.18300464167963865,False,0
-1.2423849075924034,-0.7871491686207054,-0.34073861635614694,0.8193864783777067,-0.4676723806702408,-0.1264697612424986,-0.5805692241741156,-0.8193864783777057,-0.2559231638058603,0.6397644452495694,0.7933368331659663,0.8818697203740368,-0.3670174951250245,-0.2061916332330533,-0.2902757020437465,-0.2496594146342877,-0.34172467460062167,-0.31693663659725785,False,-0.21519446782476256,-0.2561013217304913,-0.2417614760307234,-0.2618522587637875,False,False,-0.2465551704953185,False,-0.21762434574504017,-0.18300464167963865,False,0
-0.8349044143689192,-0.024806227709113865,1.1964401195443621,0.8609757085076502,1.078926475060786,1.1977345122018404,0.6644941804681472,-0.8609757085076492,1.2022145627686192,1.16903962091035,1.2945635478001136,1.310723085795716,1.5662444063081802,-0.2061916332330533,-0.2902757020437465,-0.2496594146342877,-0.34172467460062167,-0.31693663659725785,False,-0.21519446782476256,-0.2561013217304913,-0.2417614760307234,-0.2618522587637875,False,True,-0.2465551704953185,False,-0.21762434574504017,-0.18300464167963865,False,0
0.28566694199566256,0.012807937988604148,1.1898466601501199,0.9441541687675369,1.0701655336279408,1.1935866093388159,0.7202499946450875,-0.9441541687675359,1.469797742620273,0.29175475075170515,0.4353177512844324,0.5493833981846884,-0.3670174951250245,-0.2061916332330533,-0.2902757020437465,2.9906708242371702,-0.34172467460062167,-0.31693663659725785,False,-0.21519446782476256,-0.2561013217304913,-0.2417614760307234,-0.2618522587637875,False,False,-0.2465551704953185,True,-0.21762434574504017,4.443622276037392,False,0
-0.019943427921950616,-0.7904719200072676,-0.7426813644663179,0.8193864783777067,-0.7077995658998247,-0.6926727631522659,-0.5820519561271891,-0.8193864783777057,-0.4646177445527896,-0.1833160372408829,-0.10171087153786844,0.0013591034093940301,-0.3670174951250245,-0.2061916332330533,-0.2902757020437465,-0.2496594146342877,-0.34172467460062167,-0.31693663659725785,False,-0.21519446782476256,-0.2561013217304913,-0.2417614760307234,-0.2618522587637875,False,True,-0.2465551704953185,False,-0.21762434574504017,-0.18300464167963865,False,0
-0.7330342910630481,2.0513589460050623,0.09517237903195251,1.0273326290274238,-0.1302719567004354,0.3465211925244658,1.378085892310799,-1.0273326290274227,0.3593530470517299,0.7490495039893663,0.9007425577304264,0.9771528198037234,-0.3670174951250245,-0.2061916332330533,-0.2902757020437465,-0.2496594146342877,-0.34172467460062167,2.354440108422706,False,-0.21519446782476256,-0.2561013217304913,-0.2417614760307234,-0.2618522587637875,False,True,-0.2465551704953185,False,-0.21762434574504017,-0.18300464167963865,False,0
-0.019943427921950616,-0.7580094061683272,-0.8445814776319327,0.7777972482477633,-0.7578550013796715,-0.8661813876274902,-0.5754752667622595,-0.7777972482477623,-0.5207579837046317,0.12713865425361467,0.25630821034366547,0.3737841150440583,-0.3670174951250245,3.566945177644919,-0.2902757020437465,-0.2496594146342877,-0.34172467460062167,-0.31693663659725785,False,-0.21519446782476256,-0.2561013217304913,-0.2417614760307234,-0.2618522587637875,False,True,-0.2465551704953185,False,-0.21762434574504017,-0.18300464167963865,False,0
-1.5479952775100165,0.16358950891092292,-0.7858277907109791,0.7362080181178199,-0.7295282881398375,-0.7642951963047651,-0.36744115910358305,-0.7362080181178189,-0.5100375146718124,-4.762258445368473e-05,0.1131005775910519,0.22837138206155058,-0.3670174951250245,-0.2061916332330533,-0.2902757020437465,-0.2496594146342877,-0.34172467460062167,-0.31693663659725785,False,-0.21519446782476256,-0.2561013217304913,-0.2417614760307234,-0.2618522587637875,False,False,-0.2465551704953185,False,3.7145698964367417,-0.18300464167963865,False,0
-1.3442550308982744,0.5670512871664639,1.8034220041424602,0.9441541687675369,1.963940308433799,1.546611520711842,2.559692730051727,-0.9441541687675359,2.4130303821552674,1.2888400804910896,1.4019692723645738,1.3976943797069663,-0.3670174951250245,-0.2061916332330533,-0.2902757020437465,-0.2496594146342877,-0.34172467460062167,-0.31693663659725785,False,-0.21519446782476256,-0.2561013217304913,-0.2417614760307234,-0.2618522587637875,False,False,-0.2465551704953185,True,-0.21762434574504017,-0.18300464167963865,False,0
0.28566694199566256,-0.688562425315053,-0.6871783965958681,0.7777972482477633,-0.6786939920682825,-0.6041866234417385,-0.5551024163928625,-0.7777972482477623,-0.4557812941924716,0.6397644452495694,0.7933368331659663,0.8818697203740368,-0.3670174951250245,-0.2061916332330533,2.5535029495273087,-0.2496594146342877,-0.34172467460062167,-0.31693663659725785,False,-0.21519446782476256,2.662466508858444,-0.2417614760307234,-0.2618522587637875,False,False,-0.2465551704953185,True,-0.21762434574504017,-0.18300464167963865,False,0
-0.3255537978395638,-0.6381238637501059,0.25897191698700034,0.7777972482477633,0.017215466175267643,0.4986581154876814,-0.4593700294607582,-0.7777972482477623,0.11543290823131157,0.9361986022894768,1.0797520986711935,1.1317460683856633,1.5662444063081802,-0.2061916332330533,-0.2902757020437465,-0.2496594146342877,-0.34172467460062167,-0.31693663659725785,False,-0.21519446782476256,-0.2561013217304913,-0.2417614760307234,-0.2618522587637875,False,True,-0.2465551704953185,False,-0.21762434574504017,-0.18300464167963865,False,0
-0.22368367453369276,-0.17006403692884353,-0.5043206299538817,1.2352787796771407,-0.5736172647245131,-0.3377948627638239,-0.36744115910358305,-1.2352787796771396,0.20569721598341215,0.12713865425361467,0.25630821034366547,0.3737841150440583,-0.3670174951250245,-0.2061916332330533,-0.2902757020437465,3.6872902691627285,-0.34172467460062167,-0.31693663659725785,False,-0.21519446782476256,-0.2561013217304913,-0.2417614760307234,-0.2618522587637875,False,True,-0.2465551704953185,False,-0.21762434574504017,-0.18300464167963865,False,0
0.1837968186897915,0.8537279263020293,-1.065262569971064,1.2352787796771407,-0.8512537807433063,-1.3037941445568608,-0.36744115910358305,-1.2352787796771396,-0.3803023696338693,-0.2424025752995131,-0.1733146879141752,-0.07684153992782201,-0.3670174951250245,-0.2061916332330533,-0.2902757020437465,-0.2496594146342877,-0.34172467460062167,-0.31693663659725785,False,-0.21519446782476256,-0.2561013217304913,-0.2417614760307234,-0.2618522587637875,False,False,-0.2465551704953185,False,-0.21762434574504017,-0.18300464167963865,False,0
-0.019943427921950616,0.0779906812538477,0.8723787448457129,0.8193864783777067,0.6700197035184821,0.982848888481708,0.5562821329310085,-0.8193864783777057,0.7328452353317068,-0.27157029429879453,-0.2091165961023286,-0.11644032151224208,-0.3670174951250245,-0.2061916332330533,-0.2902757020437465,3.7069114971255117,-0.34172467460062167,-0.31693663659725785,False,-0.21519446782476256,-0.2561013217304913,-0.2417614760307234,-0.2618522587637875,False,False,-0.2465551704953185,True,-0.21762434574504017,-0.18300464167963865,False,0
-2.464826387262856,-0.6411602314963114,0.15994575821509902,0.7362080181178199,-0.07330103290949784,0.4080850656244214,-0.47231577075254766,-0.7362080181178189,0.00025526822179883257,-0.8499173405506408,-0.9967585762417032,-1.085610793013382,-0.3670174951250245,-0.2061916332330533,-0.2902757020437465,-0.2496594146342877,-0.34172467460062167,-0.31693663659725785,False,4.025355332992795,-0.2561013217304913,-0.2417614760307234,-0.2618522587637875,False,False,-0.2465551704953185,False,-0.21762434574504017,-0.18300464167963865,False,0
0.896887681830889,-0.5211632850161351,-0.3450789102150739,0.6946187879878765,-0.4706290743814389,-0.1317955241802462,-0.46733804166473664,-0.6946187879878756,-0.3300570804076907,-1.0301813549668009,-1.2831738417469303,-1.4949144290361405,-0.3670174951250245,-0.2061916332330533,-0.2902757020437465,3.024412541546841,-0.34172467460062167,-0.31693663659725785,False,-0.21519446782476256,-0.2561013217304913,3.2696469718124077,-0.2618522587637875,False,True,-0.2465551704953185,False,-0.21762434574504017,-0.18300464167963865,False,0
-2.159216017345243,0.47370474963508313,2.26319208607257,0.9025649386375936,2.737686216893285,1.7752328061769607,3.102489376094335,-0.9025649386375925,2.9652469058046123,1.619324106920716,1.688384537869801,1.6219705049419677,-0.3670174951250245,-0.2061916332330533,-0.2902757020437465,-0.2496594146342877,-0.34172467460062167,-0.31693663659725785,False,-0.21519446782476256,-0.2561013217304913,-0.2417614760307234,-0.2618522587637875,False,False,-0.2465551704953185,True,-0.21762434574504017,-0.18300464167963865,False,0
0.5912773119132757,-0.714795150617287,-1.107118673194397,0.6946187879878765,-0.8666524003398816,-1.3989113718675723,-0.5731162744197352,-0.6946187879878756,-0.6226134338801232,-0.0928084800027693,0.005694853026591727,0.11624960122671975,-0.3670174951250245,-0.2061916332330533,-0.2902757020437465,-0.2496594146342877,1.943081058891516,-0.31693663659725785,False,-0.21519446782476256,-0.2561013217304913,-0.2417614760307234,-0.2618522587637875,False,False,-0.2465551704953185,False,-0.21762434574504017,-0.18300464167963865,False,0
0.5912773119132757,-0.1504462271893858,0.47345334163033514,0.6946187879878765,0.2274383733996468,0.6817036875360853,0.03715884225874366,-0.6946187879878756,0.18562988451132215,-0.062138560883353205,0.04149676121474512,0.15392453380635363,-0.3670174951250245,-0.2061916332330533,-0.2902757020437465,-0.2496594146342877,-0.34172467460062167,-0.31693663659725785,False,-0.21519446782476256,-0.2561013217304913,-0.2417614760307234,-0.2618522587637875,False,True,-0.2465551704953185,False,-0.21762434574504017,-0.18300464167963865,False,0
-0.12181355122782168,-0.5969116516126308,1.7089062655204417,0.8609757085076502,1.8159220697408172,1.4961605796384043,-0.1557708365316446,-0.8609757085076492,1.8827702572564942,-0.7042039288975783,-0.7819471271127828,-0.8006546926294275,-0.3670174951250245,-0.2061916332330533,-0.2902757020437465,-0.2496594146342877,-0.34172467460062167,-0.31693663659725785,False,-0.21519446782476256,-0.2561013217304913,-0.2417614760307234,-0.2618522587637875,True,False,-0.2465551704953185,False,4.6118575235147405,-0.18300464167963865,False,0
-0.3255537978395638,0.2575211308333897,1.0803215315944725,0.6946187879878765,0.9273165480340669,1.1233848130952337,1.0007130264330921,-0.6946187879878756,0.7026544970147648,1.129606867756815,1.2587616396119603,1.2813676019733777,-0.3670174951250245,-0.2061916332330533,-0.2902757020437465,-0.2496594146342877,-0.34172467460062167,1.5594193857258272,False,-0.21519446782476256,-0.2561013217304913,-0.2417614760307234,2.7742646724627193,True,False,-0.2465551704953185,False,-0.21762434574504017,-0.18300464167963865,False,0
-1.6498654008158877,-0.7907442208831544,0.29803644083096353,0.7777972482477633,0.05406003696900617,0.5332802717433105,-0.5820867346380458,-0.7777972482477623,0.14567555240044194,0.5327326866899744,0.6859311086015061,0.7845944961420949,-0.3670174951250245,-0.2061916332330533,-0.2902757020437465,-0.2496594146342877,-0.34172467460062167,-0.31693663659725785,False,4.6722273064710445,-0.2561013217304913,-0.2417614760307234,-0.2618522587637875,False,True,-0.2465551704953185,False,-0.21762434574504017,-0.18300464167963865,False,0
-1.1405147842865324,-0.23834298737696644,0.6582592591926917,0.6530295578579332,0.4241279577311596,0.8269136280226814,0.03642396989227602,-0.6530295578579322,0.2801447645180119,0.4626300144170234,0.6143272922251993,0.7185958186178509,2.407326310905483,-0.2061916332330533,3.8069758459131164,-0.2496594146342877,2.5521320523765914,-0.31693663659725785,False,-0.21519446782476256,-0.2561013217304913,-0.2417614760307234,-0.2618522587637875,True,False,-0.2465551704953185,False,-0.21762434574504017,-0.18300464167963865,False,0
0.08192669538392044,-0.3604336489048948,1.2586565048592837,0.6530295578579332,1.1624977204615292,1.2364530565221359,0.14616431409583805,-0.6530295578579322,0.7996301948411599,-0.6790420768853226,-0.7461452189246294,-0.7548136444682138,1.914178903832033,-0.2061916332330533,-0.2902757020437465,-0.2496594146342877,-0.34172467460062167,-0.31693663659725785,False,-0.21519446782476256,-0.2561013217304913,-0.2417614760307234,-0.2618522587637875,False,False,3.0711387403464014,True,-0.21762434574504017,-0.18300464167963865,False,0
0.1837968186897915,-0.6295976585270124,1.343882238960015,0.6946187879878765,1.2796244629470774,1.2882927901679269,-0.29469384135545645,-0.6946187879878756,0.9629167394899522,-0.12322803243549628,-0.03010705516156166,0.07826711477503,-0.3670174951250245,-0.2061916332330533,-0.2902757020437465,-0.2496594146342877,-0.34172467460062167,-0.31693663659725785,False,-0.21519446782476256,-0.2561013217304913,-0.2417614760307234,-0.2618522587637875,False,False,-0.2465551704953185,True,-0.21762434574504017,-0.18300464167963865,False,0
-0.9367745376747901,-0.10673983437911669,1.7649138427629212,0.7362080181178199,1.9031792604895807,1.5262112014195253,0.9684235017233939,-0.7362080181178189,1.5371978764634788,1.4935148468594377,1.5809788133053408,1.5391286355323346,-0.3670174951250245,-0.2061916332330533,-0.2902757020437465,4.511080393802703,2.944863568950287,-0.31693663659725785,False,-0.21519446782476256,-0.2561013217304913,-0.2417614760307234,-0.2618522587637875,False,False,-0.2465551704953185,True,-0.21762434574504017,-0.18300464167963865,False,0
-1.2423849075924034,-0.6025282754761343,-0.8844545576115084,0.5698510975980463,-0.7762500018513535,-0.9384338788164246,-0.5466012471853859,-0.5698510975980453,-0.5792766795780859,2.6587214067105602,2.511828426197329,2.2123760963363397,-0.3670174951250245,-0.2061916332330533,-0.2902757020437465,2.496882066342437,-0.34172467460062167,-0.31693663659725785,True,-0.21519446782476256,-0.2561013217304913,5.649513418185265,-0.2618522587637875,False,False,-0.2465551704953185,False,-0.21762434574504017,-0.18300464167963865,False,0
0.28566694199566256,-0.3219843993724668,0.5097308632251483,0.6114403277279897,0.26491297792043594,0.711059759441363,-0.11511241039859177,-0.6114403277279887,0.12704991570178975,0.12713865425361467,0.25630821034366547,0.3737841150440583,-0.3670174951250245,-0.2061916332330533,-0.2902757020437465,-0.2496594146342877,-0.34172467460062167,-0.31693663659725785,False,-0.21519446782476256,-0.2561013217304913,3.5146035671298392,-0.2618522587637875,False,False,-0.2465551704953185,False,4.186408366234661,-0.18300464167963865,True,0
-1.1405147842865324,-0.47898094035100625,-0.8528283527227364,0.6114403277279897,-0.7617145780697925,-0.8809108337217127,-0.5197708907324955,-0.6114403277279887,-0.5624099640297625,0.06304478246120228,0.18470439396735866,0.3016457901563818,-0.3670174951250245,-0.2061916332330533,2.702392145252026,2.8121070668504244,-0.34172467460062167,-0.31693663659725785,True,-0.21519446782476256,-0.2561013217304913,-0.2417614760307234,3.015644593889257,False,False,-0.2465551704953185,False,-0.21762434574504017,-0.18300464167963865,False,0
-0.631164167757177,-0.7779194518620884,-1.0957140300232584,0.5282618674681029,-0.8625298961888654,-1.3725390508083621,-0.5805620131052561,-0.5282618674681019,-0.6389046377029126,-0.9420522812522337,-1.1399662089943168,-1.285763319157662,-0.3670174951250245,-0.2061916332330533,-0.2902757020437465,-0.2496594146342877,-0.34172467460062167,-0.31693663659725785,False,-0.21519446782476256,-0.2561013217304913,-0.2417614760307234,-0.2618522587637875,False,False,-0.2465551704953185,True,-0.21762434574504017,-0.18300464167963865,False,0
-0.5292940444513059,-0.5061487405095512,0.6233668905220887,0.6114403277279897,0.38588937530512796,0.8002991666480158,-0.2718658591656214,-0.6114403277279887,0.20829493187589293,-0.1833160372408829,-0.10171087153786844,0.0013591034093940301,-0.3670174951250245,-0.2061916332330533,-0.2902757020437465,-0.2496594146342877,-0.34172467460062167,-0.31693663659725785,False,-0.21519446782476256,-0.2561013217304913,-0.2417614760307234,-0.2618522587637875,False,False,-0.2465551704953185,False,-0.21762434574504017,-0.18300464167963865,False,0
-0.7330342910630481,0.8221535345518141,0.38894667638491953,0.6114403277279897,0.14229452412902147,0.6115863108774122,0.8712634812412553,-0.6114403277279887,0.04470213153155637,0.3593537561577651,0.5069215676607391,0.6178085835875454,-0.3670174951250245,-0.2061916332330533,-0.2902757020437465,-0.2496594146342877,-0.34172467460062167,4.3787305262784075,False,-0.21519446782476256,-0.2561013217304913,-0.2417614760307234,-0.2618522587637875,False,False,-0.2465551704953185,False,-0.21762434574504017,-0.18300464167963865,False,0
-1.8536056474276297,-0.7894433338909301,-1.0424940768656226,0.5282618674681029,-0.8425672527427898,-1.25390726605149,-0.5819447021181832,-0.5282618674681019,-0.6266153822697047,-0.3575712511765041,-0.31652232066678876,-0.2372998114910998,-0.3670174951250245,-0.2061916332330533,-0.2902757020437465,-0.2496594146342877,-0.34172467460062167,-0.31693663659725785,False,3.320780393014525,-0.2561013217304913,-0.2417614760307234,-0.2618522587637875,False,False,-0.2465551704953185,False,-0.21762434574504017,-0.18300464167963865,False,0
-2.6685666338745984,-0.29871465650483436,1.5404823914205612,0.5698510975980463,1.5614926228176358,1.4029484033573791,0.40287701569751233,-0.5698510975980453,0.922438679090506,-0.062138560883353205,0.04149676121474512,0.15392453380635363,3.2224269350628463,-0.2061916332330533,-0.2902757020437465,-0.2496594146342877,1.530310414891787,-0.31693663659725785,False,-0.21519446782476256,-0.2561013217304913,2.6665188379744946,-0.2618522587637875,True,False,-0.2465551704953185,False,-0.21762434574504017,-0.18300464167963865,False,0
-0.42742392114543487,-0.2431256478116967,-0.45025362220751547,0.5698510975980463,-0.5398484491336988,-0.2654269685542482,-0.3783676916718554,-0.5698510975980453,-0.4274174292128016,0.03137339659502974,0.14890248577920528,0.2651528285603192,-0.3670174951250245,-0.2061916332330533,-0.2902757020437465,-0.2496594146342877,-0.34172467460062167,4.3787305262784075,True,-0.21519446782476256,-0.2561013217304913,-0.2417614760307234,-0.2618522587637875,False,False,-0.2465551704953185,False,-0.21762434574504017,-0.18300464167963865,False,0
0.28566694199566256,-0.7773422734430838,-0.9567313940570685,0.48667263733815946,-0.8078856323820753,-1.0765172180019575,-0.5799215291308412,-0.4866726373381585,-0.6104778552196288,-0.4687340600664694,-0.4597299534194023,-0.4034899331809136,0.8003387386082884,-0.2061916332330533,-0.2902757020437465,-0.2496594146342877,-0.34172467460062167,2.0167700392151446,False,2.4833039683200377,-0.2561013217304913,1.6498956982357542,1.6262239556259634,False,True,-0.2465551704953185,False,-0.21762434574504017,-0.18300464167963865,False,0
1.2024980517485022,-0.3536026369296573,-0.8673725692002373,0.5282618674681029,-0.7684514741432942,-0.9071573845790073,-0.4969808608966409,-0.5282618674681019,-0.5809887728829933,-1.154863964937978,-1.4979852908758506,-1.8274007512254888,-0.3670174951250245,-0.2061916332330533,-0.2902757020437465,-0.2496594146342877,-0.34172467460062167,-0.31693663659725785,False,-0.21519446782476256,-0.2561013217304913,-0.2417614760307234,-0.2618522587637875,False,False,-0.2465551704953185,False,-0.21762434574504017,-0.18300464167963865,False,0
-2.159216017345243,1.3134308476434096,-1.1688911261607984,0.4034941770782727,-0.8880288990002045,-1.5481896174616323,-0.36744115910358305,-0.40349417707827173,-0.6636005575150954,-0.4413189078740118,-0.42392804523124894,-0.36138259827485913,-0.3670174951250245,-0.2061916332330533,-0.2902757020437465,-0.2496594146342877,-0.34172467460062167,-0.31693663659725785,False,-0.21519446782476256,-0.2561013217304913,-0.2417614760307234,-0.2618522587637875,False,False,-0.2465551704953185,False,-0.21762434574504017,-0.18300464167963865,False,0
-1.8536056474276297,0.5377880829116437,-0.2162898650956003,0.48667263733815946,-0.37951726783804296,0.020450645118426248,0.0773729546751233,-0.4866726373381585,-0.35731723874199706,0.19223399279278353,0.3279120267199722,0.44482104834136443,2.066251959584625,-0.2061916332330533,-0.2902757020437465,-0.2496594146342877,2.19636493230164,-0.31693663659725785,False,-0.21519446782476256,-0.2561013217304913,-0.2417614760307234,-0.2618522587637875,False,False,-0.2465551704953185,False,-0.21762434574504017,-0.18300464167963865,False,0
0.38753706530153365,-0.6401697738217658,-0.7638037586756883,0.4450834072082161,-0.7185349437371279,-0.7274125045713264,-0.5469627369728823,-0.44508340720821515,-0.5645155512610441,-0.7291154142231449,-0.8177490353009362,-0.846951878112884,-0.3670174951250245,-0.2061916332330533,-0.2902757020437465,-0.2496594146342877,2.555333163643058,-0.31693663659725785,False,-0.21519446782476256,-0.2561013217304913,-0.2417614760307234,-0.2618522587637875,False,True,-0.2465551704953185,False,-0.21762434574504017,-0.18300464167963865,False,0
1.5081084216661154,0.8078346881235933,0.48242623787415484,0.4034941770782727,0.23665571721744216,0.6890051831172507,0.9753493624731983,-0.40349417707827173,-0.04816050908068536,-0.15339721818153415,-0.06590896334971505,0.03997201175105678,1.7818439099288617,-0.2061916332330533,2.8832407522125285,-0.2496594146342877,1.899705179493141,-0.31693663659725785,False,-0.21519446782476256,-0.2561013217304913,-0.2417614760307234,-0.2618522587637875,False,False,-0.2465551704953185,True,-0.21762434574504017,-0.18300464167963865,False,0
0.7950175585250179,-0.49748829310475773,-0.5111163185018522,0.36190494694832925,-0.5777744951439493,-0.3470805131842798,-0.4816311948855385,-0.3619049469483283,-0.502460221248343,-0.6790420768853226,-0.7461452189246294,-0.7548136444682138,1.1661741438331026,-0.2061916332330533,-0.2902757020437465,-0.2496594146342877,-0.34172467460062167,-0.31693663659725785,False,-0.21519446782476256,-0.2561013217304913,-0.2417614760307234,-0.2618522587637875,False,True,-0.2465551704953185,False,-0.21762434574504017,-0.18300464167963865,False,0
-0.631164167757177,0.6178109013506667,1.553744378391766,0.4034941770782727,1.5810931208930445,1.4104491297817683,2.2589107424258352,-0.40349417707827173,0.6875307317382644,0.603836825709682,0.7575349249778128,0.8496700849316762,-0.3670174951250245,-0.2061916332330533,-0.2902757020437465,-0.2496594146342877,-0.34172467460062167,-0.31693663659725785,False,-0.21519446782476256,-0.2561013217304913,-0.2417614760307234,-0.2618522587637875,False,False,-0.2465551704953185,True,-0.21762434574504017,-0.18300464167963865,False,0
0.4894071886074047,-0.21820167877827293,-0.01902324111910776,0.36190494694832925,-0.2264041894782818,0.23309868670125913,-0.2299044913882426,-0.3619049469483283,-0.31705336584719573,1.129606867756815,1.2587616396119603,1.2813676019733777,-0.3670174951250245,-0.2061916332330533,-0.2902757020437465,-0.2496594146342877,-0.34172467460062167,-0.31693663659725785,False,-0.21519446782476256,-0.2561013217304913,-0.2417614760307234,-0.2618522587637875,False,False,-0.2465551704953185,True,-0.21762434574504017,-0.18300464167963865,False,0
-0.8349044143689192,0.448287254341997,-0.5624470077875671,0.36190494694832925,-0.6085469298596569,-0.4186599018836647,-0.18714117492765278,-0.3619049469483283,-0.5186978493622713,-0.49589884557223796,-0.4955318616075557,-0.44598181527937314,-0.3670174951250245,-0.2061916332330533,-0.2902757020437465,3.025791441184272,-0.34172467460062167,-0.31693663659725785,False,-0.21519446782476256,-0.2561013217304913,-0.2417614760307234,-0.2618522587637875,False,False,-0.2465551704953185,False,-0.21762434574504017,-0.18300464167963865,True,0
0.4894071886074047,0.5872011407987013,1.8424224230231898,0.4450834072082161,2.026115211592265,1.5670608991855957,2.6727612683014175,-0.44508340720821515,0.9951533415078033,-0.9420522812522337,-1.1399662089943168,-1.285763319157662,-0.3670174951250245,-0.2061916332330533,-0.2902757020437465,-0.2496594146342877,-0.34172467460062167,-0.31693663659725785,True,-0.21519446782476256,-0.2561013217304913,-0.2417614760307234,-0.2618522587637875,False,False,-0.2465551704953185,False,-0.21762434574504017,-0.18300464167963865,False,0
-0.019943427921950616,-0.7641103568019879,-1.1513009654148474,0.27872648668844247,-0.8821055897868312,-1.5045249363716913,-0.5792851675043913,-0.2787264866884415,-0.6678821156483525,-0.627967272800744,-0.6745414025483226,-0.6644646162875364,-0.3670174951250245,-0.2061916332330533,-0.2902757020437465,-0.2496594146342877,-0.34172467460062167,-0.31693663659725785,False,-0.21519446782476256,-0.2561013217304913,-0.2417614760307234,-0.2618522587637875,False,False,-0.2465551704953185,False,-0.21762434574504017,-0.18300464167963865,False,0
-1.5479952775100165,-0.6519236395919512,0.6121084638928779,0.27872648668844247,0.37366076792576003,0.7916349140213169,-0.4320766445610518,-0.2787264866884415,-0.04942961155804896,-0.5494773165237077,-0.5671356779838624,-0.5321477731865749,-0.3670174951250245,-0.2061916332330533,-0.2902757020437465,-0.2496594146342877,4.776361499302858,-0.31693663659725785,False,-0.21519446782476256,-0.2561013217304913,-0.2417614760307234,-0.2618522587637875,False,False,-0.2465551704953185,True,-0.21762434574504017,-0.18300464167963865,False,0
-1.8536056474276297,-0.34820553384426123,0.8910713427188865,0.27872648668844247,0.6924032639629883,0.9958974912739051,0.005500438078229737,-0.2787264866884415,0.10754791345965364,0.12713865425361467,0.25630821034366547,0.3737841150440583,-0.3670174951250245,-0.2061916332330533,-0.2902757020437465,-0.2496594146342877,-0.34172467460062167,2.434752921390153,False,-0.21519446782476256,-0.2561013217304913,-0.2417614760307234,-0.2618522587637875,False,False,-0.2465551704953185,True,-0.21762434574504017,-0.18300464167963865,False,0
-0.3255537978395638,-0.5862213208325038,-0.7467521190836078,0.23713725655849904,-0.7098831420050314,-0.6993207095107479,-0.5329944223396739,-0.23713725655849813,-0.5879843801130973,1.208722740750574,1.3303654559882672,1.3398945214879765,-0.3670174951250245,-0.2061916332330533,-0.2902757020437465,-0.2496594146342877,-0.34172467460062167,-0.31693663659725785,False,-0.21519446782476256,-0.2561013217304913,-0.2417614760307234,-0.2618522587637875,False,True,-0.2465551704953185,False,-0.21762434574504017,-0.18300464167963865,False,0
-0.9367745376747901,-0.6779754362430574,0.011380433250562145,0.15395879629861225,-0.2013467063654269,0.2639358435425001,-0.5105371596190627,-0.15395879629861134,-0.36924898856260263,0.06304478246120228,0.18470439396735866,0.3016457901563818,-0.3670174951250245,-0.2061916332330533,-0.2902757020437465,-0.2496594146342877,-0.34172467460062167,-0.31693663659725785,True,-0.21519446782476256,-0.2561013217304913,-0.2417614760307234,-0.2618522587637875,False,False,-0.2465551704953185,False,-0.21762434574504017,-0.18300464167963865,False,0
-0.631164167757177,-0.6560077425960628,0.2907926111317294,0.11236956616866883,0.04717927492633547,0.5269056878922295,-0.4706177890020351,-0.11236956616866793,-0.27202667300117017,-0.21298448961354258,-0.13751277972602183,-0.037576929259752624,1.381100619485947,-0.2061916332330533,-0.2902757020437465,-0.2496594146342877,1.4816987073614536,-0.31693663659725785,True,-0.21519446782476256,-0.2561013217304913,-0.2417614760307234,-0.2618522587637875,False,False,-0.2465551704953185,False,-0.21762434574504017,-0.18300464167963865,False,0
-2.464826387262856,0.506748245797528,-0.5956402588310942,0.11236956616866883,-0.627854735101239,-0.46636181515330866,-0.18793450194506048,-0.11236956616866793,-0.5653627639938094,-0.6790420768853226,-0.7461452189246294,-0.7548136444682138,1.565576730871768,-0.2061916332330533,-0.2902757020437465,-0.2496594146342877,-0.34172467460062167,-0.31693663659725785,True,-0.21519446782476256,-0.2561013217304913,-0.2417614760307234,2.8639161097333283,False,False,-0.2465551704953185,False,-0.21762434574504017,-0.18300464167963865,False,0
0.4894071886074047,0.3074071159239626,-0.711941957794298,0.11236956616866883,-0.6918403651130391,-0.6431791475232801,-0.30299079017435654,-0.11236956616866793,-0.5931677253861932,0.29175475075170515,0.4353177512844324,0.5493833981846884,-0.3670174951250245,-0.2061916332330533,2.515709036512961,-0.2496594146342877,-0.34172467460062167,-0.31693663659725785,True,-0.21519446782476256,2.6236786451634915,-0.2417614760307234,-0.2618522587637875,False,False,-0.2465551704953185,False,-0.21762434574504017,-0.18300464167963865,False,0
0.4894071886074047,-0.6293389032148915,-1.0560393421156915,0.11236956616866883,-0.8477613103193408,-1.2834341415115058,-0.560615199493855,-0.11236956616866793,-0.6609231864315199,0.22515721209240164,0.3637139349081256,0.47993690371735714,-0.3670174951250245,-0.2061916332330533,-0.2902757020437465,-0.2496594146342877,-0.34172467460062167,1.7759372858018698,False,-0.21519446782476256,-0.2561013217304913,-0.2417614760307234,-0.2618522587637875,False,False,-0.2465551704953185,False,-0.21762434574504017,-0.18300464167963865,False,0
0.7950175585250179,1.380327827595628,0.5511436414030352,0.11236956616866883,0.3083704224004614,0.7440485556466275,1.6538572908239042,-0.11236956616866793,-0.1585260359016967,0.15956114017985457,0.29211011853181884,0.40943814967596037,-0.3670174951250245,-0.2061916332330533,-0.2902757020437465,-0.2496594146342877,-0.34172467460062167,-0.31693663659725785,True,-0.21519446782476256,-0.2561013217304913,-0.2417614760307234,-0.2618522587637875,False,False,-0.2465551704953185,False,-0.21762434574504017,-0.18300464167963865,False,0
0.08192669538392044,-0.36499517952169913,-0.22204637882678632,0.11236956616866883,-0.3837389898988308,0.013889494251300606,-0.3721586452155738,-0.11236956616866793,-0.45928224451819893,-0.12322803243549628,-0.03010705516156166,0.07826711477503,-0.3670174951250245,-0.2061916332330533,-0.2902757020437465,-0.2496594146342877,-0.34172467460062167,-0.31693663659725785,False,-0.21519446782476256,-0.2561013217304913,-0.2417614760307234,-0.2618522587637875,False,True,-0.2465551704953185,False,-0.21762434574504017,-0.18300464167963865,False,0
-0.019943427921950616,-0.38442180166210044,-0.9448594023670538,0.11236956616866883,-0.8028404016701819,-1.053165725096702,-0.513821248190059,-0.11236956616866793,-0.6414028014564823,-1.2329783711849807,-1.6411929236284641,-2.063037367382634,-0.3670174951250245,-0.2061916332330533,-0.2902757020437465,-0.2496594146342877,-0.34172467460062167,-0.31693663659725785,False,-0.21519446782476256,-0.2561013217304913,-0.2417614760307234,6.592422786129169,False,False,-0.2465551704953185,False,-0.21762434574504017,-0.18300464167963865,True,0
-0.019943427921950616,0.40408153356857895,-0.9105095014471322,0.07078033603872544,-0.7879081062495339,-0.987110298721751,-0.36744115910358305,-0.07078033603872454,-0.6377903676668287,0.09496653501406392,0.22050630215551206,0.3378547569556542,-0.3670174951250245,-0.2061916332330533,-0.2902757020437465,-0.2496594146342877,-0.34172467460062167,-0.31693663659725785,False,-0.21519446782476256,-0.2561013217304913,-0.2417614760307234,-0.2618522587637875,False,True,-0.2465551704953185,False,-0.21762434574504017,-0.18300464167963865,False,0
-1.1405147842865324,-0.6757129716833365,-0.8174121794448158,0.02919110590878203,-0.7449368295273899,-0.8184150108956377,-0.5576176201865988,-0.02919110590878114,-0.6228711906292691,0.12713865425361467,0.25630821034366547,0.3737841150440583,-0.3670174951250245,-0.2061916332330533,-0.2902757020437465,-0.2496594146342877,-0.34172467460062167,-0.31693663659725785,False,-0.21519446782476256,-0.2561013217304913,-0.2417614760307234,-0.2618522587637875,False,True,-0.2465551704953185,False,-0.21762434574504017,7.433364157090449,False,0
0.6931474352191468,-0.6416292580378598,-0.9602250607391892,0.02919110590878203,-0.8093590183421858,-1.0834417462433388,-0.5578104220361213,-0.02919110590878114,-0.6493105993528673,-0.7537765328620223,-0.8535509434890896,-0.8937143697372181,-0.3670174951250245,-0.2061916332330533,-0.2902757020437465,-0.2496594146342877,-0.34172467460062167,-0.31693663659725785,False,-0.21519446782476256,-0.2561013217304913,-0.2417614760307234,-0.2618522587637875,False,True,-0.2465551704953185,False,-0.21762434574504017,-0.18300464167963865,False,0
-0.3255537978395638,0.6507420514840355,-0.2362587985424532,0.02919110590878203,-0.39410230057448986,-0.0024030950823695496,0.1171372812315131,-0.02919110590878114,-0.4788857459247519,-0.3857375034290291,-0.35232422885494213,-0.2782941625976166,2.5152662800412213,-0.2061916332330533,-0.2902757020437465,-0.2496594146342877,-0.34172467460062167,-0.31693663659725785,False,-0.21519446782476256,-0.2561013217304913,-0.2417614760307234,-0.2618522587637875,True,False,-0.2465551704953185,False,-0.21762434574504017,-0.18300464167963865,False,0
-0.42742392114543487,0.25758049564728713,0.1263097263545313,-0.012398124221161376,-0.10310609300493087,0.37635433918099515,0.1630157672790742,0.01239812422116226,-0.369624111570023,-0.5228132643913174,-0.5313337697957091,-0.48886533314690633,-0.3670174951250245,-0.2061916332330533,-0.2902757020437465,-0.2496594146342877,-0.34172467460062167,-0.31693663659725785,False,-0.21519446782476256,-0.2561013217304913,-0.2417614760307234,-0.2618522587637875,False,True,-0.2465551704953185,False,-0.21762434574504017,-0.18300464167963865,False,0
-0.5292940444513059,0.5235842919558402,-0.2417738326995623,-0.012398124221161376,-0.3981007823382913,-0.008761552440076452,0.051379215973434395,0.01239812422116226,-0.4874202995900559,-0.12322803243549628,-0.03010705516156166,0.07826711477503,-0.3670174951250245,-0.2061916332330533,-0.2902757020437465,-0.2496594146342877,-0.34172467460062167,-0.31693663659725785,True,-0.21519446782476256,-0.2561013217304913,-0.2417614760307234,4.161728586740645,False,False,-0.2465551704953185,False,-0.21762434574504017,-0.18300464167963865,False,0
0.38753706530153365,-0.34148352143913596,-0.24921224332626654,-0.05398735435110478,-0.4034734321524314,-0.017369953998778824,-0.36744115910358305,0.05398735435110566,-0.49603995371982057,-0.627967272800744,-0.6745414025483226,-0.6644646162875364,1.4993740947348355,-0.2061916332330533,-0.2902757020437465,-0.2496594146342877,-0.34172467460062167,1.5486509137456372,True,-0.21519446782476256,-0.2561013217304913,-0.2417614760307234,2.756840292593693,False,False,-0.2465551704953185,False,3.328259782142353,-0.18300464167963865,False,0
-0.12181355122782168,-0.10011604715635312,-0.2589730630627435,-0.05398735435110478,-0.410488138373294,-0.02872305024551436,-0.255869166928761,0.05398735435110566,-0.4987673274536109,-0.0928084800027693,0.005694853026591727,0.11624960122671975,-0.3670174951250245,-0.2061916332330533,-0.2902757020437465,-0.2496594146342877,-0.34172467460062167,-0.31693663659725785,False,-0.21519446782476256,6.085445465665127,-0.2417614760307234,-0.2618522587637875,False,True,-0.2465551704953185,False,-0.21762434574504017,-0.18300464167963865,False,0
0.28566694199566256,0.43226102032556335,-0.9226579635139124,-0.05398735435110478,-0.7932460297952539,-1.010221329463346,-0.36744115910358305,0.05398735435110566,-0.647586648833096,-0.413653388994865,-0.38812613704309556,-0.3196529127137438,-0.3670174951250245,-0.2061916332330533,-0.2902757020437465,-0.2496594146342877,-0.34172467460062167,-0.31693663659725785,False,-0.21519446782476256,-0.2561013217304913,-0.2417614760307234,-0.2618522587637875,False,True,-0.2465551704953185,False,-0.21762434574504017,-0.18300464167963865,False,0
-2.261086140651114,-0.013604281679232989,1.4089879323001238,-0.05398735435110478,1.371162906502492,1.3270007995038695,0.8588672282606846,0.05398735435110566,0.19395281072158038,-0.49589884557223796,-0.4955318616075557,-0.44598181527937314,-0.3670174951250245,-0.2061916332330533,-0.2902757020437465,-0.2496594146342877,-0.34172467460062167,-0.31693663659725785,True,-0.21519446782476256,-0.2561013217304913,-0.2417614760307234,-0.2618522587637875,False,False,-0.2465551704953185,False,-0.21762434574504017,-0.18300464167963865,False,0
-1.4461251542041456,0.44904838186853896,-0.5179930579160015,-0.09557658448104818,-0.5819614909363171,-0.3565213846378329,-0.16133554419255255,0.09557658448104905,-0.5698003633543582,0.09496653501406392,0.22050630215551206,0.3378547569556542,-0.3670174951250245,-0.2061916332330533,-0.2902757020437465,-0.2496594146342877,-0.34172467460062167,-0.31693663659725785,False,-0.21519446782476256,-0.2561013217304913,-0.2417614760307234,-0.2618522587637875,True,False,-0.2465551704953185,False,-0.21762434574504017,-0.18300464167963865,False,0
-0.7330342910630481,-0.6646104280841258,-0.09025984249636454,-0.1371658146109916,-0.28358843177522863,0.15891107355719605,-0.5101044103652653,0.13716581461099245,-0.46373571633495003,-1.0727436917039497,-1.354777658123237,-1.6031246259904917,-0.3670174951250245,-0.2061916332330533,-0.2902757020437465,-0.2496594146342877,-0.34172467460062167,-0.31693663659725785,False,-0.21519446782476256,-0.2561013217304913,-0.2417614760307234,-0.2618522587637875,True,False,-0.2465551704953185,False,-0.21762434574504017,-0.18300464167963865,False,0
-1.8536056474276297,-0.10102618638677448,0.7914070407247789,-0.17875504474093498,0.574760588346627,0.9253124832905071,0.2707500723840345,0.17875504474093584,-0.16105279411467807,-0.627967272800744,-0.6745414025483226,-0.6644646162875364,-0.3670174951250245,-0.2061916332330533,-0.2902757020437465,-0.2496594146342877,-0.34172467460062167,-0.31693663659725785,True,-0.21519446782476256,-0.2561013217304913,-0.2417614760307234,-0.2618522587637875,False,False,-0.2465551704953185,False,-0.21762434574504017,-0.18300464167963865,False,0
-0.42742392114543487,-0.6959127999602674,-0.8978567256650829,-0.17875504474093498,-0.7822824507654758,-0.9633228391002469,-0.5646682944452962,0.17875504474093584,-0.6500749410248999,-0.5228132643913174,-0.5313337697957091,-0.48886533314690633,-0.3670174951250245,-0.2061916332330533,-0.2902757020437465,-0.2496594146342877,-0.34172467460062167,-0.31693663659725785,False,-0.21519446782476256,-0.2561013217304913,-0.2417614760307234,-0.2618522587637875,False,True,-0.2465551704953185,False,-0.21762434574504017,-0.18300464167963865,False,0
-1.7517355241217587,0.004493828758687992,0.43964095633232086,-0.2203442748708784,0.19300975870885032,0.6539455091177351,0.16576820672606396,0.22034427487087926,-0.30902399006642467,-0.3291546322372901,-0.2807204124786354,-0.19666349422353416,2.380922761115495,-0.2061916332330533,-0.2902757020437465,-0.2496594146342877,-0.34172467460062167,-0.31693663659725785,True,-0.21519446782476256,-0.2561013217304913,-0.2417614760307234,-0.2618522587637875,False,False,-0.2465551704953185,False,-0.21762434574504017,-0.18300464167963865,False,0
-0.12181355122782168,3.182902978758087,-0.6011935778441777,-0.2203442748708784,-0.6310396300049121,-0.47445573263837054,0.6152700624777555,0.22034427487087926,-0.598906968020804,1.0128108084163447,1.1513559150475001,1.1921732651379484,-0.3670174951250245,-0.2061916332330533,-0.2902757020437465,-0.2496594146342877,-0.34172467460062167,-0.31693663659725785,True,-0.21519446782476256,-0.2561013217304913,-0.2417614760307234,-0.2618522587637875,False,False,-0.2465551704953185,False,-0.21762434574504017,-0.18300464167963865,False,0
-1.3442550308982744,-0.384670656650678,0.9399150691687268,-0.2203442748708784,0.7515867471418358,1.029593605776715,-0.02427382203613994,0.22034427487087926,-0.11252853355442778,-0.7781872848142106,-0.889352851677243,-0.9409516155838652,-0.3670174951250245,-0.2061916332330533,-0.2902757020437465,-0.2496594146342877,-0.34172467460062167,-0.31693663659725785,False,-0.21519446782476256,-0.2561013217304913,-0.2417614760307234,-0.2618522587637875,False,False,-0.2465551704953185,True,-0.21762434574504017,-0.18300464167963865,False,0
-0.3255537978395638,1.33531242424281,-0.8570390143568218,-0.2619335050008218,-0.7636741317877845,-0.8884737484819619,-0.16016392182750716,0.26193350500082263,-0.6476585091785045,0.5327326866899744,0.6859311086015061,0.7845944961420949,-0.3670174951250245,-0.2061916332330533,-0.2902757020437465,-0.2496594146342877,-0.34172467460062167,-0.31693663659725785,False,-0.21519446782476256,-0.2561013217304913,-0.2417614760307234,-0.2618522587637875,False,False,-0.2465551704953185,True,-0.21762434574504017,-0.18300464167963865,False,0
-0.8349044143689192,1.3313659369740596,0.9333593586881315,-0.2619335050008218,0.7435848227187444,1.0251041096069184,2.319712115947076,0.26193350500082263,-0.12976772831567632,-0.5758910019694089,-0.6029375861720159,-0.5758366270581611,-0.3670174951250245,-0.2061916332330533,-0.2902757020437465,-0.2496594146342877,-0.34172467460062167,-0.31693663659725785,False,-0.21519446782476256,-0.2561013217304913,-0.2417614760307234,-0.2618522587637875,False,False,-0.2465551704953185,True,-0.21762434574504017,-0.18300464167963865,False,0
1.2024980517485022,0.41759660628479967,-0.8084471799665016,-0.3035227351307652,-0.7406059677658532,-0.8029027821567306,-0.32068366443459434,0.30352273513076605,-0.64191087432479,2.706916993898214,2.5476303343854823,2.2364217764779415,-0.3670174951250245,-0.2061916332330533,-0.2902757020437465,5.960723480314578,-0.34172467460062167,-0.31693663659725785,False,-0.21519446782476256,-0.2561013217304913,-0.2417614760307234,-0.2618522587637875,False,False,-0.2465551704953185,False,-0.21762434574504017,-0.18300464167963865,True,0
-0.631164167757177,-0.7015233786905937,-0.5155694265180497,-0.3451119652607086,-0.5804881049762066,-0.35318892150537845,-0.5517297155810923,0.3451119652607095,-0.5914216096442333,-0.4687340600664694,-0.4597299534194023,-0.4034899331809136,-0.3670174951250245,-0.2061916332330533,-0.2902757020437465,-0.2496594146342877,-0.34172467460062167,-0.31693663659725785,True,-0.21519446782476256,-0.2561013217304913,-0.2417614760307234,-0.2618522587637875,False,False,-0.2465551704953185,False,-0.21762434574504017,-0.18300464167963865,False,0
1.2024980517485022,2.901258030240973,1.0020288249589773,-0.3451119652607086,0.8283020349773512,1.071633565399006,4.708952399471476,0.3451119652607095,-0.1288781412987118,-0.3004876466113868,-0.24491850429048198,-0.15637901095755796,-0.3670174951250245,-0.2061916332330533,2.91847657746078,-0.2496594146342877,-0.34172467460062167,-0.31693663659725785,True,-0.21519446782476256,-0.2561013217304913,-0.2417614760307234,-0.2618522587637875,False,False,-0.2465551704953185,False,-0.21762434574504017,-0.18300464167963865,False,0
-0.22368367453369276,1.7277764510282851,-0.1872962908036184,-0.46987965565053885,-0.3580415512679481,0.05317084501122884,0.7100249300484144,0.46987965565053963,-0.5319615457217101,-0.5758910019694089,-0.6029375861720159,-0.5758366270581611,-0.3670174951250245,-0.2061916332330533,-0.2902757020437465,-0.2496594146342877,-0.34172467460062167,-0.31693663659725785,False,-0.21519446782476256,-0.2561013217304913,-0.2417614760307234,-0.2618522587637875,True,False,-0.2465551704953185,False,-0.21762434574504017,-0.18300464167963865,False,0
1.4062382983602442,0.26499971253011545,-0.843589197403555,-0.5114688857804822,-0.7573886772037443,-0.8644164632498873,-0.36744115910358305,0.511468885780483,-0.6565301484191186,-0.8499173405506408,-0.9967585762417032,-1.085610793013382,-0.3670174951250245,-0.2061916332330533,-0.2902757020437465,-0.2496594146342877,-0.34172467460062167,-0.31693663659725785,False,-0.21519446782476256,-0.2561013217304913,-0.2417614760307234,-0.2618522587637875,False,False,-0.2465551704953185,False,-0.21762434574504017,-0.18300464167963865,True,0
-1.0386446609806612,0.7399753436548228,-0.7157794990446454,-0.5946473460403691,-0.6938544886814056,-0.6492909217833793,-0.19543238407622968,0.5946473460403698,-0.6412245921623977,0.32542907011139055,0.4711196594725858,0.5837217736103729,-0.3670174951250245,-0.2061916332330533,-0.2902757020437465,-0.2496594146342877,-0.34172467460062167,-0.31693663659725785,False,-0.21519446782476256,-0.2561013217304913,-0.2417614760307234,-0.2618522587637875,True,False,5.704001261827254,False,-0.21762434574504017,-0.18300464167963865,False,0
1.2024980517485022,0.45151169659306145,-0.9307184089641083,-0.6362365761703125,-0.7967533829056852,-1.0257053864512495,-0.36744115910358305,0.6362365761703133,-0.6722758204678243,0.12713865425361467,0.25630821034366547,0.3737841150440583,-0.3670174951250245,-0.2061916332330533,-0.2902757020437465,-0.2496594146342877,4.776361499302858,-0.31693663659725785,False,-0.21519446782476256,-0.2561013217304913,-0.2417614760307234,-0.2618522587637875,False,False,-0.2465551704953185,False,-0.21762434574504017,-0.18300464167963865,True,0
0.5912773119132757,-0.649127150109884,-0.43544291397090057,-0.6778258063002559,-0.530383060541474,-0.24605535642633586,-0.5283819040968146,0.6778258063002567,-0.599214869473425,-0.3575712511765041,-0.31652232066678876,-0.2372998114910998,-0.3670174951250245,-0.2061916332330533,-0.2902757020437465,-0.2496594146342877,-0.34172467460062167,-0.31693663659725785,True,-0.21519446782476256,-0.2561013217304913,-0.2417614760307234,-0.2618522587637875,False,False,-0.2465551704953185,False,-0.21762434574504017,-0.18300464167963865,False,0
-0.631164167757177,-0.7665162240148462,-1.1883314271115348,-0.7194150364301992,-0.8944234932849937,-1.5975924896210734,-0.5797736353374704,0.7194150364302,-0.7013438009247721,-1.3070869104449574,-1.7844005563810776,-2.311247080200731,-0.3670174951250245,-0.2061916332330533,-0.2902757020437465,-0.2496594146342877,-0.34172467460062167,-0.31693663659725785,True,-0.21519446782476256,-0.2561013217304913,-0.2417614760307234,-0.2618522587637875,False,False,-0.2465551704953185,False,-0.21762434574504017,-0.18300464167963865,False,0
0.08192669538392044,0.5644647991912826,-1.0201272716071745,-0.7194150364301992,-0.8338211939964102,-1.206092918220715,-0.3868813373660939,0.7194150364302,-0.6847626716590257,0.603836825709682,0.7575349249778128,0.8496700849316762,-0.3670174951250245,-0.2061916332330533,-0.2902757020437465,-0.2496594146342877,-0.34172467460062167,-0.31693663659725785,False,-0.21519446782476256,-0.2561013217304913,-0.2417614760307234,-0.2618522587637875,True,False,-0.2465551704953185,False,-0.21762434574504017,-0.18300464167963865,False,0
1.4062382983602442,0.05456016290213224,-0.7124705713961508,-0.7194150364301992,-0.6921181752604,-0.644019914307597,-0.36744115910358305,0.7194150364302,-0.6459919303077829,-0.8499173405506408,-0.9967585762417032,-1.085610793013382,-0.3670174951250245,5.22775037105633,-0.2902757020437465,-0.2496594146342877,-0.34172467460062167,-0.31693663659725785,False,-0.21519446782476256,-0.2561013217304913,-0.2417614760307234,-0.2618522587637875,False,False,-0.2465551704953185,False,-0.21762434574504017,-0.18300464167963865,True,0
0.08192669538392044,2.0056789776134183,-0.8923255794084421,-0.7610042665601426,-0.7798020030211821,-0.9530131468404669,-0.062094491927737555,0.7610042665601434,-0.671175538376775,-0.031218275077248,0.0772986694028985,0.19129685321871076,-0.3670174951250245,-0.2061916332330533,-0.2902757020437465,-0.2496594146342877,-0.34172467460062167,-0.31693663659725785,False,-0.21519446782476256,-0.2561013217304913,-0.2417614760307234,-0.2618522587637875,True,False,-0.2465551704953185,False,-0.21762434574504017,-0.18300464167963865,False,0
-1.2423849075924034,-0.7200605544905955,0.09211641800392494,-0.8025934966900861,-0.1329161139958525,0.3435688989376158,-0.5334892378590004,0.8025934966900868,-0.5016552767626049,-0.7042039288975783,-0.7819471271127828,-0.8006546926294275,-0.3670174951250245,-0.2061916332330533,-0.2902757020437465,-0.2496594146342877,-0.34172467460062167,-0.31693663659725785,True,5.646485701849674,-0.2561013217304913,-0.2417614760307234,-0.2618522587637875,False,False,-0.2465551704953185,False,-0.21762434574504017,-0.18300464167963865,False,0
-0.019943427921950616,0.6089802439684285,-0.41615288151734325,-0.8857719569499729,-0.5179163301786539,-0.22110548662405882,-0.03753000409844089,0.8857719569499737,-0.607795432670159,-0.3575712511765041,-0.31652232066678876,-0.2372998114910998,-0.3670174951250245,-0.2061916332330533,-0.2902757020437465,-0.2496594146342877,-0.34172467460062167,-0.31693663659725785,False,-0.21519446782476256,-0.2561013217304913,-0.2417614760307234,4.335206318760361,True,False,-0.2465551704953185,False,-0.21762434574504017,-0.18300464167963865,False,0
0.1837968186897915,1.2093747919167408,-1.1509950178003907,-0.9689504172098596,-0.8820014109815709,-1.5037739143655806,-0.3687079116401084,0.9689504172098604,-0.7017093295848298,-0.49589884557223796,-0.4955318616075557,-0.44598181527937314,-0.3670174951250245,-0.2061916332330533,-0.2902757020437465,-0.2496594146342877,-0.34172467460062167,-0.31693663659725785,False,-0.21519446782476256,-0.2561013217304913,-0.2417614760307234,-0.2618522587637875,False,False,-0.2465551704953185,False,-0.21762434574504017,-0.18300464167963865,False,0
-1.6498654008158877,3.729852893393669,-0.9929789768373555,-0.9689504172098596,-0.8229221066079837,-1.1495645214867847,0.1073595461104966,0.9689504172098604,-0.6871613432076853,-0.49589884557223796,-0.4955318616075557,-0.44598181527937314,-0.3670174951250245,-0.2061916332330533,-0.2902757020437465,-0.2496594146342877,-0.34172467460062167,-0.31693663659725785,False,-0.21519446782476256,-0.2561013217304913,-0.2417614760307234,-0.2618522587637875,False,False,-0.2465551704953185,False,-0.21762434574504017,4.975134131391793,False,0
0.6931474352191468,-0.24594039822616065,-0.40633622555823995,-0.9689504172098596,-0.5115118141028876,-0.20852806664655305,-0.36744115910358305,0.9689504172098604,-0.6104780995388224,-0.413653388994865,-0.38812613704309556,-0.3196529127137438,-0.3670174951250245,-0.2061916332330533,-0.2902757020437465,-0.2496594146342877,-0.34172467460062167,-0.31693663659725785,False,-0.21519446782476256,-0.2561013217304913,3.8422592547618635,-0.2618522587637875,True,False,-0.2465551704953185,False,-0.21762434574504017,-0.18300464167963865,False,0
1.6099785449719863,1.8392905819947774,-0.5318541918942723,-1.0937181075996898,-0.5903404434165411,-0.37568863248864326,0.2934124188758344,1.0937181075996907,-0.6349225257049943,1.6617612603145204,1.7241864460579543,1.6492599013627771,-0.3670174951250245,4.914336359101578,-0.2902757020437465,-0.2496594146342877,-0.34172467460062167,-0.31693663659725785,True,-0.21519446782476256,-0.2561013217304913,-0.2417614760307234,-0.2618522587637875,False,False,-0.2465551704953185,False,-0.21762434574504017,-0.18300464167963865,False,0
0.896887681830889,1.2547273191536772,-0.030321647955917495,-1.0937181075996898,-0.2356165724005886,0.22151586177801624,0.6615384204961486,1.0937181075996907,-0.551733003741906,0.4626300144170234,0.6143272922251993,0.7185958186178509,-0.3670174951250245,-0.2061916332330533,-0.2902757020437465,-0.2496594146342877,-0.34172467460062167,-0.31693663659725785,True,-0.21519446782476256,-0.2561013217304913,-0.2417614760307234,-0.2618522587637875,False,False,-0.2465551704953185,False,-0.21762434574504017,-0.18300464167963865,False,0
-0.42742392114543487,1.5793398213360716,-0.851116699416896,-1.1768965678595766,-0.7609158738961299,-0.8778447009989352,-0.10666205916204886,1.1768965678595775,-0.676792248697571,2.010271688185763,2.0106017115631816,1.8619976976796393,-0.3670174951250245,-0.2061916332330533,-0.2902757020437465,-0.2496594146342877,-0.34172467460062167,-0.31693663659725785,False,-0.21519446782476256,-0.2561013217304913,-0.2417614760307234,-0.2618522587637875,False,False,-0.2465551704953185,False,-0.21762434574504017,-0.18300464167963865,False,0
1.8137187915837285,0.6930625050386428,-1.0181237047282101,-1.1768965678595766,-0.8330274507182361,-1.2018655529890723,-0.36744115910358305,1.1768965678595775,-0.6931834354518556,-0.5758910019694089,-0.6029375861720159,-0.5758366270581611,-0.3670174951250245,-0.2061916332330533,-0.2902757020437465,-0.2496594146342877,-0.34172467460062167,-0.31693663659725785,False,-0.21519446782476256,-0.2561013217304913,3.408422192231799,-0.2618522587637875,False,False,-0.2465551704953185,False,-0.21762434574504017,-0.18300464167963865,False,0
0.896887681830889,-0.4846500682851788,-1.1616401911108007,-1.21848579798952,-0.8856030211062853,-1.5300737373232043,-0.5503191186372505,1.2184857979895207,-0.705595448465855,-0.7042039288975783,-0.7819471271127828,-0.8006546926294275,4.780873320441908,-0.2061916332330533,-0.2902757020437465,-0.2496594146342877,-0.34172467460062167,-0.31693663659725785,False,-0.21519446782476256,-0.2561013217304913,-0.2417614760307234,-0.2618522587637875,True,False,-0.2465551704953185,False,-0.21762434574504017,-0.18300464167963865,False,0
-0.019943427921950616,-0.7762685104172535,-0.6458740955453569,-1.2600750281194635,-0.6561913701320502,-0.5408081416086942,-0.5780360717503009,1.2600750281194641,-0.6554537076715017,-0.9420522812522337,-1.1399662089943168,-1.285763319157662,-0.3670174951250245,-0.2061916332330533,-0.2902757020437465,-0.2496594146342877,-0.34172467460062167,-0.31693663659725785,True,-0.21519446782476256,-0.2561013217304913,-0.2417614760307234,-0.2618522587637875,False,False,-0.2465551704953185,False,-0.21762434574504017,4.170549752039844,False,0
-0.019943427921950616,1.1902459788065283,-1.1446978384803237,-1.7591457896787843,-0.879848382339524,-1.4883788145224404,-0.36744115910358305,1.759145789678785,-0.7094546655263619,0.25833079807870885,0.399515843096279,0.5147897165090117,-0.3670174951250245,-0.2061916332330533,-0.2902757020437465,-0.2496594146342877,-0.34172467460062167,-0.31693663659725785,False,-0.21519446782476256,-0.2561013217304913,-0.2417614760307234,-0.2618522587637875,False,False,-0.2465551704953185,False,-0.21762434574504017,-0.18300464167963865,False,0
-0.019943427921950616,0.7175287763656599,-1.025785367167623,-1.7591457896787843,-0.8360535969662745,-1.2180799366133261,-0.36744115910358305,1.759145789678785,-0.7012640965127707,-0.7042039288975783,-0.7819471271127828,-0.8006546926294275,-0.3670174951250245,-0.2061916332330533,-0.2902757020437465,-0.2496594146342877,1.8499439371998991,-0.31693663659725785,False,-0.21519446782476256,2.92856908166758,-0.2417614760307234,-0.2618522587637875,False,False,2.8092930514271326,False,3.7742780349349956,-0.18300464167963865,False,0
-0.019943427921950616,1.006137991111125,-1.1040019877453318,-1.925502710198558,-0.8655312379594607,-1.3916693900675043,-0.36744115910358305,1.9255027101985587,-0.7081655231452452,-0.7042039288975783,-0.7819471271127828,-0.8006546926294275,-0.3670174951250245,-0.2061916332330533,2.1877999319118118,-0.2496594146342877,-0.34172467460062167,-0.31693663659725785,False,-0.21519446782476256,2.2871457847323806,-0.2417614760307234,-0.2618522587637875,False,False,-0.2465551704953185,False,-0.21762434574504017,3.4369515157833863,True,0
1.5081084216661154,0.1461545759824309,-0.7749633516887771,-1.9670919403285014,-0.7241308338482545,-0.7460152502717979,-0.36744115910358305,1.967091940328502,-0.6836211580938248,-0.49589884557223796,-0.4955318616075557,-0.44598181527937314,2.066990343910237,4.9627923988795555,-0.2902757020437465,-0.2496594146342877,-0.34172467460062167,-0.31693663659725785,False,-0.21519446782476256,-0.2561013217304913,-0.2417614760307234,-0.2618522587637875,False,False,3.2933824649490697,False,-0.21762434574504017,-0.18300464167963865,True,0
1.4062382983602442,0.488420407959105,-0.9456604781558564,-2.133448860848275,-0.8031827034588944,-1.0547327708296363,-0.36744115910358305,2.133448860848276,-0.6992556430298957,-0.8023476700797098,-0.9251547598653964,-0.9886733544545178,-0.3670174951250245,-0.2061916332330533,-0.2902757020437465,-0.2496594146342877,-0.34172467460062167,-0.31693663659725785,False,-0.21519446782476256,-0.2561013217304913,-0.2417614760307234,-0.2618522587637875,False,False,-0.2465551704953185,False,-0.21762434574504017,-0.18300464167963865,False,0
1.9155889148895995,0.38643602332333216,-0.9026812422829844,-2.1750380909782185,-0.7844354794075228,-0.9723593960524478,-0.36744115910358305,2.175038090978219,-0.6965516827809917,-0.8023476700797098,-0.9251547598653964,-0.9886733544545178,4.780873320441908,-0.2061916332330533,-0.2902757020437465,-0.2496594146342877,-0.34172467460062167,-0.31693663659725785,False,-0.21519446782476256,-0.2561013217304913,-0.2417614760307234,-0.2618522587637875,False,False,-0.2465551704953185,False,-0.21762434574504017,-0.18300464167963865,False,0
1.2024980517485022,0.22076895093458945,-0.8194656191404731,-2.1750380909782185,-0.7459240477296188,-0.8219852439287563,-0.36744115910358305,2.175038090978219,-0.6901584808736942,-0.6536298581863779,-0.710343310736476,-0.7094198331749116,-0.3670174951250245,-0.2061916332330533,-0.2902757020437465,-0.2496594146342877,-0.34172467460062167,-0.31693663659725785,False,-0.21519446782476256,-0.2561013217304913,-0.2417614760307234,-0.2618522587637875,False,False,-0.2465551704953185,False,-0.21762434574504017,-0.18300464167963865,False,0
1.6099785449719863,-0.47431229322218843,-0.9465784302433056,-2.2998057813680486,-0.8035746142024929,-1.0565299711039433,-0.5291115232056983,2.299805781368049,-0.7008982429752676,-1.2518810560300084,-1.6769948318166175,-2.1238595243449767,-0.3670174951250245,-0.2061916332330533,-0.2902757020437465,-0.2496594146342877,-0.34172467460062167,-0.31693663659725785,False,-0.21519446782476256,-0.2561013217304913,-0.2417614760307234,-0.2618522587637875,False,False,-0.2465551704953185,False,-0.21762434574504017,-0.18300464167963865,False,0
1.4062382983602442,0.213161551372149,-0.815156624887328,-2.3829842416279354,-0.7438503934153893,-0.8145007628363964,-0.36744115910358305,2.382984241627936,-0.6922490045069492,-1.3600394646797045,-1.8918062809455378,-2.506499312314604,-0.3670174951250245,-0.2061916332330533,-0.2902757020437465,-0.2496594146342877,-0.34172467460062167,-0.31693663659725785,False,-0.21519446782476256,4.156471834917158,4.475876311781113,-0.2618522587637875,False,False,-0.2465551704953185,False,-0.21762434574504017,-0.18300464167963865,False,0
0.7950175585250179,1.4136836244374176,-1.1870648976806553,-2.424573471757879,-0.894011738959441,-1.5943361561954605,-0.36744115910358305,2.4245734717578795,-0.7160587744699907,-0.8733266257560728,-1.0325604844298566,-1.1348475355611043,-0.3670174951250245,-0.2061916332330533,-0.2902757020437465,-0.2496594146342877,-0.34172467460062167,-0.31693663659725785,False,-0.21519446782476256,-0.2561013217304913,-0.2417614760307234,-0.2618522587637875,False,False,-0.2465551704953185,False,-0.21762434574504017,-0.18300464167963865,True,0
1.2024980517485022,0.06320236009480437,-0.718793551141591,-2.4661627018878223,-0.6954320534467764,-0.6541044270070552,-0.36744115910358305,2.4661627018878227,-0.6857001617310408,-1.3426389799548113,-1.8560043727573845,-2.4405006347903644,-0.3670174951250245,-0.2061916332330533,-0.2902757020437465,-0.2496594146342877,-0.34172467460062167,2.336690270624839,False,-0.21519446782476256,-0.2561013217304913,-0.2417614760307234,-0.2618522587637875,False,False,-0.2465551704953185,False,-0.21762434574504017,-0.18300464167963865,False,0
1.7118486682778575,-0.39327861047889007,-0.14123658123746521,1.1521003194172539,-0.3231962213561103,0.10406548286780909,-0.36744115910358305,-1.152100319417253,0.4076223757148337,0.32542907011139055,0.4711196594725858,0.5837217736103729,-0.3670174951250245,-0.2061916332330533,-0.2902757020437465,-0.2496594146342877,-0.34172467460062167,1.5948071993477269,False,-0.21519446782476256,-0.2561013217304913,-0.2417614760307234,-0.2618522587637875,False,True,2.5350178853071306,False,-0.21762434574504017,-0.18300464167963865,False,0
0.5912773119132757,-0.7487014005448815,-1.1888050024856636,1.1105110892873105,-0.8945772810451399,-1.598811458990774,-0.5780493994593565,-1.1105110892873096,-0.550897199415179,-0.602054320728421,-0.6387394943601693,-0.6199395994607315,2.9048019875432076,-0.2061916332330533,-0.2902757020437465,-0.2496594146342877,-0.34172467460062167,-0.31693663659725785,False,-0.21519446782476256,-0.2561013217304913,-0.2417614760307234,5.029972434069549,False,False,-0.2465551704953185,False,-0.21762434574504017,-0.18300464167963865,False,0
-1.3442550308982744,1.352887702970528,1.3973248048955278,1.1521003194172539,1.354633202734519,1.3201219144377767,3.3650083622438687,-1.152100319417253,3.162003667511184,-0.1833160372408829,-0.10171087153786844,0.0013591034093940301,1.5196301334878475,-0.2061916332330533,-0.2902757020437465,-0.2496594146342877,-0.34172467460062167,-0.31693663659725785,False,4.146041227200632,-0.2561013217304913,-0.2417614760307234,-0.2618522587637875,False,True,-0.2465551704953185,False,-0.21762434574504017,-0.18300464167963865,False,0
-0.631164167757177,-0.27078108052995753,0.24005451404729564,1.1105110892873105,-0.0003957128092175857,0.4816722097126413,-0.17110130139986487,-1.1105110892873096,0.7702295211498308,-0.5228132643913174,-0.5313337697957091,-0.48886533314690633,1.6074719093803416,-0.2061916332330533,-0.2902757020437465,-0.2496594146342877,-0.34172467460062167,-0.31693663659725785,False,-0.21519446782476256,-0.2561013217304913,-0.2417614760307234,-0.2618522587637875,False,True,-0.2465551704953185,False,-0.21762434574504017,4.07666490911707,False,0
0.5912773119132757,0.33816900131864785,1.4469766195074503,1.1105110892873105,1.425400376879218,1.3492424166359012,1.5585800402919217,-1.1105110892873096,2.8768009145645403,-0.602054320728421,-0.6387394943601693,-0.6199395994607315,2.5445084934878373,-0.2061916332330533,-0.2902757020437465,-0.2496594146342877,-0.34172467460062167,-0.31693663659725785,False,-0.21519446782476256,-0.2561013217304913,-0.2417614760307234,-0.2618522587637875,False,True,-0.2465551704953185,False,-0.21762434574504017,6.098183077914318,False,0
0.6931474352191468,1.598351425238935,0.659333725497764,1.1521003194172539,0.4253136117529319,0.8277275442178077,2.0950743094339033,-1.152100319417253,1.6364013275195268,0.7490495039893663,0.9007425577304264,0.9771528198037234,-0.3670174951250245,-0.2061916332330533,-0.2902757020437465,-0.2496594146342877,-0.34172467460062167,-0.31693663659725785,False,-0.21519446782476256,-0.2561013217304913,-0.2417614760307234,-0.2618522587637875,False,False,-0.2465551704953185,True,-0.21762434574504017,-0.18300464167963865,False,0
-0.9367745376747901,-0.5670578766989658,-0.9021911174358228,1.0273326290274238,-0.7842172000060249,-0.9714394865854551,-0.5412898632790824,-1.0273326290274227,-0.4458008551378684,-0.27157029429879453,-0.2091165961023286,-0.11644032151224208,-0.3670174951250245,-0.2061916332330533,-0.2902757020437465,-0.2496594146342877,-0.34172467460062167,2.0594368110727967,False,-0.21519446782476256,-0.2561013217304913,-0.2417614760307234,3.583338938190111,False,False,-0.2465551704953185,False,-0.21762434574504017,-0.18300464167963865,False,0
-0.3255537978395638,-0.7239097806959475,-0.03356456152083421,0.9857433988974803,-0.23825080790502848,0.21817877845567257,-0.5416001702860905,-0.9857433988974793,0.15240717264092402,-1.0301813549668009,-1.2831738417469303,-1.4949144290361405,-0.3670174951250245,-0.2061916332330533,-0.2902757020437465,-0.2496594146342877,-0.34172467460062167,4.3787305262784075,False,-0.21519446782476256,-0.2561013217304913,-0.2417614760307234,-0.2618522587637875,False,True,-0.2465551704953185,False,-0.21762434574504017,-0.18300464167963865,False,0
-0.7330342910630481,-0.7170645897610599,-1.0803094762622152,0.9857433988974803,-0.8568744753318758,-1.337465098010016,-0.5728263237858648,-0.9857433988974793,-0.5506682911246508,-0.627967272800744,-0.6745414025483226,-0.6644646162875364,-0.3670174951250245,-0.2061916332330533,-0.2902757020437465,-0.2496594146342877,-0.34172467460062167,-0.31693663659725785,True,-0.21519446782476256,-0.2561013217304913,-0.2417614760307234,-0.2618522587637875,False,False,-0.2465551704953185,False,-0.21762434574504017,-0.18300464167963865,False,0
-0.7330342910630481,-0.5101096527862553,1.1254189009415252,0.9857433988974803,0.9855227348016627,1.152592259190428,-0.14565367044085695,-0.9857433988974793,1.5432449248746614,-0.062138560883353205,0.04149676121474512,0.15392453380635363,-0.3670174951250245,-0.2061916332330533,-0.2902757020437465,-0.2496594146342877,-0.34172467460062167,-0.31693663659725785,True,-0.21519446782476256,-0.2561013217304913,-0.2417614760307234,-0.2618522587637875,False,False,-0.2465551704953185,False,-0.21762434574504017,-0.18300464167963865,False,0
-1.9554757707335009,-0.10419509731754711,1.7689568229613444,0.9857433988974803,1.9095292067149725,1.5283629228255151,0.9775729010281582,-0.9857433988974793,2.5933927174171507,0.12713865425361467,0.25630821034366547,0.3737841150440583,-0.3670174951250245,-0.2061916332330533,-0.2902757020437465,-0.2496594146342877,-0.34172467460062167,-0.31693663659725785,False,-0.21519446782476256,-0.2561013217304913,-0.2417614760307234,-0.2618522587637875,True,False,-0.2465551704953185,False,-0.21762434574504017,-0.18300464167963865,False,0
-1.0386446609806612,0.3555002473259867,0.8878321488915283,0.9857433988974803,0.6885139218999358,0.9936424729679862,0.9363570337355998,-0.9857433988974793,1.2056897683738999,0.03137339659502974,0.14890248577920528,0.2651528285603192,-0.3670174951250245,-0.2061916332330533,-0.2902757020437465,-0.2496594146342877,-0.34172467460062167,4.3787305262784075,False,-0.21519446782476256,-0.2561013217304913,-0.2417614760307234,-0.2618522587637875,False,False,-0.2465551704953185,True,-0.21762434574504017,-0.18300464167963865,False,0
-0.5292940444513059,-0.6178000395939851,-0.25599194925589347,1.0273326290274238,-0.40834999241771286,-0.025248729599860315,-0.5001240478573933,-1.0273326290274227,0.01697634523610452,-0.5758910019694089,-0.6029375861720159,-0.5758366270581611,-0.3670174951250245,-0.2061916332330533,-0.2902757020437465,-0.2496594146342877,-0.34172467460062167,-0.31693663659725785,False,-0.21519446782476256,-0.2561013217304913,-0.2417614760307234,-0.2618522587637875,False,False,-0.2465551704953185,False,3.5805516656519862,-0.18300464167963865,False,0
0.7950175585250179,-0.5601779944344626,1.7367789201364296,0.9857433988974803,1.8591810784012992,1.5111724559321669,-0.0672553554118784,-0.9857433988974793,2.536171282920304,-0.1833160372408829,-0.10171087153786844,0.0013591034093940301,-0.3670174951250245,-0.2061916332330533,-0.2902757020437465,-0.2496594146342877,-0.34172467460062167,-0.31693663659725785,False,-0.21519446782476256,-0.2561013217304913,-0.2417614760307234,-0.2618522587637875,True,False,-0.2465551704953185,False,-0.21762434574504017,-0.18300464167963865,False,0
0.99875780513676,-0.7406855881507495,-0.15184670644752174,0.9441541687675369,-0.3313023245844621,0.09245686355283549,-0.5553817632290171,-0.9441541687675359,-0.009221652855817844,2.099902962020465,2.082205527939488,1.913696326805046,1.1396485247536534,-0.2061916332330533,-0.2902757020437465,-0.2496594146342877,-0.34172467460062167,1.189080313158391,False,-0.21519446782476256,-0.2561013217304913,2.199734532957169,-0.2618522587637875,True,False,-0.2465551704953185,False,2.6448312905430655,-0.18300464167963865,False,0
-0.9367745376747901,-0.7767463361161869,-0.9961885261432445,0.9025649386375936,-0.8242268221214821,-1.1561640854047002,-0.5800017507518629,-0.9025649386375925,-0.5431669401327397,-0.413653388994865,-0.38812613704309556,-0.3196529127137438,-0.3670174951250245,-0.2061916332330533,-0.2902757020437465,-0.2496594146342877,-0.34172467460062167,-0.31693663659725785,False,-0.21519446782476256,-0.2561013217304913,5.331651332792097,-0.2618522587637875,False,False,-0.2465551704953185,False,-0.21762434574504017,-0.18300464167963865,False,0
-0.9367745376747901,0.3244777400798448,2.2036954892236773,0.9857433988974803,2.6325400370126757,1.747091061903903,2.5767137345555495,-0.9857433988974793,3.4151058227910274,0.3593537561577651,0.5069215676607391,0.6178085835875454,-0.3670174951250245,-0.2061916332330533,2.9882942814846416,-0.2496594146342877,-0.34172467460062167,-0.31693663659725785,False,-0.21519446782476256,-0.2561013217304913,-0.2417614760307234,3.3287576420064773,False,False,-0.2465551704953185,True,-0.21762434574504017,-0.18300464167963865,False,0
-0.019943427921950616,-0.7119101716458804,-0.9946983573227575,0.8609757085076502,-0.8236215928718745,-1.1530972274318494,-0.5701415078699501,-0.8609757085076492,-0.5546343668788015,1.208722740750574,1.3303654559882672,1.3398945214879765,-0.3670174951250245,-0.2061916332330533,-0.2902757020437465,-0.2496594146342877,-0.34172467460062167,-0.31693663659725785,False,-0.21519446782476256,-0.2561013217304913,6.326784000061188,-0.2618522587637875,False,False,-0.2465551704953185,True,-0.21762434574504017,-0.18300464167963865,False,0
0.7950175585250179,-0.2938910993487682,-0.33314926780934145,0.9441541687675369,-0.46248328398917843,-0.1171914765368953,-0.36744115910358305,-0.9441541687675359,-0.1476616335801793,-0.3004876466113868,-0.24491850429048198,-0.15637901095755796,-0.3670174951250245,-0.2061916332330533,-0.2902757020437465,-0.2496594146342877,-0.34172467460062167,-0.31693663659725785,False,-0.21519446782476256,-0.2561013217304913,-0.2417614760307234,-0.2618522587637875,False,False,-0.2465551704953185,True,-0.21762434574504017,-0.18300464167963865,False,0
-0.7330342910630481,0.7839445139321968,1.0324958931082346,0.9025649386375936,0.8665257347169171,1.0919330400630933,1.7213121461212844,-0.9025649386375925,1.1221908649265842,-0.6790420768853226,-0.7461452189246294,-0.7548136444682138,-0.3670174951250245,-0.2061916332330533,-0.2902757020437465,-0.2496594146342877,-0.34172467460062167,-0.31693663659725785,True,-0.21519446782476256,-0.2561013217304913,-0.2417614760307234,-0.2618522587637875,False,False,-0.2465551704953185,False,-0.21762434574504017,-0.18300464167963865,False,0
-0.9367745376747901,-0.7161742092269988,-0.803496681023307,1.0273326290274238,-0.7381999334538882,-0.7943886054704683,-0.5658459969695823,-1.0273326290274227,-0.3891432341644901,-0.49589884557223796,-0.4955318616075557,-0.44598181527937314,-0.3670174951250245,4.05590836116067,4.1556686690345535,-0.2496594146342877,-0.34172467460062167,-0.31693663659725785,False,-0.21519446782476256,-0.2561013217304913,-0.2417614760307234,-0.2618522587637875,False,False,-0.2465551704953185,False,-0.21762434574504017,-0.18300464167963865,True,0
0.1837968186897915,-0.328066888302435,1.0633917981545997,0.8609757085076502,0.9056870437038259,1.112308193455804,0.10877819318517307,-0.8609757085076492,1.04224198983756,-0.8023476700797098,-0.9251547598653964,-0.9886733544545178,-0.3670174951250245,-0.2061916332330533,-0.2902757020437465,-0.2496594146342877,-0.34172467460062167,-0.31693663659725785,False,-0.21519446782476256,-0.2561013217304913,-0.2417614760307234,-0.2618522587637875,False,False,2.8487880298924844,False,3.8258709437155103,-0.18300464167963865,False,0
0.38753706530153365,1.723860312791219,0.802509797446424,0.9857433988974803,0.5876589166169542,0.9333012735004261,2.5523215949200897,-0.9857433988974793,1.0910664790526958,-0.7042039288975783,-0.7819471271127828,-0.8006546926294275,-0.3670174951250245,-0.2061916332330533,-0.2902757020437465,-0.2496594146342877,-0.34172467460062167,-0.31693663659725785,True,-0.21519446782476256,-0.2561013217304913,-0.2417614760307234,-0.2618522587637875,False,False,-0.2465551704953185,False,-0.21762434574504017,-0.18300464167963865,False,0
1.7118486682778575,0.33555225853234083,2.2958669144243258,0.9441541687675369,2.7960660350029816,1.7905196921805875,2.750924074442367,-0.9441541687675359,3.2912025655974726,-0.9193940961068692,-1.1041643008061632,-1.2349122255551288,-0.3670174951250245,-0.2061916332330533,-0.2902757020437465,-0.2496594146342877,-0.34172467460062167,-0.31693663659725785,False,-0.21519446782476256,-0.2561013217304913,-0.2417614760307234,-0.2618522587637875,False,False,-0.2465551704953185,True,-0.21762434574504017,-0.18300464167963865,False,0
-0.7330342910630481,0.7703422445070237,1.3428915325771211,0.9441541687675369,1.27824533400125,1.2876978987998149,2.199890867722438,-0.9441541687675359,1.689391833740896,0.22515721209240164,0.3637139349081256,0.47993690371735714,-0.3670174951250245,-0.2061916332330533,3.5316899305363623,-0.2496594146342877,2.357699763138126,-0.31693663659725785,False,-0.21519446782476256,3.666379050890058,-0.2417614760307234,-0.2618522587637875,False,False,-0.2465551704953185,True,-0.21762434574504017,-0.18300464167963865,False,0
-0.019943427921950616,-0.787213208545152,-0.6394991902951638,1.0273326290274238,-0.6526542516486874,-0.5312042696198227,-0.5811107353164107,-1.0273326290274227,-0.2838172298452864,0.39352880889082875,0.5427234758488926,0.651647487298748,-0.3670174951250245,-0.2061916332330533,-0.2902757020437465,-0.2496594146342877,-0.34172467460062167,-0.31693663659725785,False,-0.21519446782476256,6.085445465665127,-0.2417614760307234,-0.2618522587637875,False,False,-0.2465551704953185,False,-0.21762434574504017,-0.18300464167963865,False,0
1.6099785449719863,-0.30043031489668154,1.8764514496279052,0.8193864783777067,2.080888458681758,1.5847329231317069,0.5969667280694333,-0.8193864783777057,1.9590315293418137,-0.15339721818153415,-0.06590896334971505,0.03997201175105678,-0.3670174951250245,-0.2061916332330533,-0.2902757020437465,-0.2496594146342877,-0.34172467460062167,-0.31693663659725785,False,-0.21519446782476256,-0.2561013217304913,-0.2417614760307234,-0.2618522587637875,False,False,-0.2465551704953185,True,-0.21762434574504017,-0.18300464167963865,False,0
-1.4461251542041456,-0.07391916791953065,1.9389364503706323,0.8609757085076502,2.182735643062457,1.6167782608079466,1.198241105336583,-0.8609757085076492,2.2214928601342883,0.19223399279278353,0.3279120267199722,0.44482104834136443,-0.3670174951250245,-0.2061916332330533,-0.2902757020437465,-0.2496594146342877,-0.34172467460062167,4.3787305262784075,False,-0.21519446782476256,-0.2561013217304913,-0.2417614760307234,-0.2618522587637875,False,False,-0.2465551704953185,True,-0.21762434574504017,-0.18300464167963865,False,0
-0.631164167757177,0.4307530628481095,2.1507079201484594,0.7777972482477633,2.540153280328713,1.7216873507736992,2.7901994467529385,-0.7777972482477623,2.1863027522967196,-0.7042039288975783,-0.7819471271127828,-0.8006546926294275,-0.3670174951250245,-0.2061916332330533,-0.2902757020437465,-0.2496594146342877,-0.34172467460062167,-0.31693663659725785,False,-0.21519446782476256,-0.2561013217304913,-0.2417614760307234,-0.2618522587637875,False,False,-0.2465551704953185,True,-0.21762434574504017,-0.18300464167963865,False,0
0.1837968186897915,0.7346883447445,1.8936938505558458,0.9025649386375936,2.108828222073482,1.5936275215319191,3.1189873896209095,-0.9025649386375925,2.3458342272838415,0.603836825709682,0.7575349249778128,0.8496700849316762,-0.3670174951250245,-0.2061916332330533,-0.2902757020437465,-0.2496594146342877,-0.34172467460062167,-0.31693663659725785,False,-0.21519446782476256,-0.2561013217304913,-0.2417614760307234,-0.2618522587637875,False,False,-0.2465551704953185,True,-0.21762434574504017,-0.18300464167963865,False,0
0.1837968186897915,-0.15999929498313917,1.9880185122304215,0.9025649386375936,2.2638909323602583,1.641591720555277,1.0241619266449056,-0.9025649386375925,2.498567927910394,-0.0928084800027693,0.005694853026591727,0.11624960122671975,-0.3670174951250245,3.5447708037127343,-0.2902757020437465,-0.2496594146342877,-0.34172467460062167,-0.31693663659725785,False,-0.21519446782476256,-0.2561013217304913,-0.2417614760307234,-0.2618522587637875,True,False,-0.2465551704953185,False,-0.21762434574504017,-0.18300464167963865,False,0
0.6931474352191468,-0.03992298551890745,1.7121454711361126,0.9025649386375936,1.8209325741842903,1.4979110243736606,1.0719829262873217,-0.9025649386375925,2.062262712152487,-0.15339721818153415,-0.06590896334971505,0.03997201175105678,-0.3670174951250245,-0.2061916332330533,-0.2902757020437465,-0.2496594146342877,-0.34172467460062167,-0.31693663659725785,False,-0.21519446782476256,-0.2561013217304913,-0.2417614760307234,-0.2618522587637875,True,False,-0.2465551704953185,False,-0.21762434574504017,-0.18300464167963865,False,0
-0.3255537978395638,-0.5740023518741013,1.3750058644949146,0.7777972482477633,1.3231612817549205,1.3068913569708458,-0.18824108789461338,-0.7777972482477623,1.1873752257532222,-0.8262576886585199,-0.9609566680535497,-1.0368896279222006,1.8845513408118602,-0.2061916332330533,-0.2902757020437465,-0.2496594146342877,2.0068370314017803,-0.31693663659725785,False,-0.21519446782476256,-0.2561013217304913,3.406821723147069,-0.2618522587637875,False,False,-0.2465551704953185,True,-0.21762434574504017,-0.18300464167963865,False,0
-1.4461251542041456,1.1617718742037393,1.3991967113096313,0.8193864783777067,1.3572823209254246,1.3212275693183413,3.0171207421911843,-0.8193864783777057,1.3301453022343719,0.7123707843894116,0.864940649542273,0.9456080972700075,-0.3670174951250245,-0.2061916332330533,3.7736326356431054,-0.2496594146342877,-0.34172467460062167,-0.31693663659725785,False,-0.21519446782476256,-0.2561013217304913,-0.2417614760307234,-0.2618522587637875,True,False,-0.2465551704953185,False,-0.21762434574504017,-0.18300464167963865,False,0
0.6931474352191468,-0.4101943247726907,-0.2414928637336186,0.7362080181178199,-0.3978973856232592,-0.008437121055784773,-0.3986264417729414,-0.7362080181178189,-0.2521560341482637,-0.6790420768853226,-0.7461452189246294,-0.7548136444682138,1.4165739138744782,-0.2061916332330533,-0.2902757020437465,-0.2496594146342877,-0.34172467460062167,-0.31693663659725785,True,3.907813135873024,-0.2561013217304913,2.6484817824506934,-0.2618522587637875,False,False,-0.2465551704953185,False,-0.21762434574504017,-0.18300464167963865,False,0
0.08192669538392044,-0.2220659438039341,-0.3994160599867151,0.7362080181178199,-0.5069725947308301,-0.19970942192959448,-0.35603181325032546,-0.7362080181178189,-0.3369746568991091,-0.0928084800027693,0.005694853026591727,0.11624960122671975,-0.3670174951250245,-0.2061916332330533,-0.2902757020437465,-0.2496594146342877,-0.34172467460062167,-0.31693663659725785,False,-0.21519446782476256,-0.2561013217304913,-0.2417614760307234,-0.2618522587637875,False,True,-0.2465551704953185,False,-0.21762434574504017,-0.18300464167963865,False,0
0.1837968186897915,-0.7517727303933236,-0.6627607924821324,0.6530295578579332,-0.6654781664866858,-0.5664752595860126,-0.5714135987862888,-0.6530295578579322,-0.4864555689367908,-0.9420522812522337,-1.1399662089943168,-1.285763319157662,4.780873320441908,-0.2061916332330533,-0.2902757020437465,-0.2496594146342877,-0.34172467460062167,-0.31693663659725785,True,-0.21519446782476256,-0.2561013217304913,-0.2417614760307234,-0.2618522587637875,False,False,-0.2465551704953185,False,-0.21762434574504017,-0.18300464167963865,False,0
-1.6498654008158877,-0.31855109634651974,0.41385638944367364,0.7362080181178199,0.16707915799000406,0.6325134899800721,-0.14752313700259415,-0.7362080181178189,0.18717873960908282,0.5327326866899744,0.6859311086015061,0.7845944961420949,-0.3670174951250245,-0.2061916332330533,-0.2902757020437465,-0.2496594146342877,-0.34172467460062167,-0.31693663659725785,False,-0.21519446782476256,-0.2561013217304913,-0.2417614760307234,-0.2618522587637875,False,True,-0.2465551704953185,False,-0.21762434574504017,-0.18300464167963865,False,0
-0.019943427921950616,0.13355200654188065,-0.7669194930853647,0.6530295578579332,-0.7201025867115215,-0.7325888151381993,-0.36744115910358305,-0.6530295578579322,-0.5248869780748349,-0.7537765328620223,-0.8535509434890896,-0.8937143697372181,-0.3670174951250245,3.048746790027754,-0.2902757020437465,-0.2496594146342877,-0.34172467460062167,-0.31693663659725785,True,-0.21519446782476256,-0.2561013217304913,-0.2417614760307234,-0.2618522587637875,False,False,-0.2465551704953185,False,-0.21762434574504017,-0.18300464167963865,False,0
-0.019943427921950616,1.1582099756971564,-1.1380331345278294,0.6530295578579332,-0.877551487728308,-1.4722143500335534,-0.36744115910358305,-0.6530295578579322,-0.6356613004091585,0.03137339659502974,0.14890248577920528,0.2651528285603192,-0.3670174951250245,-0.2061916332330533,4.04649656124871,-0.2496594146342877,-0.34172467460062167,-0.31693663659725785,False,-0.21519446782476256,-0.2561013217304913,-0.2417614760307234,-0.2618522587637875,False,False,-0.2465551704953185,False,2.5718735822747405,-0.18300464167963865,False,0
0.6931474352191468,-0.7818291296569576,-0.30959162901472687,0.6530295578579332,-0.446221468577589,-0.08866476431869932,-0.5781429123084785,-0.6530295578579322,-0.33219592043310103,-0.6790420768853226,-0.7461452189246294,-0.7548136444682138,1.0722560599886766,-0.2061916332330533,-0.2902757020437465,-0.2496594146342877,-0.34172467460062167,-0.31693663659725785,False,3.1118768454776826,-0.2561013217304913,-0.2417614760307234,-0.2618522587637875,False,False,1.8466749924224202,False,-0.21762434574504017,-0.18300464167963865,False,0
-0.12181355122782168,-0.6211899101695351,1.3817024077858833,0.9857433988974803,1.332582022287748,1.3108703126341064,-0.2727360393958315,-0.9857433988974793,1.9376832277581888,-0.49589884557223796,-0.4955318616075557,-0.44598181527937314,4.780873320441908,-0.2061916332330533,-0.2902757020437465,-0.2496594146342877,-0.34172467460062167,-0.31693663659725785,False,-0.21519446782476256,-0.2561013217304913,-0.2417614760307234,-0.2618522587637875,False,False,-0.2465551704953185,True,-0.21762434574504017,-0.18300464167963865,False,0
-0.12181355122782168,-0.7500515020215655,-1.0910503928789586,0.6530295578579332,-0.8608283090362799,-1.3618549920765406,-0.5771138453569904,-0.6530295578579322,-0.6238955861048858,-0.15339721818153415,-0.06590896334971505,0.03997201175105678,-0.3670174951250245,-0.2061916332330533,-0.2902757020437465,-0.2496594146342877,-0.34172467460062167,2.767076761559875,False,-0.21519446782476256,-0.2561013217304913,-0.2417614760307234,-0.2618522587637875,False,True,4.240661375338229,False,-0.21762434574504017,-0.18300464167963865,False,0
-0.5292940444513059,-0.47345962518783025,0.07265332052339997,0.6530295578579332,-0.1496640971653235,0.3246621964692406,-0.36803763488541397,-0.6530295578579322,-0.1235508194556123,-0.062138560883353205,0.04149676121474512,0.15392453380635363,-0.3670174951250245,-0.2061916332330533,-0.2902757020437465,-0.2496594146342877,-0.34172467460062167,-0.31693663659725785,False,-0.21519446782476256,-0.2561013217304913,-0.2417614760307234,-0.2618522587637875,False,True,-0.2465551704953185,False,-0.21762434574504017,-0.18300464167963865,False,0
-0.12181355122782168,-0.5664656828490351,1.3531832365534209,0.6946187879878765,1.292592243754245,1.2938690924455456,-0.1798661549532921,-0.6946187879878756,0.9724964950672104,1.129606867756815,1.2587616396119603,1.2813676019733777,-0.3670174951250245,-0.2061916332330533,-0.2902757020437465,-0.2496594146342877,-0.34172467460062167,-0.31693663659725785,False,-0.21519446782476256,-0.2561013217304913,-0.2417614760307234,-0.2618522587637875,False,False,-0.2465551704953185,True,-0.21762434574504017,-0.18300464167963865,False,0
-2.6685666338745984,-0.553425979721567,0.6962318482506551,0.6530295578579332,0.4663253347570839,0.8554773339961824,-0.3085903857889876,-0.6530295578579322,0.30983303680283625,-0.4413189078740118,-0.42392804523124894,-0.36138259827485913,-0.3670174951250245,-0.2061916332330533,-0.2902757020437465,-0.2496594146342877,-0.34172467460062167,-0.31693663659725785,False,-0.21519446782476256,2.826238575745993,-0.2417614760307234,-0.2618522587637875,False,True,-0.2465551704953185,False,-0.21762434574504017,-0.18300464167963865,False,0
-0.9367745376747901,-0.6717949851666379,-1.1470716763920594,0.6114403277279897,-0.8806619691996523,-1.4941682550285915,-0.5693091462302171,-0.6114403277279887,-0.6422923454291914,-0.27157029429879453,-0.2091165961023286,-0.11644032151224208,-0.3670174951250245,-0.2061916332330533,3.48422929046109,-0.2496594146342877,-0.34172467460062167,2.2377669726162828,False,-0.21519446782476256,3.617670232689202,-0.2417614760307234,-0.2618522587637875,False,False,-0.2465551704953185,False,-0.21762434574504017,-0.18300464167963865,False,0
-0.12181355122782168,-0.7460832766266056,-0.7547296703606329,0.6946187879878765,-0.7139461154101845,-0.7124138358131877,-0.5715318578835203,-0.6946187879878756,-0.5098039326639184,-0.0928084800027693,0.005694853026591727,0.11624960122671975,-0.3670174951250245,-0.2061916332330533,-0.2902757020437465,-0.2496594146342877,-0.34172467460062167,-0.31693663659725785,False,-0.21519446782476256,-0.2561013217304913,-0.2417614760307234,-0.2618522587637875,False,True,-0.2465551704953185,False,-0.21762434574504017,-0.18300464167963865,False,0
-0.8349044143689192,0.7728973048106942,1.1320508025305311,0.8193864783777067,0.9941546929518048,1.1568513751837806,1.8599281880256704,-0.8193864783777057,1.0145510141277332,-0.7042039288975783,-0.7819471271127828,-0.8006546926294275,-0.3670174951250245,-0.2061916332330533,3.2163180012970267,-0.2496594146342877,-0.34172467460062167,2.0564361918289773,True,-0.21519446782476256,-0.2561013217304913,-0.2417614760307234,-0.2618522587637875,False,False,-0.2465551704953185,False,-0.21762434574504017,-0.18300464167963865,False,0
-0.8349044143689192,-0.5994247546902114,-0.6513347509217285,0.6530295578579332,-0.6592075945891113,-0.5490718333571746,-0.5286446642585606,-0.6530295578579322,-0.4820438623569627,0.675942431476146,0.8291387413541197,0.9138480507317281,-0.3670174951250245,-0.2061916332330533,3.0202765728550793,-0.2496594146342877,-0.34172467460062167,-0.31693663659725785,False,-0.21519446782476256,3.1415159174540306,-0.2417614760307234,-0.2618522587637875,False,True,-0.2465551704953185,False,-0.21762434574504017,-0.18300464167963865,False,0
0.7950175585250179,0.021564049491670092,0.7987612132356847,0.6114403277279897,0.5832982894824859,0.9306076439503084,0.42770806986823967,-0.6114403277279887,0.3408703000632174,0.29175475075170515,0.4353177512844324,0.5493833981846884,-0.3670174951250245,-0.2061916332330533,-0.2902757020437465,2.9728913144370237,-0.34172467460062167,-0.31693663659725785,False,-0.21519446782476256,-0.2561013217304913,-0.2417614760307234,-0.2618522587637875,True,False,-0.2465551704953185,False,-0.21762434574504017,-0.18300464167963865,False,0
-0.3255537978395638,-0.2041037383550644,0.6482531878630137,0.6946187879878765,0.41310980885100695,0.8193178696917809,0.06974665958079057,-0.6946187879878756,0.32279190133995256,-0.0928084800027693,0.005694853026591727,0.11624960122671975,-0.3670174951250245,-0.2061916332330533,-0.2902757020437465,-0.2496594146342877,-0.34172467460062167,-0.31693663659725785,False,-0.21519446782476256,-0.2561013217304913,-0.2417614760307234,-0.2618522587637875,True,False,-0.2465551704953185,False,-0.21762434574504017,-0.18300464167963865,False,0
-1.3442550308982744,-0.3795478241764939,1.183258091745736,0.5698510975980463,1.0614293966725383,1.1894330983535448,0.08158331902548441,-0.5698510975980453,0.6012088657299407,-0.3857375034290291,-0.35232422885494213,-0.2782941625976166,-0.3670174951250245,-0.2061916332330533,-0.2902757020437465,-0.2496594146342877,-0.34172467460062167,-0.31693663659725785,False,-0.21519446782476256,-0.2561013217304913,-0.2417614760307234,-0.2618522587637875,False,False,-0.2465551704953185,True,-0.21762434574504017,-0.18300464167963865,False,0
-0.12181355122782168,-0.36584727157321706,-0.22829797617421857,0.5698510975980463,-0.3883079746438198,0.006739381152651119,-0.37408459645665704,-0.5698510975980453,-0.33007110220488306,-0.7291154142231449,-0.8177490353009362,-0.846951878112884,-0.3670174951250245,-0.2061916332330533,-0.2902757020437465,-0.2496594146342877,-0.34172467460062167,-0.31693663659725785,False,-0.21519446782476256,-0.2561013217304913,-0.2417614760307234,-0.2618522587637875,False,False,-0.2465551704953185,True,-0.21762434574504017,-0.18300464167963865,False,0
-0.631164167757177,0.49024143338108483,1.2402613746620634,0.5698510975980463,1.1376188295862635,1.2250838942138726,1.561027620554583,-0.5698510975980453,0.6501513114754347,-0.49589884557223796,-0.4955318616075557,-0.44598181527937314,-0.3670174951250245,-0.2061916332330533,-0.2902757020437465,-0.2496594146342877,-0.34172467460062167,4.3787305262784075,False,-0.21519446782476256,-0.2561013217304913,-0.2417614760307234,-0.2618522587637875,True,False,-0.2465551704953185,False,-0.21762434574504017,-0.18300464167963865,False,0
-1.8536056474276297,-0.7812492788768887,0.9456174001415932,0.5698510975980463,0.7585617661987897,1.033490439922377,-0.5689643525599957,-0.5698510975980453,0.40665324291393784,-0.6790420768853226,-0.7461452189246294,-0.7548136444682138,-0.3670174951250245,-0.2061916332330533,-0.2902757020437465,-0.2496594146342877,-0.34172467460062167,-0.31693663659725785,False,-0.21519446782476256,-0.2561013217304913,-0.2417614760307234,-0.2618522587637875,False,True,-0.2465551704953185,False,-0.21762434574504017,-0.18300464167963865,False,0
-0.631164167757177,0.9301219400754837,-0.1543557250713674,0.5698510975980463,-0.33321226934756826,0.08970176301867572,0.33392573592844876,-0.5698510975980453,-0.2946788113825456,0.9361986022894768,1.0797520986711935,1.1317460683856633,-0.3670174951250245,-0.2061916332330533,-0.2902757020437465,4.42422339974986,-0.34172467460062167,2.7751011322717347,False,-0.21519446782476256,-0.2561013217304913,-0.2417614760307234,-0.2618522587637875,True,False,-0.2465551704953185,False,-0.21762434574504017,-0.18300464167963865,False,0
0.99875780513676,-0.451288090940926,1.1667014376875477,0.5282618674681029,1.0395568084633566,1.1789570258653055,-0.03995720366732726,-0.5282618674681019,0.532043960999587,-0.6536298581863779,-0.710343310736476,-0.7094198331749116,2.8798174900015354,-0.2061916332330533,-0.2902757020437465,-0.2496594146342877,-0.34172467460062167,-0.31693663659725785,False,-0.21519446782476256,-0.2561013217304913,-0.2417614760307234,-0.2618522587637875,False,False,-0.2465551704953185,True,-0.21762434574504017,-0.18300464167963865,False,0
0.1837968186897915,0.8800252297093644,1.6345090902990076,0.6114403277279897,1.7020595964867595,1.4555255805623393,2.944520369731587,-0.6114403277279887,1.0922051260912284,1.129606867756815,1.2587616396119603,1.2813676019733777,-0.3670174951250245,-0.2061916332330533,-0.2902757020437465,-0.2496594146342877,-0.34172467460062167,-0.31693663659725785,False,-0.21519446782476256,-0.2561013217304913,-0.2417614760307234,-0.2618522587637875,False,False,-0.2465551704953185,True,7.061975595484174,-0.18300464167963865,False,0
0.08192669538392044,0.41245635207599085,0.1985451045930526,0.7777972482477633,-0.03851027284803449,0.44388309303754137,0.33337401011862944,-0.7777972482477623,0.06969228322096542,-0.7042039288975783,-0.7819471271127828,-0.8006546926294275,-0.3670174951250245,3.0621021456641917,1.982571384045544,-0.2496594146342877,-0.34172467460062167,-0.31693663659725785,True,-0.21519446782476256,-0.2561013217304913,-0.2417614760307234,-0.2618522587637875,False,False,-0.2465551704953185,False,2.7062562974771605,-0.18300464167963865,False,0
-2.464826387262856,0.08706354217835552,1.1096087725451087,0.5282618674681029,0.965019353747331,1.1424016830187391,0.7690094668663052,-0.5282618674681019,0.4861577624697783,1.0128108084163447,1.1513559150475001,1.1921732651379484,-0.3670174951250245,-0.2061916332330533,-0.2902757020437465,-0.2496594146342877,-0.34172467460062167,-0.31693663659725785,False,-0.21519446782476256,-0.2561013217304913,-0.2417614760307234,-0.2618522587637875,False,False,-0.2465551704953185,True,-0.21762434574504017,4.947647930347018,False,0
0.38753706530153365,-0.1948357028399257,-1.1775786499731464,0.48667263733815946,-0.8909062183835853,-1.570114908304029,-0.5226558776509325,-0.4866726373381585,-0.6595420356589294,-0.3291546322372901,-0.2807204124786354,-0.19666349422353416,4.780873320441908,-0.2061916332330533,-0.2902757020437465,-0.2496594146342877,-0.34172467460062167,-0.31693663659725785,False,-0.21519446782476256,-0.2561013217304913,-0.2417614760307234,-0.2618522587637875,False,True,-0.2465551704953185,False,-0.21762434574504017,-0.18300464167963865,False,0
-1.1405147842865324,-0.697699527045641,-0.15680293266234221,0.5282618674681029,-0.3350726051557885,0.08701084322558954,-0.5327085454124948,-0.5282618674681019,-0.3141952675674831,-0.12322803243549628,-0.03010705516156166,0.07826711477503,2.1182107016557676,-0.2061916332330533,-0.2902757020437465,-0.2496594146342877,2.250561948165721,-0.31693663659725785,False,-0.21519446782476256,-0.2561013217304913,-0.2417614760307234,-0.2618522587637875,False,True,-0.2465551704953185,False,-0.21762434574504017,-0.18300464167963865,False,0
-0.3255537978395638,0.42480251788520895,-0.9837515327597431,0.48667263733815946,-0.8191468651411686,-1.1307122327902928,-0.3931680882574717,-0.4866726373381585,-0.6171331100506543,-0.5758910019694089,-0.6029375861720159,-0.5758366270581611,-0.3670174951250245,-0.2061916332330533,-0.2902757020437465,-0.2496594146342877,-0.34172467460062167,1.9091508491833373,False,-0.21519446782476256,-0.2561013217304913,-0.2417614760307234,-0.2618522587637875,False,False,2.9923855567520485,False,-0.21762434574504017,-0.18300464167963865,False,0
0.38753706530153365,-0.3970339309719433,0.09116372497962844,0.48667263733815946,-0.133739622646958,0.3426476246834832,-0.3116137571317429,-0.4866726373381585,-0.21206556909728422,-0.3004876466113868,-0.24491850429048198,-0.15637901095755796,-0.3670174951250245,-0.2061916332330533,-0.2902757020437465,-0.2496594146342877,-0.34172467460062167,-0.31693663659725785,False,-0.21519446782476256,-0.2561013217304913,-0.2417614760307234,-0.2618522587637875,False,True,-0.2465551704953185,False,-0.21762434574504017,-0.18300464167963865,False,0
-0.5292940444513059,0.15188153833428494,0.9691115571227921,0.4450834072082161,0.7874440997333455,1.0494654872547207,0.7389512268344395,-0.44508340720821515,0.291268805336051,0.6397644452495694,0.7933368331659663,0.8818697203740368,-0.3670174951250245,-0.2061916332330533,-0.2902757020437465,-0.2496594146342877,-0.34172467460062167,-0.31693663659725785,False,-0.21519446782476256,-0.2561013217304913,-0.2417614760307234,-0.2618522587637875,True,False,-0.2465551704953185,False,-0.21762434574504017,-0.18300464167963865,False,0
-0.7330342910630481,0.5467077120351105,0.4514364790003475,0.48667263733815946,0.20496551683634592,0.6636732034294318,0.6880726610336986,-0.4866726373381585,-0.011894853860161517,-0.2424025752995131,-0.1733146879141752,-0.07684153992782201,-0.3670174951250245,-0.2061916332330533,-0.2902757020437465,-0.2496594146342877,-0.34172467460062167,-0.31693663659725785,False,-0.21519446782476256,-0.2561013217304913,-0.2417614760307234,-0.2618522587637875,True,False,-0.2465551704953185,False,-0.21762434574504017,-0.18300464167963865,False,0
-1.9554757707335009,-0.7858884676449219,-0.4966870747579711,0.4450834072082161,-0.5689242575923095,-0.3274159413202766,-0.5804150313357715,-0.44508340720821515,-0.479498110057186,-0.15339721818153415,-0.06590896334971505,0.03997201175105678,-0.3670174951250245,-0.2061916332330533,-0.2902757020437465,-0.2496594146342877,-0.34172467460062167,-0.31693663659725785,False,-0.21519446782476256,-0.2561013217304913,-0.2417614760307234,-0.2618522587637875,False,True,-0.2465551704953185,False,-0.21762434574504017,-0.18300464167963865,False,0
-0.5292940444513059,-0.2424017150349003,-0.2315651063434097,0.4034941770782727,-0.39068920447834177,0.002992397281166634,-0.3146611086225434,-0.40349417707827173,-0.391450693214242,-0.4413189078740118,-0.42392804523124894,-0.36138259827485913,1.73087891012746,-0.2061916332330533,-0.2902757020437465,-0.2496594146342877,-0.34172467460062167,-0.31693663659725785,False,4.634370733589962,-0.2561013217304913,3.157801289117739,-0.2618522587637875,False,True,2.8045535075935266,False,-0.21762434574504017,-0.18300464167963865,False,0
0.5912773119132757,-0.491214874827314,-1.091647241544898,0.4450834072082161,-0.8610465884377778,-1.363219121857826,-0.5452959221186375,-0.44508340720821515,-0.645498906704483,-0.8262576886585199,-0.9609566680535497,-1.0368896279222006,-0.3670174951250245,-0.2061916332330533,-0.2902757020437465,4.42422339974986,-0.34172467460062167,2.7751011322717347,False,-0.21519446782476256,-0.2561013217304913,-0.2417614760307234,-0.2618522587637875,False,True,-0.2465551704953185,False,-0.21762434574504017,-0.18300464167963865,False,0
-0.5292940444513059,0.33189544902842927,1.5273016072411454,0.4450834072082161,1.542085599666282,1.3954653851036563,1.6482804471651518,-0.44508340720821515,0.7200997331511741,-0.27157029429879453,-0.2091165961023286,-0.11644032151224208,-0.3670174951250245,-0.2061916332330533,-0.2902757020437465,-0.2496594146342877,-0.34172467460062167,-0.31693663659725785,False,-0.21519446782476256,-0.2561013217304913,-0.2417614760307234,-0.2618522587637875,False,False,-0.2465551704953185,True,-0.21762434574504017,-0.18300464167963865,False,0
-1.7517355241217587,-0.7744488915733112,-1.1297598440460421,0.4034941770782727,-0.8746741683449273,-1.452330034356264,-0.5802932579064989,-0.40349417707827173,-0.6562926989716459,-0.627967272800744,-0.6745414025483226,-0.6644646162875364,-0.3670174951250245,7.745637925306414,-0.2902757020437465,-0.2496594146342877,-0.34172467460062167,-0.31693663659725785,True,-0.21519446782476256,-0.2561013217304913,-0.2417614760307234,-0.2618522587637875,False,False,-0.2465551704953185,False,-0.21762434574504017,-0.18300464167963865,False,0
-1.0386446609806612,-0.2891211547908416,0.6389606550778081,0.4034941770782727,0.40291516862195986,0.8122376162260326,-0.028682946792079448,-0.40349417707827173,0.04281852926447283,-0.5228132643913174,-0.5313337697957091,-0.48886533314690633,-0.3670174951250245,-0.2061916332330533,-0.2902757020437465,-0.2496594146342877,-0.34172467460062167,-0.31693663659725785,True,-0.21519446782476256,-0.2561013217304913,-0.2417614760307234,-0.2618522587637875,False,False,-0.2465551704953185,False,-0.21762434574504017,-0.18300464167963865,False,0
-0.019943427921950616,1.0692702999868926,-1.1186360806370421,0.48667263733815946,-0.8707600218044319,-1.4259052340178138,-0.36744115910358305,-0.4866726373381585,-0.6476358727211343,-0.27157029429879453,-0.2091165961023286,-0.11644032151224208,2.017693533940557,-0.2061916332330533,-0.2902757020437465,-0.2496594146342877,2.1457147113751405,-0.31693663659725785,False,-0.21519446782476256,-0.2561013217304913,-0.2417614760307234,-0.2618522587637875,False,True,-0.2465551704953185,False,-0.21762434574504017,-0.18300464167963865,False,0
-0.631164167757177,0.06534330041074991,0.16750806034747773,0.36190494694832925,-0.06653437146306464,0.41514962931000227,0.05066331370379773,-0.3619049469483283,-0.23269518374185083,-1.1347094466595047,-1.462183382687697,-1.7703101116271531,-0.3670174951250245,-0.2061916332330533,-0.2902757020437465,-0.2496594146342877,-0.34172467460062167,-0.31693663659725785,False,-0.21519446782476256,-0.2561013217304913,-0.2417614760307234,-0.2618522587637875,True,False,-0.2465551704953185,False,-0.21762434574504017,-0.18300464167963865,False,0
-1.1405147842865324,-0.6491667958370823,0.42559191856568346,0.36190494694832925,0.17884640208893332,0.6422967414269949,-0.45049602488864204,-0.3619049469483283,-0.10321560943921708,-0.9644600997109092,-1.17576811718247,-1.3371763146691884,-0.3670174951250245,-0.2061916332330533,-0.2902757020437465,-0.2496594146342877,-0.34172467460062167,-0.31693663659725785,False,-0.21519446782476256,-0.2561013217304913,-0.2417614760307234,-0.2618522587637875,False,True,-0.2465551704953185,False,-0.21762434574504017,-0.18300464167963865,False,0
0.1837968186897915,-0.657180289090668,-0.7087090764814936,0.3203157168183859,-0.6901387779604536,-0.638044950118705,-0.5479917552830964,-0.32031571681838494,-0.5677456194951511,0.29175475075170515,0.4353177512844324,0.5493833981846884,-0.3670174951250245,-0.2061916332330533,-0.2902757020437465,-0.2496594146342877,-0.34172467460062167,-0.31693663659725785,False,-0.21519446782476256,-0.2561013217304913,-0.2417614760307234,-0.2618522587637875,False,False,-0.2465551704953185,False,-0.21762434574504017,-0.18300464167963865,False,0
-1.0386446609806612,-0.1701375139367867,1.0717830597676823,0.4450834072082161,0.9163926561681974,1.1178060793190663,0.3497378831720356,-0.44508340720821515,0.36454482991367165,-0.0928084800027693,0.005694853026591727,0.11624960122671975,-0.3670174951250245,-0.2061916332330533,-0.2902757020437465,-0.2496594146342877,-0.34172467460062167,-0.31693663659725785,False,-0.21519446782476256,-0.2561013217304913,-0.2417614760307234,-0.2618522587637875,True,False,-0.2465551704953185,False,-0.21762434574504017,-0.18300464167963865,False,0
0.6931474352191468,-0.47132274293071397,0.03685146293009963,0.3203157168183859,-0.18005454292840983,0.28940591345749817,-0.3741256010505763,-0.32031571681838494,-0.30787171816563697,-0.8733266257560728,-1.0325604844298566,-1.1348475355611043,-0.3670174951250245,-0.2061916332330533,-0.2902757020437465,-0.2496594146342877,-0.34172467460062167,-0.31693663659725785,False,-0.21519446782476256,-0.2561013217304913,-0.2417614760307234,-0.2618522587637875,False,False,-0.2465551704953185,True,-0.21762434574504017,-0.18300464167963865,False,0
-0.019943427921950616,-0.7726347260559152,-0.7307991574809152,0.27872648668844247,-0.7016778208669079,-0.673394446041106,-0.577652669068901,-0.2787264866884415,-0.5790232249712606,-0.1833160372408829,-0.10171087153786844,0.0013591034093940301,-0.3670174951250245,-0.2061916332330533,-0.2902757020437465,-0.2496594146342877,1.9035412403980188,1.8346750929671964,True,-0.21519446782476256,-0.2561013217304913,3.246347639524367,-0.2618522587637875,False,False,-0.2465551704953185,False,3.871900093800379,-0.18300464167963865,False,0
1.100627928442631,-0.5596273926829891,0.7533177234832515,0.36190494694832925,0.5309062722275145,0.8976587828348427,-0.3041586914819467,-0.3619049469483283,0.08255510704654027,-0.3575712511765041,-0.31652232066678876,-0.2372998114910998,-0.3670174951250245,-0.2061916332330533,-0.2902757020437465,-0.2496594146342877,-0.34172467460062167,-0.31693663659725785,False,-0.21519446782476256,-0.2561013217304913,-0.2417614760307234,-0.2618522587637875,False,True,-0.2465551704953185,False,-0.21762434574504017,-0.18300464167963865,False,0
-1.2423849075924034,0.9110539846100957,0.5887034079246888,0.27872648668844247,0.34840980988885023,0.7735007922801238,1.2234093894594362,-0.2787264866884415,-0.06186545850735874,0.4626300144170234,0.6143272922251993,0.7185958186178509,-0.3670174951250245,-0.2061916332330533,-0.2902757020437465,-0.2496594146342877,-0.34172467460062167,-0.31693663659725785,False,-0.21519446782476256,-0.2561013217304913,-0.2417614760307234,-0.2618522587637875,True,False,-0.2465551704953185,False,-0.21762434574504017,-0.18300464167963865,False,0
-0.631164167757177,-0.4474796915055832,-1.020390557291279,0.3203157168183859,-0.8339253728016706,-1.2066491004043858,-0.5326974065607658,-0.32031571681838494,-0.6410009385071684,-1.154863964937978,-1.4979852908758506,-1.8274007512254888,-0.3670174951250245,-0.2061916332330533,-0.2902757020437465,-0.2496594146342877,-0.34172467460062167,-0.31693663659725785,False,-0.21519446782476256,-0.2561013217304913,-0.2417614760307234,-0.2618522587637875,False,False,-0.2465551704953185,False,4.734062608753932,-0.18300464167963865,False,0
-0.3255537978395638,-0.3165558771712167,0.6051093800914823,0.27872648668844247,0.3660854805146871,0.7862294181076344,-0.07249445838512854,-0.2787264866884415,-0.053160365642841885,0.06304478246120228,0.18470439396735866,0.3016457901563818,-0.3670174951250245,-0.2061916332330533,-0.2902757020437465,-0.2496594146342877,-0.34172467460062167,2.6510049360836208,False,-0.21519446782476256,-0.2561013217304913,-0.2417614760307234,-0.2618522587637875,True,False,-0.2465551704953185,False,5.42348154238761,-0.18300464167963865,False,0
0.7950175585250179,1.4134388627094614,-0.8595517429017369,0.23713725655849904,-0.7648399422276025,-0.8930007277987513,-0.14665115704524878,-0.23713725655849813,-0.6141769739094953,-0.5758910019694089,-0.6029375861720159,-0.5758366270581611,-0.3670174951250245,-0.2061916332330533,-0.2902757020437465,-0.2496594146342877,-0.34172467460062167,-0.31693663659725785,True,-0.21519446782476256,-0.2561013217304913,-0.2417614760307234,-0.2618522587637875,False,False,-0.2465551704953185,False,-0.21762434574504017,-0.18300464167963865,False,0
-0.019943427921950616,-0.4031258165302382,-1.0385345740185277,0.23713725655849904,-0.8410343360368162,-1.2453584717194255,-0.5284483602373155,-0.23713725655849813,-0.6504914754547991,5.375199957287414,4.301923835604998,3.284254092560843,-0.3670174951250245,-0.2061916332330533,-0.2902757020437465,-0.2496594146342877,-0.34172467460062167,-0.31693663659725785,False,-0.21519446782476256,2.5241447557904637,-0.2417614760307234,-0.2618522587637875,False,False,-0.2465551704953185,False,-0.21762434574504017,-0.18300464167963865,False,0
0.38753706530153365,0.19155574400912107,-1.087869603399334,0.19554802642855565,-0.8596624985964619,-1.3546009106134993,-0.4602925477017123,-0.19554802642855473,-0.6617515362853751,-0.7781872848142106,-0.889352851677243,-0.9409516155838652,1.5543844744699913,3.874196252470249,-0.2902757020437465,-0.2496594146342877,-0.34172467460062167,-0.31693663659725785,True,-0.21519446782476256,-0.2561013217304913,-0.2417614760307234,-0.2618522587637875,False,False,-0.2465551704953185,False,-0.21762434574504017,-0.18300464167963865,False,0
-0.8349044143689192,1.32051659339974,-1.1702179963709383,0.19554802642855565,-0.8884704186986888,-1.5515226845382968,-0.36744115910358305,-0.19554802642855473,-0.6750524258791819,-0.7291154142231449,-0.8177490353009362,-0.846951878112884,-0.3670174951250245,-0.2061916332330533,-0.2902757020437465,-0.2496594146342877,-0.34172467460062167,-0.31693663659725785,False,-0.21519446782476256,-0.2561013217304913,-0.2417614760307234,-0.2618522587637875,False,False,-0.2465551704953185,True,-0.21762434574504017,-0.18300464167963865,False,0
0.1837968186897915,1.2644421366787335,-1.069632119537945,0.15395879629861225,-0.8528958371500287,-1.313513261982592,-0.31644054018624435,-0.15395879629861134,-0.66095944235462,-0.49589884557223796,-0.4955318616075557,-0.44598181527937314,-0.3670174951250245,-0.2061916332330533,-0.2902757020437465,-0.2496594146342877,-0.34172467460062167,-0.31693663659725785,True,-0.21519446782476256,-0.2561013217304913,6.326784000061188,-0.2618522587637875,False,False,-0.2465551704953185,False,-0.21762434574504017,-0.18300464167963865,False,0
-0.9367745376747901,-0.7436946299409498,0.2719656846767741,0.15395879629861225,0.029399425495238267,0.5102414734505053,-0.5438117674083018,-0.15395879629861134,-0.26593972813158845,-0.8964855442748155,-1.06836239261801,-1.184610884272229,-0.3670174951250245,-0.2061916332330533,-0.2902757020437465,-0.2496594146342877,-0.34172467460062167,-0.31693663659725785,False,-0.21519446782476256,-0.2561013217304913,-0.2417614760307234,-0.2618522587637875,False,True,-0.2465551704953185,False,-0.21762434574504017,-0.18300464167963865,False,0
-0.019943427921950616,-0.33391778247952625,-0.9614159307733574,0.11236956616866883,-0.809860068786533,-1.0858076148785045,-0.5078190609114644,-0.11236956616866793,-0.6444531984459553,2.468442724826836,2.368620793444715,2.1149310949154274,-0.3670174951250245,-0.2061916332330533,-0.2902757020437465,-0.2496594146342877,-0.34172467460062167,-0.31693663659725785,False,-0.21519446782476256,-0.2561013217304913,-0.2417614760307234,-0.2618522587637875,False,True,-0.2465551704953185,False,-0.21762434574504017,-0.18300464167963865,False,0
-1.3442550308982744,0.29944668425898113,0.33808141768051386,0.11236956616866883,0.09249705521458125,0.5681548672749897,0.3581590861251786,-0.11236956616866793,-0.2523338274189538,-4.762258445368473e-05,0.1131005775910519,0.22837138206155058,-0.3670174951250245,-0.2061916332330533,-0.2902757020437465,-0.2496594146342877,1.9516587337559734,-0.31693663659725785,False,-0.21519446782476256,-0.2561013217304913,-0.2417614760307234,-0.2618522587637875,False,False,-0.2465551704953185,True,-0.21762434574504017,-0.18300464167963865,False,0
-1.5479952775100165,0.9235288158957257,-0.8708713433687203,0.07078033603872544,-0.7700588042815965,-0.9135234640272644,-0.25037869801218193,-0.07078033603872454,-0.6302555637391918,-1.0515877066787198,-1.3189757499350836,-1.5487049558982227,-0.3670174951250245,-0.2061916332330533,-0.2902757020437465,-0.2496594146342877,-0.34172467460062167,-0.31693663659725785,False,-0.21519446782476256,-0.2561013217304913,-0.2417614760307234,-0.2618522587637875,False,False,-0.2465551704953185,False,-0.21762434574504017,-0.18300464167963865,False,0
-0.631164167757177,0.983276727489062,-0.5376881927764908,0.07078033603872544,-0.5938428356314839,-0.3838116487480472,0.0036309107149001267,-0.07078033603872454,-0.5558687459755487,3.151943779488109,2.8698475080788626,2.447417417104776,-0.3670174951250245,-0.2061916332330533,-0.2902757020437465,-0.2496594146342877,-0.34172467460062167,1.8609848902800616,True,-0.21519446782476256,-0.2561013217304913,-0.2417614760307234,-0.2618522587637875,False,False,-0.2465551704953185,False,-0.21762434574504017,-0.18300464167963865,False,0
-0.3255537978395638,0.795879128520023,-0.07739370051505974,0.07078033603872544,-0.2734185960236245,0.17251721840630269,0.33604474438574267,-0.07078033603872454,-0.4206066599038245,-0.3857375034290291,-0.35232422885494213,-0.2782941625976166,-0.3670174951250245,-0.2061916332330533,-0.2902757020437465,-0.2496594146342877,-0.34172467460062167,-0.31693663659725785,False,-0.21519446782476256,6.085445465665127,-0.2417614760307234,-0.2618522587637875,False,False,-0.2465551704953185,True,-0.21762434574504017,-0.18300464167963865,False,0
0.38753706530153365,-0.07353805424533501,-0.6057343883684096,0.07078033603872544,-0.6336341783454433,-0.48109856648106997,-0.36744115910358305,-0.07078033603872454,-0.5726660395563088,-0.8499173405506408,-0.9967585762417032,-1.085610793013382,-0.3670174951250245,-0.2061916332330533,4.208274430513688,-0.2496594146342877,-0.34172467460062167,-0.31693663659725785,True,-0.21519446782476256,4.36075719991302,-0.2417614760307234,-0.2618522587637875,False,False,-0.2465551704953185,False,-0.21762434574504017,-0.18300464167963865,False,0
0.28566694199566256,-0.43704150159642813,-0.4571102662642828,0.07078033603872544,-0.5441991544771899,-0.2744595800501101,-0.4517083235190077,-0.07078033603872454,-0.5349124416665265,-0.7042039288975783,-0.7819471271127828,-0.8006546926294275,-0.3670174951250245,-0.2061916332330533,-0.2902757020437465,-0.2496594146342877,-0.34172467460062167,-0.31693663659725785,False,-0.21519446782476256,-0.2561013217304913,-0.2417614760307234,-0.2618522587637875,False,True,-0.2465551704953185,False,-0.21762434574504017,-0.18300464167963865,False,0
-1.7517355241217587,1.1070614791720739,0.39485885398342596,0.07078033603872544,0.14815334170104316,0.6165732825343876,1.1366110669124276,-0.07078033603872454,-0.24264665352065298,0.4279542283105815,0.5785253840370459,0.6852420646648492,-0.3670174951250245,-0.2061916332330533,-0.2902757020437465,-0.2496594146342877,-0.34172467460062167,-0.31693663659725785,True,-0.21519446782476256,-0.2561013217304913,-0.2417614760307234,-0.2618522587637875,False,False,-0.2465551704953185,False,-0.21762434574504017,-0.18300464167963865,False,0
-1.5479952775100165,3.1006431789880122,-0.7037019085470575,0.02919110590878203,-0.6874946206650365,-0.6301191220809852,0.4201047091345628,-0.02919110590878114,-0.5992964244494953,0.15956114017985457,0.29211011853181884,0.40943814967596037,-0.3670174951250245,-0.2061916332330533,-0.2902757020437465,-0.2496594146342877,-0.34172467460062167,1.55444481493436,False,-0.21519446782476256,-0.2561013217304913,-0.2417614760307234,-0.2618522587637875,False,False,-0.2465551704953185,False,-0.21762434574504017,-0.18300464167963865,False,0
-1.0386446609806612,-0.6190321425104716,-0.3263446936749237,0.02919110590878203,-0.4578101204389291,-0.10890936161310481,-0.5072966536295037,-0.02919110590878114,-0.5050319716161462,-0.27157029429879453,-0.2091165961023286,-0.11644032151224208,-0.3670174951250245,-0.2061916332330533,-0.2902757020437465,-0.2496594146342877,-0.34172467460062167,-0.31693663659725785,True,-0.21519446782476256,-0.2561013217304913,-0.2417614760307234,3.909016209305879,False,False,-0.2465551704953185,False,-0.21762434574504017,-0.18300464167963865,False,0
-1.3442550308982744,-0.663175559916849,-0.2380359106942538,-0.012398124221161376,-0.39539213340152257,-0.004449758329743433,-0.5203511203288352,0.01239812422116226,-0.48633869191719603,-0.3004876466113868,-0.24491850429048198,-0.15637901095755796,-0.3670174951250245,-0.2061916332330533,-0.2902757020437465,-0.2496594146342877,-0.34172467460062167,-0.31693663659725785,False,-0.21519446782476256,-0.2561013217304913,-0.2417614760307234,-0.2618522587637875,False,True,-0.2465551704953185,False,-0.21762434574504017,-0.18300464167963865,False,0
0.38753706530153365,1.9260878821675838,0.11083940967359646,-0.09557658448104818,-0.11665429858426302,0.36158810263262653,1.3203801345844117,0.09557658448104905,-0.3935240652418426,-0.602054320728421,-0.6387394943601693,-0.6199395994607315,-0.3670174951250245,-0.2061916332330533,-0.2902757020437465,-0.2496594146342877,-0.34172467460062167,-0.31693663659725785,True,-0.21519446782476256,-0.2561013217304913,-0.2417614760307234,-0.2618522587637875,False,False,-0.2465551704953185,False,-0.21762434574504017,-0.18300464167963865,False,0
-0.019943427921950616,0.8512599052070928,-1.0645912142230591,-0.09557658448104818,-0.8510007750733883,-1.3023050716797242,-0.36744115910358305,0.09557658448104905,-0.6717228133702219,-0.5228132643913174,-0.5313337697957091,-0.48886533314690633,2.0125860483101965,-0.2061916332330533,-0.2902757020437465,-0.2496594146342877,-0.34172467460062167,-0.31693663659725785,False,-0.21519446782476256,-0.2561013217304913,3.6142971843606255,-0.2618522587637875,False,False,-0.2465551704953185,False,-0.21762434574504017,-0.18300464167963865,False,0
0.4894071886074047,-0.6699229134106778,-0.9838360127801608,-0.1371658146109916,-0.8191815914095888,-1.1308840207437665,-0.5633441695261756,0.13716581461099245,-0.6615664644962964,-0.5228132643913174,-0.5313337697957091,-0.48886533314690633,-0.3670174951250245,-0.2061916332330533,-0.2902757020437465,-0.2496594146342877,-0.34172467460062167,-0.31693663659725785,False,-0.21519446782476256,-0.2561013217304913,-0.2417614760307234,-0.2618522587637875,False,True,-0.2465551704953185,False,-0.21762434574504017,-0.18300464167963865,False,0
-0.3255537978395638,0.683026032065854,-0.4689108407650319,-0.1371658146109916,-0.551640497710071,-0.2901020814474596,-0.04726826682566678,0.13716581461099245,-0.5627454587041139,1.3699588869783614,1.4735730887408807,1.4547850193053065,-0.3670174951250245,-0.2061916332330533,-0.2902757020437465,5.960723480314578,-0.34172467460062167,-0.31693663659725785,True,-0.21519446782476256,-0.2561013217304913,-0.2417614760307234,-0.2618522587637875,False,False,-0.2465551704953185,False,-0.21762434574504017,-0.18300464167963865,False,0
-1.7517355241217587,-0.18316169402240298,-0.3088711245786935,-0.1371658146109916,-0.44572041813324165,-0.0877987169023198,-0.31170088581366207,0.13716581461099245,-0.5236220154504723,0.9743795220095662,1.1155540068593468,1.1620577635498255,1.4418576582690186,-0.2061916332330533,2.3811367257146583,-0.2496594146342877,-0.34172467460062167,-0.31693663659725785,True,3.9662598573937986,2.485567186676046,-0.2417614760307234,-0.2618522587637875,False,False,-0.2465551704953185,False,-0.21762434574504017,-0.18300464167963865,False,0
-2.566696510568727,-0.5691988659362329,-0.40924963195561037,-0.17875504474093498,-0.5134167979705051,-0.21225250053060296,-0.49514183161206266,0.17875504474093584,-0.5531868873886339,0.15956114017985457,0.29211011853181884,0.40943814967596037,-0.3670174951250245,-0.2061916332330533,-0.2902757020437465,-0.2496594146342877,-0.34172467460062167,-0.31693663659725785,False,-0.21519446782476256,-0.2561013217304913,-0.2417614760307234,-0.2618522587637875,False,True,-0.2465551704953185,False,-0.21762434574504017,-0.18300464167963865,False,0
-0.3255537978395638,-0.6417067922341525,0.10671873212163488,-0.17875504474093498,-0.12024598691800029,0.3576363484151969,-0.4781448558975596,0.17875504474093584,-0.411504399374747,-0.15339721818153415,-0.06590896334971505,0.03997201175105678,1.5918603024482476,-0.2061916332330533,-0.2902757020437465,-0.2496594146342877,1.7015374760786897,-0.31693663659725785,False,-0.21519446782476256,-0.2561013217304913,-0.2417614760307234,-0.2618522587637875,True,False,-0.2465551704953185,False,-0.21762434574504017,-0.18300464167963865,False,0
-0.42742392114543487,-0.07741263796695949,-0.9060067293762949,-0.2203442748708784,-0.7859138262631218,-0.9786122590475708,-0.45285011662281827,0.22034427487087926,-0.6533884030349077,-1.114304561694342,-1.4263814744995438,-1.713911496831429,-0.3670174951250245,-0.2061916332330533,4.238700172431251,-0.2496594146342877,-0.34172467460062167,-0.31693663659725785,True,-0.21519446782476256,-0.2561013217304913,-0.2417614760307234,4.698171683668183,False,False,-0.2465551704953185,False,-0.21762434574504017,-0.18300464167963865,False,0
1.100627928442631,-0.22899688420708098,-0.7741783612879781,-0.2203442748708784,-0.723738923104656,-0.7447009705577574,-0.4532311358817958,0.22034427487087926,-0.6315165998050873,-0.7781872848142106,-0.889352851677243,-0.9409516155838652,-0.3670174951250245,6.0120052415485565,-0.2902757020437465,-0.2496594146342877,-0.34172467460062167,2.6098705738074055,False,-0.21519446782476256,-0.2561013217304913,-0.2417614760307234,-0.2618522587637875,False,False,-0.2465551704953185,True,-0.21762434574504017,-0.18300464167963865,False,0
-0.019943427921950616,0.14426097797144344,-0.990071535397096,-0.3035227351307652,-0.8217364525862113,-1.143605061183908,-0.4386555835849005,0.30352273513076605,-0.6691535749421788,-1.1747681165297623,-1.533787199064004,-1.8852006094444829,-0.3670174951250245,-0.2061916332330533,-0.2902757020437465,-0.2496594146342877,2.555333163643058,-0.31693663659725785,False,-0.21519446782476256,-0.2561013217304913,-0.2417614760307234,-0.2618522587637875,False,False,-0.2465551704953185,False,-0.21762434574504017,-0.18300464167963865,True,0
-0.22368367453369276,3.9375242658405174,-1.0371929837455531,-0.3451119652607086,-0.8405134420105146,-1.2424702401841456,0.07452668621073111,0.3451119652607095,-0.6767948798273472,0.12713865425361467,0.25630821034366547,0.3737841150440583,-0.3670174951250245,-0.2061916332330533,-0.2902757020437465,-0.2496594146342877,-0.34172467460062167,-0.31693663659725785,True,-0.21519446782476256,-0.2561013217304913,-0.2417614760307234,-0.2618522587637875,False,False,-0.2465551704953185,False,-0.21762434574504017,-0.18300464167963865,False,0
-1.2423849075924034,1.4222442802922135,-0.3302130248817153,-0.3451119652607086,-0.46046916042081193,-0.11361341614419512,0.3774762506059317,0.3451119652607095,-0.5520161813214235,-0.3575712511765041,-0.31652232066678876,-0.2372998114910998,-0.3670174951250245,-0.2061916332330533,-0.2902757020437465,-0.2496594146342877,-0.34172467460062167,2.670485564196498,True,-0.21519446782476256,-0.2561013217304913,-0.2417614760307234,-0.2618522587637875,False,False,-0.2465551704953185,False,-0.21762434574504017,-0.18300464167963865,False,0
-1.8536056474276297,-0.1320837098141234,0.3502020856363872,-0.3451119652607086,0.10426429931351054,0.5785907928605631,-0.008006562713068459,0.3451119652607095,-0.3665990877826437,-0.8733266257560728,-1.0325604844298566,-1.1348475355611043,-0.3670174951250245,-0.2061916332330533,-0.2902757020437465,-0.2496594146342877,2.9791039439614533,-0.31693663659725785,False,-0.21519446782476256,4.569329201547228,-0.2417614760307234,-0.2618522587637875,True,False,-0.2465551704953185,False,-0.21762434574504017,-0.18300464167963865,False,0
0.6931474352191468,2.8866293476983755,-0.9060402608360872,-0.42829042552059543,-0.7859287089495876,-0.978675408257553,0.08425494099584681,0.42829042552059626,-0.6621377035638296,-0.031218275077248,0.0772986694028985,0.19129685321871076,-0.3670174951250245,-0.2061916332330533,-0.2902757020437465,-0.2496594146342877,-0.34172467460062167,-0.31693663659725785,True,-0.21519446782476256,-0.2561013217304913,-0.2417614760307234,-0.2618522587637875,False,False,1.5759955566893882,False,-0.21762434574504017,-0.18300464167963865,False,0
-0.12181355122782168,0.43593126518198305,0.2899973481756359,-0.42829042552059543,0.04642521881207018,0.5262046049867899,0.4320400495637332,0.42829042552059626,-0.4004827637114636,-0.9866175514828954,-1.2115700253706234,-1.3891637689445544,-0.3670174951250245,-0.2061916332330533,-0.2902757020437465,-0.2496594146342877,4.776361499302858,-0.31693663659725785,True,-0.21519446782476256,-0.2561013217304913,-0.2417614760307234,-0.2618522587637875,False,False,-0.2465551704953185,False,-0.21762434574504017,-0.18300464167963865,False,0
-0.8349044143689192,1.2747968697956682,-1.1615368731813893,-0.46987965565053885,-0.8855682948378653,-1.5298167978997808,-0.36744115910358305,0.46987965565053963,-0.6943376087188564,-0.7042039288975783,-0.7819471271127828,-0.8006546926294275,-0.3670174951250245,-0.2061916332330533,-0.2902757020437465,-0.2496594146342877,-0.34172467460062167,-0.31693663659725785,True,-0.21519446782476256,-0.2561013217304913,-0.2417614760307234,-0.2618522587637875,False,False,-0.2465551704953185,False,-0.21762434574504017,-0.18300464167963865,False,0
0.7950175585250179,-0.15352184202822583,0.3834215444679036,-0.5114688857804822,0.13683257819608674,0.6069144510738811,-0.010595543159031301,0.511468885780483,-0.3869004836902511,-0.9193940961068692,-1.1041643008061632,-1.2349122255551288,-0.3670174951250245,-0.2061916332330533,-0.2902757020437465,-0.2496594146342877,-0.34172467460062167,-0.31693663659725785,False,-0.21519446782476256,-0.2561013217304913,-0.2417614760307234,-0.2618522587637875,True,False,-0.2465551704953185,False,-0.21762434574504017,-0.18300464167963865,False,0
-0.8349044143689192,-0.6382894503579039,-0.9899743660791898,-0.5946473460403691,-0.8216967654223026,-1.1434061995935123,-0.5587251455129287,0.5946473460403698,-0.6782605075540207,0.03137339659502974,0.14890248577920528,0.2651528285603192,-0.3670174951250245,-0.2061916332330533,-0.2902757020437465,-0.2496594146342877,-0.34172467460062167,-0.31693663659725785,False,-0.21519446782476256,-0.2561013217304913,-0.2417614760307234,-0.2618522587637875,False,True,-0.2465551704953185,False,7.061975595484174,-0.18300464167963865,False,0
0.99875780513676,0.7576246723344782,-1.037946589165402,-0.6362365761703125,-0.8408061348443412,-1.2440921155326736,-0.36744115910358305,0.6362365761703133,-0.6847924806888314,-1.0515877066787198,-1.3189757499350836,-1.5487049558982227,-0.3670174951250245,-0.2061916332330533,-0.2902757020437465,-0.2496594146342877,-0.34172467460062167,-0.31693663659725785,False,-0.21519446782476256,-0.2561013217304913,-0.2417614760307234,-0.2618522587637875,False,False,-0.2465551704953185,False,-0.21762434574504017,-0.18300464167963865,True,0
-1.1405147842865324,1.2968205957563737,-1.16575426932423,-0.6778258063002559,-0.8869821500521127,-1.5403321123435878,-0.36744115910358305,0.6778258063002567,-0.6986232785341385,-0.602054320728421,-0.6387394943601693,-0.6199395994607315,-0.3670174951250245,-0.2061916332330533,-0.2902757020437465,-0.2496594146342877,-0.34172467460062167,-0.31693663659725785,True,-0.21519446782476256,-0.2561013217304913,-0.2417614760307234,3.0053044061002376,False,False,-0.2465551704953185,False,-0.21762434574504017,-0.18300464167963865,False,0
-0.631164167757177,2.207001091505511,-0.2368669112630088,-0.6778258063002559,-0.39454382027297413,-0.003103208181818585,0.8710275467420793,0.6778258063002567,-0.5613472383988798,-0.8733266257560728,-1.0325604844298566,-1.1348475355611043,-0.3670174951250245,-0.2061916332330533,-0.2902757020437465,-0.2496594146342877,-0.34172467460062167,-0.31693663659725785,False,-0.21519446782476256,-0.2561013217304913,-0.2417614760307234,-0.2618522587637875,True,False,-0.2465551704953185,False,-0.21762434574504017,-0.18300464167963865,False,0
0.7950175585250179,0.06591932384123146,-0.3503012577985121,-0.7194150364301992,-0.4741761146557789,-0.13822262960386475,-0.21975302103901892,0.7194150364302,-0.5863617591467832,0.15956114017985457,0.29211011853181884,0.40943814967596037,-0.3670174951250245,-0.2061916332330533,-0.2902757020437465,-0.2496594146342877,-0.34172467460062167,-0.31693663659725785,False,-0.21519446782476256,-0.2561013217304913,-0.2417614760307234,3.909016209305879,True,False,-0.2465551704953185,False,-0.21762434574504017,-0.18300464167963865,False,0
0.38753706530153365,0.027513591327423495,-0.4513617040907463,-0.7194150364301992,-0.5405528962930781,-0.26688391760494107,-0.2781225497497131,0.7194150364302,-0.6045228191971833,-0.6536298581863779,-0.710343310736476,-0.7094198331749116,-0.3670174951250245,-0.2061916332330533,-0.2902757020437465,-0.2496594146342877,-0.34172467460062167,-0.31693663659725785,False,-0.21519446782476256,-0.2561013217304913,-0.2417614760307234,-0.2618522587637875,True,False,-0.2465551704953185,False,-0.21762434574504017,-0.18300464167963865,False,0
0.08192669538392044,-0.5649332418658685,-0.43444675412813727,-0.7610042665601426,-0.5297431050234462,-0.24475919993240233,-0.49632714649571813,0.7610042665601434,-0.6040019750983061,-0.4687340600664694,-0.4597299534194023,-0.4034899331809136,-0.3670174951250245,-0.2061916332330533,-0.2902757020437465,-0.2496594146342877,-0.34172467460062167,-0.31693663659725785,True,-0.21519446782476256,-0.2561013217304913,-0.2417614760307234,-0.2618522587637875,False,False,-0.2465551704953185,False,-0.21762434574504017,4.081643997614116,False,0
1.5081084216661154,-0.34197868513093715,-0.3493212339397087,-0.8025934966900861,-0.4735113546603082,-0.13701493245781124,-0.392056100094259,0.8025934966900868,-0.5915158761330599,-0.602054320728421,-0.6387394943601693,-0.6199395994607315,-0.3670174951250245,-0.2061916332330533,-0.2902757020437465,-0.2496594146342877,-0.34172467460062167,-0.31693663659725785,False,-0.21519446782476256,-0.2561013217304913,-0.2417614760307234,-0.2618522587637875,True,False,-0.2465551704953185,False,-0.21762434574504017,-0.18300464167963865,False,0
1.100627928442631,0.0010730051837628933,-0.12244788155947924,-0.8025934966900861,-0.3087252892159009,0.12445708084644991,-0.14557507830251168,0.8025934966900868,-0.5480397119334502,-0.6536298581863779,-0.710343310736476,-0.7094198331749116,-0.3670174951250245,-0.2061916332330533,-0.2902757020437465,-0.2496594146342877,-0.34172467460062167,-0.31693663659725785,False,-0.21519446782476256,-0.2561013217304913,-0.2417614760307234,-0.2618522587637875,True,False,-0.2465551704953185,False,-0.21762434574504017,-0.18300464167963865,False,0
-1.6498654008158877,0.28409654425365616,-0.8535414366445948,-0.9273611870799163,-0.7620469580675279,-0.8821896012979212,-0.36744115910358305,0.927361187079917,-0.6710962795740013,1.16903962091035,1.2945635478001136,1.310723085795716,-0.3670174951250245,-0.2061916332330533,-0.2902757020437465,-0.2496594146342877,-0.34172467460062167,-0.31693663659725785,True,-0.21519446782476256,-0.2561013217304913,-0.2417614760307234,-0.2618522587637875,False,False,-0.2465551704953185,False,-0.21762434574504017,7.433364157090449,False,0
0.6931474352191468,3.66673219273746,-1.0968872945048205,-0.9273611870799163,-0.862956533200884,-1.375236002708688,-0.04066516524899557,0.927361187079917,-0.6963659238878014,-0.5758910019694089,-0.6029375861720159,-0.5758366270581611,-0.3670174951250245,-0.2061916332330533,-0.2902757020437465,-0.2496594146342877,-0.34172467460062167,-0.31693663659725785,False,-0.21519446782476256,-0.2561013217304913,-0.2417614760307234,-0.2618522587637875,False,False,-0.2465551704953185,False,-0.21762434574504017,-0.18300464167963865,False,0
-0.631164167757177,1.3403661302433247,-0.7014350665146156,-0.9689504172098596,-0.6862940839567985,-0.6265413368679105,-0.03126808457740217,0.9689504172098604,-0.6535173686663355,0.8605878629093653,1.0081482822948866,1.070523754144917,-0.3670174951250245,-0.2061916332330533,3.0202765728550793,-0.2496594146342877,-0.34172467460062167,-0.31693663659725785,False,-0.21519446782476256,3.1415159174540306,-0.2417614760307234,-0.2618522587637875,False,False,-0.2465551704953185,False,-0.21762434574504017,-0.18300464167963865,False,0
-0.019943427921950616,-0.7887303884460747,-0.9853095560357328,-0.9689504172098596,-0.8197868206591965,-1.133882829278937,-0.5818103184386453,0.9689504172098604,-0.6863892945562154,-0.7042039288975783,-0.7819471271127828,-0.8006546926294275,4.780873320441908,-0.2061916332330533,-0.2902757020437465,-0.2496594146342877,-0.34172467460062167,-0.31693663659725785,False,-0.21519446782476256,-0.2561013217304913,-0.2417614760307234,-0.2618522587637875,True,False,-0.2465551704953185,False,-0.21762434574504017,-0.18300464167963865,False,0
-0.7330342910630481,2.07907662459379,-1.1016787738373433,-1.0105396473398032,-0.8646928466218895,-1.386288284805354,-0.23738548283704114,1.0105396473398038,-0.6980724381279017,-0.15339721818153415,-0.06590896334971505,0.03997201175105678,-0.3670174951250245,-0.2061916332330533,-0.2902757020437465,5.960723480314578,-0.34172467460062167,-0.31693663659725785,True,-0.21519446782476256,-0.2561013217304913,-0.2417614760307234,-0.2618522587637875,False,False,-0.2465551704953185,False,-0.21762434574504017,-0.18300464167963865,False,0
1.2024980517485022,0.35072216455600186,-0.886285231817323,-1.0521288774697466,-0.7770784713979476,-0.9418152306730806,-0.36744115910358305,1.0521288774697473,-0.677798874087359,-0.5758910019694089,-0.6029375861720159,-0.5758366270581611,-0.3670174951250245,-0.2061916332330533,-0.2902757020437465,-0.2496594146342877,-0.34172467460062167,-0.31693663659725785,False,-0.21519446782476256,-0.2561013217304913,-0.2417614760307234,-0.2618522587637875,False,False,-0.2465551704953185,False,-0.21762434574504017,-0.18300464167963865,False,0
-0.22368367453369276,0.759259117218379,-1.0384322888032584,-1.0937181075996898,-0.8409946488729075,-1.2451381196413998,-0.36744115910358305,1.0937181075996907,-0.6937057236618498,0.4279542283105815,0.5785253840370459,0.6852420646648492,-0.3670174951250245,-0.2061916332330533,-0.2902757020437465,-0.2496594146342877,-0.34172467460062167,-0.31693663659725785,True,-0.21519446782476256,-0.2561013217304913,-0.2417614760307234,-0.2618522587637875,False,False,-0.2465551704953185,False,-0.21762434574504017,-0.18300464167963865,False,0
0.7950175585250179,0.13645048193069076,0.06548081853992965,-1.0937181075996898,-0.15579576398921752,0.31764902712476834,0.03903147050328603,1.0937181075996907,-0.5330134998206416,-0.4413189078740118,-0.42392804523124894,-0.36138259827485913,-0.3670174951250245,-0.2061916332330533,-0.2902757020437465,-0.2496594146342877,-0.34172467460062167,-0.31693663659725785,False,-0.21519446782476256,-0.2561013217304913,-0.2417614760307234,-0.2618522587637875,True,False,-0.2465551704953185,False,-0.21762434574504017,-0.18300464167963865,False,0
1.100627928442631,-0.5809259469706192,0.05159761862095109,-1.1353073377296332,-0.16760269525205548,0.30400335676716855,-0.4434599673327593,1.135307337729634,-0.5389044100533376,-0.1833160372408829,-0.10171087153786844,0.0013591034093940301,-0.3670174951250245,-0.2061916332330533,-0.2902757020437465,-0.2496594146342877,-0.34172467460062167,-0.31693663659725785,False,-0.21519446782476256,-0.2561013217304913,-0.2417614760307234,-0.2618522587637875,True,False,-0.2465551704953185,False,-0.21762434574504017,-0.18300464167963865,False,0
-0.3255537978395638,1.318282230450134,-1.1698003135158384,-1.1768965678595766,-0.8883315136250084,-1.550472870615231,-0.36744115910358305,1.1768965678595775,-0.7057542217711156,-0.5494773165237077,-0.5671356779838624,-0.5321477731865749,-0.3670174951250245,-0.2061916332330533,-0.2902757020437465,-0.2496594146342877,2.93601564487103,-0.31693663659725785,False,-0.21519446782476256,-0.2561013217304913,-0.2417614760307234,-0.2618522587637875,False,False,4.3236051508464675,False,-0.21762434574504017,-0.18300464167963865,False,0
-0.019943427921950616,-0.7823336003178057,-1.0998685626852818,-1.2600750281194635,-0.864038008417396,-1.382105511796392,-0.5811095679258365,1.2600750281194641,-0.701287623717178,-0.6790420768853226,-0.7461452189246294,-0.7548136444682138,3.184755619049475,-0.2061916332330533,-0.2902757020437465,-0.2496594146342877,3.363051386970768,-0.31693663659725785,False,-0.21519446782476256,-0.2561013217304913,-0.2417614760307234,-0.2618522587637875,False,False,-0.2465551704953185,False,-0.21762434574504017,-0.18300464167963865,False,0
-0.5292940444513059,-0.6140609288279341,-0.5220415280254506,-1.2600750281194635,-0.5844171342031679,-0.36210050203519195,-0.5224841496333382,1.2600750281194641,-0.6396261997986504,0.09496653501406392,0.22050630215551206,0.3378547569556542,-0.3670174951250245,-0.2061916332330533,-0.2902757020437465,-0.2496594146342877,-0.34172467460062167,-0.31693663659725785,False,-0.21519446782476256,-0.2561013217304913,-0.2417614760307234,-0.2618522587637875,False,False,-0.2465551704953185,False,-0.21762434574504017,-0.18300464167963865,False,0
1.100627928442631,-0.7847652361448461,-1.152642675721521,-1.2600750281194635,-0.8825619921717812,-1.5078218499431597,-0.581489553557743,1.2600750281194641,-0.7053724947703455,-0.9420522812522337,-1.1399662089943168,-1.285763319157662,-0.3670174951250245,-0.2061916332330533,-0.2902757020437465,-0.2496594146342877,-0.34172467460062167,-0.31693663659725785,False,-0.21519446782476256,-0.2561013217304913,-0.2417614760307234,3.909016209305879,False,False,-0.2465551704953185,False,-0.21762434574504017,-0.18300464167963865,False,0
1.3043681750543732,0.4536727149354108,-0.931611553738037,-1.4264319486392372,-0.797140332753795,-1.0274285755776649,-0.36744115910358305,1.4264319486392378,-0.6892989985062218,-1.154863964937978,-1.4979852908758506,-1.8274007512254888,-0.3670174951250245,-0.2061916332330533,-0.2902757020437465,-0.2496594146342877,-0.34172467460062167,-0.31693663659725785,False,-0.21519446782476256,-0.2561013217304913,-0.2417614760307234,-0.2618522587637875,False,False,-0.2465551704953185,False,-0.21762434574504017,-0.18300464167963865,False,0
0.99875780513676,-0.12141897288333603,-0.5581725192601512,-1.4680211787691806,-0.6060267949514545,-0.4125996149505295,-0.36744115910358305,1.4680211787691813,-0.6507245966852667,-0.413653388994865,-0.38812613704309556,-0.3196529127137438,1.2218073531233484,-0.2061916332330533,-0.2902757020437465,-0.2496594146342877,1.3155434206866086,-0.31693663659725785,False,-0.21519446782476256,-0.2561013217304913,-0.2417614760307234,2.3079052138248928,False,False,-0.2465551704953185,False,-0.21762434574504017,-0.18300464167963865,False,0
1.2024980517485022,1.3177243784497745,-1.1696959273412106,-1.4680211787691806,-0.8882967873565882,-1.550210590727945,-0.36744115910358305,1.4680211787691813,-0.7086475874816632,-0.9193940961068692,-1.1041643008061632,-1.2349122255551288,-0.3670174951250245,-0.2061916332330533,-0.2902757020437465,-0.2496594146342877,-0.34172467460062167,-0.31693663659725785,False,-0.21519446782476256,-0.2561013217304913,-0.2417614760307234,-0.2618522587637875,False,False,-0.2465551704953185,False,-0.21762434574504017,-0.18300464167963865,False,0
-0.7330342910630481,0.14837805355644335,-0.7763657054883661,-1.509610408899124,-0.7248303201121452,-0.7483653284166158,-0.36744115910358305,1.5096104088991247,-0.675932131858837,-0.3575712511765041,-0.31652232066678876,-0.2372998114910998,-0.3670174951250245,-0.2061916332330533,-0.2902757020437465,-0.2496594146342877,2.0145536773095376,-0.31693663659725785,False,-0.21519446782476256,-0.2561013217304913,-0.2417614760307234,-0.2618522587637875,False,False,3.038808763299243,False,-0.21762434574504017,-0.18300464167963865,False,0
-0.019943427921950616,0.17077723306448614,-1.0554920690714134,-1.5927888691590109,-0.84755295270882,-1.282232597226711,-0.45383915180586554,1.5927888691590115,-0.7016988238595092,0.12713865425361467,0.25630821034366547,0.3737841150440583,-0.3670174951250245,-0.2061916332330533,-0.2902757020437465,-0.2496594146342877,-0.34172467460062167,-0.31693663659725785,False,-0.21519446782476256,-0.2561013217304913,-0.2417614760307234,-0.2618522587637875,False,False,-0.2465551704953185,False,-0.21762434574504017,7.433364157090449,False,0
-0.019943427921950616,-0.05960002401644665,-0.6186938065281795,-1.634378099288954,-0.6409911863550184,-0.5001804414596852,-0.36744115910358305,1.6343780992889547,-0.661988300872237,-0.8964855442748155,-1.06836239261801,-1.184610884272229,-0.3670174951250245,-0.2061916332330533,-0.2902757020437465,-0.2496594146342877,-0.34172467460062167,-0.31693663659725785,True,-0.21519446782476256,-0.2561013217304913,-0.2417614760307234,-0.2618522587637875,False,False,-0.2465551704953185,False,-0.21762434574504017,-0.18300464167963865,False,0
1.2024980517485022,-0.7670913576692808,-0.6618350209131956,-1.634378099288954,-0.6649721551468498,-0.5650594823656826,-0.5756111461609705,1.6343780992889547,-0.6666502968514246,-0.5758910019694089,-0.6029375861720159,-0.5758366270581611,-0.3670174951250245,-0.2061916332330533,-0.2902757020437465,-0.2496594146342877,-0.34172467460062167,-0.31693663659725785,False,-0.21519446782476256,-0.2561013217304913,-0.2417614760307234,-0.2618522587637875,False,False,-0.2465551704953185,False,-0.21762434574504017,-0.18300464167963865,True,0
-0.019943427921950616,1.2027018064885733,-1.147245644429717,-1.8423242499386712,-0.8807214999455153,-1.4945932028903683,-0.36744115910358305,1.8423242499386718,-0.710259189272882,-0.4413189078740118,-0.42392804523124894,-0.36138259827485913,-0.3670174951250245,-0.2061916332330533,-0.2902757020437465,-0.2496594146342877,-0.34172467460062167,-0.31693663659725785,False,-0.21519446782476256,-0.2561013217304913,-0.2417614760307234,2.7062679039383175,False,False,-0.2465551704953185,False,-0.21762434574504017,-0.18300464167963865,False,0
1.7118486682778575,1.933041171897003,-0.5143387690829043,-2.0918596307183317,-0.57973900975743,-0.35149892420250567,0.34701628229271464,2.091859630718332,-0.6608918907782345,-4.762258445368473e-05,0.1131005775910519,0.22837138206155058,-0.3670174951250245,-0.2061916332330533,-0.2902757020437465,-0.2496594146342877,-0.34172467460062167,-0.31693663659725785,False,-0.21519446782476256,-0.2561013217304913,-0.2417614760307234,-0.2618522587637875,False,False,-0.2465551704953185,False,-0.21762434574504017,-0.18300464167963865,False,0
0.7950175585250179,1.027806152741358,-1.1091104876903946,-2.3829842416279354,-0.8673667692902381,-1.4035534755688353,-0.36744115910358305,2.382984241627936,-0.7116630234851656,-1.324988128543229,-1.8202024645692312,-2.375425046000783,-0.3670174951250245,-0.2061916332330533,-0.2902757020437465,-0.2496594146342877,-0.34172467460062167,-0.31693663659725785,False,-0.21519446782476256,-0.2561013217304913,-0.2417614760307234,-0.2618522587637875,False,False,-0.2465551704953185,False,7.061975595484174,-0.18300464167963865,False,0
-0.631164167757177,0.13293994621764677,-0.7665246462706042,1.1936895495471973,-0.719904150891978,-0.7319320901006969,-0.36744115910358305,-1.1936895495471962,-0.18213158150927952,0.03137339659502974,0.14890248577920528,0.2651528285603192,-0.3670174951250245,-0.2061916332330533,-0.2902757020437465,-0.2496594146342877,-0.34172467460062167,-0.31693663659725785,False,-0.21519446782476256,-0.2561013217304913,-0.2417614760307234,-0.2618522587637875,False,False,-0.2465551704953185,False,-0.21762434574504017,-0.18300464167963865,False,0
-0.8349044143689192,-0.20684301799532026,-0.1382284774058755,1.1521003194172539,-0.3208894049539172,0.10734434516769101,-0.26570738747390393,-1.152100319417253,0.41140932321413226,-0.6536298581863779,-0.710343310736476,-0.7094198331749116,-0.3670174951250245,-0.2061916332330533,-0.2902757020437465,-0.2496594146342877,-0.34172467460062167,-0.31693663659725785,False,-0.21519446782476256,-0.2561013217304913,-0.2417614760307234,-0.2618522587637875,False,False,-0.2465551704953185,False,-0.21762434574504017,-0.18300464167963865,False,0
0.38753706530153365,0.02618356323499424,1.6433080117048398,1.1936895495471973,1.7154044053510595,1.4603751088727548,1.150748045162973,-1.1936895495471962,4.315488533861408,1.2888400804910896,1.4019692723645738,1.3976943797069663,-0.3670174951250245,-0.2061916332330533,-0.2902757020437465,-0.2496594146342877,-0.34172467460062167,-0.31693663659725785,False,-0.21519446782476256,-0.2561013217304913,-0.2417614760307234,-0.2618522587637875,True,False,-0.2465551704953185,False,-0.21762434574504017,-0.18300464167963865,False,0
0.6931474352191468,-0.7306581934870824,-1.1219197228018678,1.1105110892873105,-0.8719208713487613,-1.433669050954439,-0.5752434424507301,-1.1105110892873096,-0.5174230267133139,0.06304478246120228,0.18470439396735866,0.3016457901563818,-0.3670174951250245,-0.2061916332330533,-0.2902757020437465,-0.2496594146342877,-0.34172467460062167,-0.31693663659725785,False,-0.21519446782476256,-0.2561013217304913,-0.2417614760307234,-0.2618522587637875,False,True,-0.2465551704953185,False,-0.21762434574504017,-0.18300464167963865,False,0
1.3043681750543732,-0.5947305872381367,-0.4621731115321322,1.1105110892873105,-0.5473989320673287,-0.2811556338591821,-0.5103315407938608,-1.1105110892873096,-0.03795149584727141,-0.413653388994865,-0.38812613704309556,-0.3196529127137438,-0.3670174951250245,-0.2061916332330533,2.499892870187502,-0.2496594146342877,-0.34172467460062167,-0.31693663659725785,False,-0.21519446782476256,-0.2561013217304913,-0.2417614760307234,-0.2618522587637875,True,False,-0.2465551704953185,False,-0.21762434574504017,-0.18300464167963865,False,0
-1.1405147842865324,0.40308452340859774,-0.9100718186390013,1.1936895495471973,-0.787714631325479,-0.9862826642804662,-0.36744115910358305,-1.1936895495471962,-0.3073665461090703,0.39352880889082875,0.5427234758488926,0.651647487298748,-0.3670174951250245,-0.2061916332330533,3.5586662312536044,-0.2496594146342877,-0.34172467460062167,-0.31693663659725785,False,-0.21519446782476256,-0.2561013217304913,-0.2417614760307234,-0.2618522587637875,True,False,-0.2465551704953185,False,-0.21762434574504017,-0.18300464167963865,False,0
-1.9554757707335009,-0.004102394980022503,-0.42749177852378767,1.1105110892873105,-0.5252634163972518,-0.23573324172411203,-0.2805398751399926,-1.1105110892873096,-0.005246928604941155,-0.6790420768853226,-0.7461452189246294,-0.7548136444682138,-0.3670174951250245,-0.2061916332330533,-0.2902757020437465,-0.2496594146342877,1.8783580431469427,-0.31693663659725785,False,-0.21519446782476256,-0.2561013217304913,-0.2417614760307234,-0.2618522587637875,False,False,-0.2465551704953185,False,-0.21762434574504017,-0.18300464167963865,False,0
-0.9367745376747901,-0.16564670567170756,-0.7092928264311962,1.1936895495471973,-0.6904463534807461,-0.6389710310953958,-0.42255500574725346,-1.1936895495471962,-0.1277278050959678,-0.7781872848142106,-0.889352851677243,-0.9409516155838652,-0.3670174951250245,-0.2061916332330533,-0.2902757020437465,-0.2496594146342877,-0.34172467460062167,-0.31693663659725785,False,-0.21519446782476256,-0.2561013217304913,-0.2417614760307234,-0.2618522587637875,False,False,-0.2465551704953185,False,-0.21762434574504017,-0.18300464167963865,False,0
-0.22368367453369276,0.26398191383877134,-0.8430512018372891,1.0273326290274238,-0.7571356715338263,-0.8634602109613336,-0.36744115910358305,-1.0273326290274227,-0.4124573932045273,0.4279542283105815,0.5785253840370459,0.6852420646648492,1.6654810884295397,-0.2061916332330533,-0.2902757020437465,-0.2496594146342877,-0.34172467460062167,-0.31693663659725785,False,-0.21519446782476256,-0.2561013217304913,-0.2417614760307234,-0.2618522587637875,False,False,-0.2465551704953185,False,3.643839939957664,-0.18300464167963865,False,0
0.38753706530153365,-0.7161233373967217,-1.0411723445020578,1.0273326290274238,-0.8420562805074653,-1.2510494700751886,-0.5718494002800251,-1.0273326290274227,-0.5170137920641961,-0.7781872848142106,-0.889352851677243,-0.9409516155838652,-0.3670174951250245,-0.2061916332330533,-0.2902757020437465,-0.2496594146342877,-0.34172467460062167,-0.31693663659725785,False,-0.21519446782476256,-0.2561013217304913,-0.2417614760307234,-0.2618522587637875,False,False,-0.2465551704953185,False,-0.21762434574504017,-0.18300464167963865,False,0
-1.2423849075924034,1.3708509857472928,1.703778626226591,1.1105110892873105,1.8079995196455432,1.49338647522738,4.158120944595472,-1.1105110892873096,3.442079789380821,0.3593537561577651,0.5069215676607391,0.6178085835875454,-0.3670174951250245,-0.2061916332330533,-0.2902757020437465,-0.2496594146342877,-0.34172467460062167,-0.31693663659725785,False,-0.21519446782476256,-0.2561013217304913,-0.2417614760307234,-0.2618522587637875,False,False,2.8206115629490327,True,-0.21762434574504017,-0.18300464167963865,False,0
0.6931474352191468,-0.015192376349412468,1.257010192121018,1.1105110892873105,1.1602653174916648,1.2354381999696056,0.729066310666328,-1.1105110892873096,2.485071735661281,-0.3575712511765041,-0.31652232066678876,-0.2372998114910998,1.8556342108220965,-0.2061916332330533,-0.2902757020437465,-0.2496594146342877,-0.34172467460062167,-0.31693663659725785,False,-0.21519446782476256,-0.2561013217304913,-0.2417614760307234,-0.2618522587637875,False,False,-0.2465551704953185,True,4.005104393903592,-0.18300464167963865,False,0
-0.7330342910630481,0.20227414285271558,-0.7868012926450516,1.1105110892873105,-0.7300094950022304,-0.7659414166671517,-0.3591096506595588,-1.1105110892873096,-0.30775318123278905,0.29175475075170515,0.4353177512844324,0.5493833981846884,-0.3670174951250245,-0.2061916332330533,-0.2902757020437465,2.8651966769832744,-0.34172467460062167,-0.31693663659725785,False,-0.21519446782476256,-0.2561013217304913,-0.2417614760307234,-0.2618522587637875,False,False,-0.2465551704953185,True,-0.21762434574504017,-0.18300464167963865,False,0
0.1837968186897915,0.003761449727810443,0.6431113502798318,1.0273326290274238,0.40746430978499454,0.8154032772242806,0.29722776744064594,-1.0273326290274227,1.0214275215460515,0.5681595728564837,0.7217330167896595,0.8172460599760287,-0.3670174951250245,-0.2061916332330533,-0.2902757020437465,-0.2496594146342877,-0.34172467460062167,-0.31693663659725785,False,-0.21519446782476256,1.99339844340086,-0.2417614760307234,-0.2618522587637875,False,False,-0.2465551704953185,True,-0.21762434574504017,6.220691251893371,False,0
0.08192669538392044,6.90161411220236,0.4670924176805883,1.1521003194172539,0.22092471762313157,0.676511293151805,6.818417317217997,-1.152100319417253,1.3008696351085474,-0.21298448961354258,-0.13751277972602183,-0.037576929259752624,-0.3670174951250245,-0.2061916332330533,1.7621115300109458,-0.2496594146342877,-0.34172467460062167,-0.31693663659725785,False,-0.21519446782476256,-0.2561013217304913,-0.2417614760307234,1.9858721920344875,False,False,3.79576389139336,True,-0.21762434574504017,-0.18300464167963865,False,0
0.1837968186897915,2.091503390165582,0.5749421082714082,1.0689218591573673,0.33367098939225714,0.7627606705158968,2.442834367745718,-1.0689218591573661,1.0820403370997091,-0.5228132643913174,-0.5313337697957091,-0.48886533314690633,-0.3670174951250245,-0.2061916332330533,-0.2902757020437465,-0.2496594146342877,-0.34172467460062167,-0.31693663659725785,True,-0.21519446782476256,-0.2561013217304913,-0.2417614760307234,-0.2618522587637875,False,False,-0.2465551704953185,False,-0.21762434574504017,-0.18300464167963865,False,0
0.28566694199566256,-0.3916410367505706,0.9972595128201561,1.0273326290274238,0.822353921286535,1.068436991772675,-0.011941775537151056,-1.0273326290274227,1.532250091322417,-0.12322803243549628,-0.03010705516156166,0.07826711477503,-0.3670174951250245,-0.2061916332330533,-0.2902757020437465,-0.2496594146342877,-0.34172467460062167,-0.31693663659725785,False,-0.21519446782476256,6.085445465665127,-0.2417614760307234,-0.2618522587637875,True,False,-0.2465551704953185,False,-0.21762434574504017,-0.18300464167963865,False,0
0.28566694199566256,0.610048763421998,0.45546599958528816,1.0273326290274238,0.2090632165099191,0.6669854185074022,0.7526782321077031,-1.0273326290274227,0.7771510839017746,0.25833079807870885,0.399515843096279,0.5147897165090117,-0.3670174951250245,-0.2061916332330533,2.8463419962288308,-0.2496594146342877,-0.34172467460062167,-0.31693663659725785,False,-0.21519446782476256,-0.2561013217304913,-0.2417614760307234,-0.2618522587637875,True,False,-0.2465551704953185,False,-0.21762434574504017,-0.18300464167963865,False,0
1.3043681750543732,-0.7208745090026525,-0.8806606402342895,0.9857433988974803,-0.7745285711168137,-0.9314446161107914,-0.5688417157481108,-0.9857433988974793,-0.45708088436406713,0.4975561672101544,0.6501292004133528,0.7517121772927726,-0.3670174951250245,-0.2061916332330533,-0.2902757020437465,-0.2496594146342877,1.4258476265340463,-0.31693663659725785,False,-0.21519446782476256,-0.2561013217304913,-0.2417614760307234,-0.2618522587637875,False,True,2.2179746605471187,False,-0.21762434574504017,-0.18300464167963865,False,0
0.896887681830889,-0.37495777843267114,0.23325260125907762,1.0689218591573673,-0.006691089184234981,0.47552904445427197,-0.2554745645940397,-1.0689218591573661,0.6248813676345198,-0.6536298581863779,-0.710343310736476,-0.7094198331749116,-0.3670174951250245,-0.2061916332330533,-0.2902757020437465,-0.2496594146342877,-0.34172467460062167,-0.31693663659725785,False,-0.21519446782476256,-0.2561013217304913,-0.2417614760307234,-0.2618522587637875,False,True,3.757623694958713,False,-0.21762434574504017,-0.18300464167963865,False,0
-0.22368367453369276,0.4742416855892524,-0.4698115080454666,0.9441541687675369,-0.5522060397957699,-0.2913010638306932,-0.12359263953764346,-0.9441541687675359,-0.24234928215941773,-0.7537765328620223,-0.8535509434890896,-0.8937143697372181,-0.3670174951250245,-0.2061916332330533,2.231112211274959,2.3299456046115776,-0.34172467460062167,-0.31693663659725785,False,-0.21519446782476256,-0.2561013217304913,-0.2417614760307234,-0.2618522587637875,False,False,-0.2465551704953185,False,-0.21762434574504017,-0.18300464167963865,False,0
-0.019943427921950616,0.810640542436276,1.1535900743023018,0.9857433988974803,1.0223176966405154,1.1706214815756568,1.9538502683454495,-0.9857433988974793,1.5850629739103412,0.15956114017985457,0.29211011853181884,0.40943814967596037,-0.3670174951250245,-0.2061916332330533,-0.2902757020437465,-0.2496594146342877,-0.34172467460062167,-0.31693663659725785,False,-0.21519446782476256,-0.2561013217304913,-0.2417614760307234,-0.2618522587637875,False,False,-0.2465551704953185,True,-0.21762434574504017,-0.18300464167963865,False,0
-0.019943427921950616,0.17882983931555838,-0.795083656843895,0.9025649386375936,-0.7340873510938494,-0.7800026893980146,-0.36744115910358305,-0.9025649386375925,-0.45438134521369855,-0.3857375034290291,-0.35232422885494213,-0.2782941625976166,-0.3670174951250245,-0.2061916332330533,-0.2902757020437465,-0.2496594146342877,-0.34172467460062167,-0.31693663659725785,False,-0.21519446782476256,-0.2561013217304913,-0.2417614760307234,-0.2618522587637875,False,False,-0.2465551704953185,False,-0.21762434574504017,-0.18300464167963865,False,0
-0.631164167757177,-0.7226975110222604,0.15874017478273258,0.8609757085076502,-0.0743775472305213,0.4069565020802879,-0.5322109086992807,-0.8609757085076492,0.13723177927330948,-0.6790420768853226,-0.7461452189246294,-0.7548136444682138,-0.3670174951250245,-0.2061916332330533,-0.2902757020437465,-0.2496594146342877,-0.34172467460062167,-0.31693663659725785,False,-0.21519446782476256,-0.2561013217304913,-0.2417614760307234,-0.2618522587637875,True,False,-0.2465551704953185,False,-0.21762434574504017,-0.18300464167963865,False,0
-1.1405147842865324,-0.2227086088456735,0.35829640292825254,0.9025649386375936,0.11215708403585307,0.5855295594272636,-0.08351646161379829,-0.9025649386375925,0.3791526744932243,-0.4687340600664694,-0.4597299534194023,-0.4034899331809136,1.816469664216296,-0.2061916332330533,-0.2902757020437465,-0.2496594146342877,-0.34172467460062167,-0.31693663659725785,False,-0.21519446782476256,-0.2561013217304913,-0.2417614760307234,-0.2618522587637875,True,False,-0.2465551704953185,False,-0.21762434574504017,-0.18300464167963865,False,0
0.08192669538392044,-0.04092956212956323,-0.5786880128454398,0.8193864783777067,-0.6180520056157903,-0.4418564532408771,-0.3486190411882075,-0.8193864783777057,-0.38661812344104884,-0.8499173405506408,-0.9967585762417032,-1.085610793013382,-0.3670174951250245,-0.2061916332330533,-0.2902757020437465,-0.2496594146342877,-0.34172467460062167,1.028075266392517,True,-0.21519446782476256,-0.2561013217304913,-0.2417614760307234,-0.2618522587637875,False,False,3.667409450440014,False,-0.21762434574504017,-0.18300464167963865,False,0
0.896887681830889,1.2446165285970543,0.8461877934946859,1.1521003194172539,0.638904967014062,0.964420311037604,2.035850664273713,-1.152100319417253,1.9870400900621168,0.3593537561577651,0.5069215676607391,0.6178085835875454,4.780873320441908,-0.2061916332330533,-0.2902757020437465,-0.2496594146342877,-0.34172467460062167,-0.31693663659725785,False,-0.21519446782476256,-0.2561013217304913,-0.2417614760307234,-0.2618522587637875,False,False,-0.2465551704953185,True,-0.21762434574504017,-0.18300464167963865,False,0
0.08192669538392044,0.944960512709838,0.750191841307167,0.8193864783777067,0.5273344274757316,0.8953721057270365,1.500238966726474,-0.8193864783777057,0.6088374357398717,-0.4413189078740118,-0.42392804523124894,-0.36138259827485913,-0.3670174951250245,-0.2061916332330533,-0.2902757020437465,-0.2496594146342877,-0.34172467460062167,-0.31693663659725785,False,-0.21519446782476256,-0.2561013217304913,-0.2417614760307234,-0.2618522587637875,False,False,-0.2465551704953185,False,-0.21762434574504017,-0.18300464167963865,False,0
-1.4461251542041456,-0.7080184812171145,-1.0071052896212622,0.8193864783777067,-0.8286320973153478,-1.1787772770340872,-0.5698717190441219,-0.8193864783777057,-0.5696333197790716,-0.21298448961354258,-0.13751277972602183,-0.037576929259752624,-0.3670174951250245,-0.2061916332330533,-0.2902757020437465,-0.2496594146342877,-0.34172467460062167,-0.31693663659725785,False,-0.21519446782476256,-0.2561013217304913,-0.2417614760307234,-0.2618522587637875,False,True,-0.2465551704953185,False,-0.21762434574504017,-0.18300464167963865,False,0
-0.7330342910630481,0.7964228622155637,1.4745077716414334,0.8193864783777067,1.4650875407879171,1.3652068582346157,2.4763596483401327,-0.8193864783777057,1.423838838599373,-0.8262576886585199,-0.9609566680535497,-1.0368896279222006,-0.3670174951250245,-0.2061916332330533,-0.2902757020437465,-0.2496594146342877,-0.34172467460062167,-0.31693663659725785,True,-0.21519446782476256,-0.2561013217304913,4.270437121932335,-0.2618522587637875,False,False,-0.2465551704953185,False,5.072561778353882,-0.18300464167963865,False,0
-0.7330342910630481,-0.43994027668493185,0.7658026677201001,0.8609757085076502,0.5452134948166005,0.9067656879823289,-0.1563467856958789,-0.8609757085076492,0.7093738856340848,-0.7042039288975783,-0.7819471271127828,-0.8006546926294275,-0.3670174951250245,-0.2061916332330533,-0.2902757020437465,3.0788364798251355,-0.34172467460062167,-0.31693663659725785,False,-0.21519446782476256,-0.2561013217304913,-0.2417614760307234,-0.2618522587637875,False,True,-0.2465551704953185,False,-0.21762434574504017,-0.18300464167963865,False,0
-1.3442550308982744,-0.500881614886128,1.5532283975490386,0.8193864783777067,1.5803291429878021,1.410157830722835,0.0024318425110422094,-0.8193864783777057,1.5239953362183953,-0.2424025752995131,-0.1733146879141752,-0.07684153992782201,-0.3670174951250245,-0.2061916332330533,-0.2902757020437465,-0.2496594146342877,-0.34172467460062167,-0.31693663659725785,False,-0.21519446782476256,-0.2561013217304913,-0.2417614760307234,-0.2618522587637875,False,False,-0.2465551704953185,True,-0.21762434574504017,-0.18300464167963865,False,0
-0.019943427921950616,0.08270652817790954,-0.7327171423969208,0.7777972482477633,-0.7026699999646254,-0.6764936285686101,-0.36744115910358305,-0.7777972482477623,-0.47546120522914953,-0.3575712511765041,-0.31652232066678876,-0.2372998114910998,1.9174178798710537,-0.2061916332330533,-0.2902757020437465,3.2019748532279437,-0.34172467460062167,-0.31693663659725785,False,-0.21519446782476256,-0.2561013217304913,-0.2417614760307234,-0.2618522587637875,False,False,-0.2465551704953185,False,-0.21762434574504017,-0.18300464167963865,False,0
0.7950175585250179,-0.14411900008768616,0.9902367366865239,0.8609757085076502,0.813612823435644,1.0637206610387013,0.3372563498779549,-0.8609757085076492,0.9572189104984671,0.25833079807870885,0.399515843096279,0.5147897165090117,-0.3670174951250245,-0.2061916332330533,-0.2902757020437465,-0.2496594146342877,-0.34172467460062167,-0.31693663659725785,False,-0.21519446782476256,-0.2561013217304913,-0.2417614760307234,3.933901184529548,False,False,-0.2465551704953185,False,-0.21762434574504017,-0.18300464167963865,False,0
-0.9367745376747901,-0.718334074221309,-0.15042755890392015,0.8609757085076502,-0.3302208493679501,0.0940135063834614,-0.5433900232427301,-0.8609757085076492,-0.09901877286438943,-0.15339721818153415,-0.06590896334971505,0.03997201175105678,-0.3670174951250245,-0.2061916332330533,-0.2902757020437465,-0.2496594146342877,-0.34172467460062167,-0.31693663659725785,False,-0.21519446782476256,-0.2561013217304913,-0.2417614760307234,-0.2618522587637875,False,True,-0.2465551704953185,False,-0.21762434574504017,-0.18300464167963865,False,0
-0.631164167757177,-0.3313747029552572,1.5396650928833329,0.7777972482477633,1.560287125213909,1.4024852254759368,0.33707144007512685,-0.7777972482477623,1.3820121112574986,-0.9866175514828954,-1.2115700253706234,-1.3891637689445544,-0.3670174951250245,-0.2061916332330533,-0.2902757020437465,-0.2496594146342877,-0.34172467460062167,-0.31693663659725785,False,-0.21519446782476256,-0.2561013217304913,-0.2417614760307234,-0.2618522587637875,True,False,5.704001261827254,False,-0.21762434574504017,-0.18300464167963865,False,0
-0.019943427921950616,-0.24767451191055911,-0.4038595809936519,0.7362080181178199,-0.5098896012781196,-0.2053674709284454,-0.36744115910358305,-0.7362080181178189,-0.3392429677272119,-0.5228132643913174,-0.5313337697957091,-0.48886533314690633,-0.3670174951250245,-0.2061916332330533,-0.2902757020437465,-0.2496594146342877,-0.34172467460062167,2.962714112428773,False,-0.21519446782476256,-0.2561013217304913,-0.2417614760307234,-0.2618522587637875,False,False,-0.2465551704953185,False,-0.21762434574504017,-0.18300464167963865,False,0
-2.261086140651114,0.3421335276046532,1.7458972082347723,0.7777972482477633,1.8734039657670791,1.5160588881101538,1.9597247966006264,-0.7777972482477623,1.6390236868631267,0.09496653501406392,0.22050630215551206,0.3378547569556542,-0.3670174951250245,-0.2061916332330533,-0.2902757020437465,-0.2496594146342877,-0.34172467460062167,-0.31693663659725785,False,-0.21519446782476256,-0.2561013217304913,-0.2417614760307234,-0.2618522587637875,False,False,-0.2465551704953185,False,-0.21762434574504017,-0.18300464167963865,False,0
-2.6685666338745984,1.9678260084839079,0.6683481652063356,0.7777972482477633,0.435280050789504,0.83454292235489,2.5304182225459875,-0.7777972482477623,0.4585873594795886,0.12713865425361467,0.25630821034366547,0.3737841150440583,-0.3670174951250245,-0.2061916332330533,-0.2902757020437465,2.1360716598673313,-0.34172467460062167,-0.31693663659725785,False,3.4348180672002293,-0.2561013217304913,-0.2417614760307234,-0.2618522587637875,False,False,2.0498537771561187,True,-0.21762434574504017,3.2234035926759557,False,0
-0.019943427921950616,-0.07394711671257716,-0.9700777523017236,0.6946187879878765,-0.8134864833886905,-1.1031012762272516,-0.4675508593984795,-0.6946187879878756,-0.583337901928526,-0.602054320728421,-0.6387394943601693,-0.6199395994607315,1.3371698732687112,-0.2061916332330533,-0.2902757020437465,-0.2496594146342877,-0.34172467460062167,-0.31693663659725785,False,-0.21519446782476256,-0.2561013217304913,-0.2417614760307234,2.494491984875861,False,False,-0.2465551704953185,False,3.020094348104875,-0.18300464167963865,False,0
0.28566694199566256,-0.5532884610303453,0.3564063631130417,0.6946187879878765,0.11031163091409857,0.5839115145595215,-0.3740080958930906,-0.6946187879878756,0.09910424213218506,-0.7042039288975783,-0.7819471271127828,-0.8006546926294275,-0.3670174951250245,-0.2061916332330533,-0.2902757020437465,-0.2496594146342877,-0.34172467460062167,-0.31693663659725785,False,-0.21519446782476256,-0.2561013217304913,-0.2417614760307234,-0.2618522587637875,False,True,5.704001261827254,False,-0.21762434574504017,-0.18300464167963865,False,0
-1.3442550308982744,-0.3119888645243572,0.49112612064658323,0.6946187879878765,0.24562501626080815,0.696058941826704,-0.11231736119564321,-0.6946187879878756,0.19906499696205976,0.06304478246120228,0.18470439396735866,0.3016457901563818,2.12767961662708,-0.2061916332330533,-0.2902757020437465,-0.2496594146342877,2.26043876416356,-0.31693663659725785,True,-0.21519446782476256,-0.2561013217304913,-0.2417614760307234,-0.2618522587637875,False,False,-0.2465551704953185,False,-0.21762434574504017,-0.18300464167963865,False,0
0.1837968186897915,-0.7225319790989386,-1.0940659692893115,0.7777972482477633,-0.8619296278347464,-1.3687568814749682,-0.5737838759043637,-0.7777972482477623,-0.6061841897130046,-1.324988128543229,-1.8202024645692312,-2.375425046000783,2.6955747114549995,-0.2061916332330533,-0.2902757020437465,-0.2496594146342877,-0.34172467460062167,-0.31693663659725785,False,6.86439275772603,-0.2561013217304913,-0.2417614760307234,-0.2618522587637875,False,False,-0.2465551704953185,False,-0.21762434574504017,-0.18300464167963865,False,0
-0.3255537978395638,0.032628312247149814,0.8689391979874198,0.6530295578579332,0.6659170429494202,0.9804384880123506,0.4942217773167522,-0.6530295578579322,0.4502572384058625,0.12713865425361467,0.25630821034366547,0.3737841150440583,-0.3670174951250245,-0.2061916332330533,-0.2902757020437465,-0.2496594146342877,-0.34172467460062167,-0.31693663659725785,False,-0.21519446782476256,-0.2561013217304913,-0.2417614760307234,-0.2618522587637875,False,True,-0.2465551704953185,False,-0.21762434574504017,-0.18300464167963865,False,0
-0.7330342910630481,-0.5347498857953079,0.4696765837757211,0.6946187879878765,0.22356887491854863,0.6786223766965312,-0.335273395662839,-0.6946187879878756,0.1827713499473354,-0.3291546322372901,-0.2807204124786354,-0.19666349422353416,-0.3670174951250245,7.745637925306414,-0.2902757020437465,-0.2496594146342877,-0.34172467460062167,-0.31693663659725785,False,-0.21519446782476256,-0.2561013217304913,-0.2417614760307234,-0.2618522587637875,False,True,-0.2465551704953185,False,-0.21762434574504017,-0.18300464167963865,False,0
-1.3442550308982744,-0.39746636861160856,-0.5630707617624464,0.6946187879878765,-0.6089140361258124,-0.41954579876161224,-0.4568584859228849,-0.6946187879878756,-0.43221304319119114,0.4975561672101544,0.6501292004133528,0.7517121772927726,-0.3670174951250245,-0.2061916332330533,-0.2902757020437465,-0.2496594146342877,-0.34172467460062167,4.3787305262784075,False,-0.21519446782476256,-0.2561013217304913,-0.2417614760307234,-0.2618522587637875,False,False,-0.2465551704953185,False,-0.21762434574504017,-0.18300464167963865,False,0
-0.9367745376747901,0.2777695096820964,-0.649356226949874,0.6530295578579332,-0.6581161975816221,-0.546073723509914,-0.28257650959989355,-0.6530295578579322,-0.4812760020345243,-0.602054320728421,-0.6387394943601693,-0.6199395994607315,-0.3670174951250245,-0.2061916332330533,-0.2902757020437465,-0.2496594146342877,-0.34172467460062167,-0.31693663659725785,False,-0.21519446782476256,-0.2561013217304913,-0.2417614760307234,-0.2618522587637875,False,False,-0.2465551704953185,False,-0.21762434574504017,-0.18300464167963865,False,0
-1.1405147842865324,-0.4355590910137771,0.9305708160403116,0.6530295578579332,0.740186609309062,1.0231913680386142,-0.09731512764387273,-0.6530295578579322,0.5025101333477984,-0.4413189078740118,-0.42392804523124894,-0.36138259827485913,-0.3670174951250245,-0.2061916332330533,-0.2902757020437465,-0.2496594146342877,-0.34172467460062167,-0.31693663659725785,True,-0.21519446782476256,-0.2561013217304913,4.475876311781113,-0.2618522587637875,False,False,-0.2465551704953185,False,-0.21762434574504017,-0.18300464167963865,False,0
-0.12181355122782168,1.219204089681368,1.3841181874593453,0.7777972482477633,1.3359851965929188,1.3123037644814286,3.0897894921216027,-0.7777972482477623,1.197901311006649,0.9743795220095662,1.1155540068593468,1.1620577635498255,-0.3670174951250245,-0.2061916332330533,-0.2902757020437465,-0.2496594146342877,-0.34172467460062167,-0.31693663659725785,False,-0.21519446782476256,-0.2561013217304913,-0.2417614760307234,-0.2618522587637875,False,False,-0.2465551704953185,True,-0.21762434574504017,-0.18300464167963865,False,0
-0.7330342910630481,-0.43702912193420423,0.24459882084900875,0.6114403277279897,0.003821048356081694,0.48576583307961174,-0.3013496579127445,-0.6114403277279887,-0.04829352730825936,-0.031218275077248,0.0772986694028985,0.19129685321871076,-0.3670174951250245,-0.2061916332330533,-0.2902757020437465,-0.2496594146342877,-0.34172467460062167,2.4041526646166322,False,-0.21519446782476256,-0.2561013217304913,-0.2417614760307234,-0.2618522587637875,False,True,-0.2465551704953185,False,-0.21762434574504017,-0.18300464167963865,False,0
-2.362956263956985,-0.11226838447799667,1.4743295319963403,0.7777972482477633,1.4648295742225106,1.3651039149829907,0.725222883926143,-0.7777972482477623,1.3036589459010415,1.329274300391381,1.4377711805527273,1.426327262386095,-0.3670174951250245,-0.2061916332330533,-0.2902757020437465,-0.2496594146342877,-0.34172467460062167,-0.31693663659725785,False,-0.21519446782476256,-0.2561013217304913,-0.2417614760307234,-0.2618522587637875,True,False,-0.2465551704953185,False,-0.21762434574504017,-0.18300464167963865,False,0
-1.7517355241217587,-0.5312956622707532,0.6722601875473643,0.6114403277279897,0.43961587344652936,0.8374933386410512,-0.2884632954560997,-0.6114403277279887,0.24437643458915217,-0.0928084800027693,0.005694853026591727,0.11624960122671975,-0.3670174951250245,-0.2061916332330533,-0.2902757020437465,-0.2496594146342877,-0.34172467460062167,-0.31693663659725785,False,-0.21519446782476256,-0.2561013217304913,-0.2417614760307234,-0.2618522587637875,False,True,-0.2465551704953185,False,-0.21762434574504017,-0.18300464167963865,False,0
-1.2423849075924034,-0.6736589825054773,-0.5598958887532042,0.7362080181178199,-0.607043778526615,-0.41504074689903675,-0.5446533222488067,-0.7362080181178189,-0.41479160592035136,-0.031218275077248,0.0772986694028985,0.19129685321871076,-0.3670174951250245,-0.2061916332330533,-0.2902757020437465,-0.2496594146342877,-0.34172467460062167,2.292864103271805,False,-0.21519446782476256,-0.2561013217304913,-0.2417614760307234,3.9610458049169925,False,True,-0.2465551704953185,False,-0.21762434574504017,-0.18300464167963865,False,0
-0.631164167757177,-0.7573787617346559,-0.7131316538219395,0.5698510975980463,-0.6924654379446011,-0.6450718763914215,-0.5736525687854017,-0.5698510975980453,-0.5254552857640703,-0.5758910019694089,-0.6029375861720159,-0.5758366270581611,3.184755619049475,-0.2061916332330533,-0.2902757020437465,-0.2496594146342877,3.363051386970768,-0.31693663659725785,False,-0.21519446782476256,-0.2561013217304913,-0.2417614760307234,-0.2618522587637875,False,True,-0.2465551704953185,False,-0.21762434574504017,-0.18300464167963865,False,0
-0.3255537978395638,-0.5159375701729983,-0.6668894305645053,0.5698510975980463,-0.6677304130385044,-0.5728014974226273,-0.5071278927296189,-0.5698510975980453,-0.5095660401274618,0.25833079807870885,0.399515843096279,0.5147897165090117,1.307762456111491,-0.2061916332330533,2.183100068030323,2.280824894131294,-0.34172467460062167,-0.31693663659725785,True,-0.21519446782476256,2.282322318065915,-0.2417614760307234,-0.2618522587637875,False,False,-0.2465551704953185,False,-0.21762434574504017,-0.18300464167963865,False,0
0.1837968186897915,-0.5215342235562345,-0.6996862107962696,0.5282618674681029,-0.6853663965004326,-0.6237855003795898,-0.512337871740106,-0.5282618674681019,-0.5298405497231109,-0.9644600997109092,-1.17576811718247,-1.3371763146691884,-0.3670174951250245,-0.2061916332330533,-0.2902757020437465,-0.2496594146342877,1.597628068982043,1.5415221245593214,False,-0.21519446782476256,-0.2561013217304913,-0.2417614760307234,2.745305254844875,False,True,-0.2465551704953185,False,-0.21762434574504017,-0.18300464167963865,False,0
-0.9367745376747901,-0.561492200728635,0.340006999761113,0.5282618674681029,0.09436235191829011,0.5698164722792524,-0.3840331354110632,-0.5282618674681019,-0.049829684237410396,-0.031218275077248,0.0772986694028985,0.19129685321871076,-0.3670174951250245,-0.2061916332330533,-0.2902757020437465,-0.2496594146342877,-0.34172467460062167,-0.31693663659725785,False,-0.21519446782476256,-0.2561013217304913,-0.2417614760307234,-0.2618522587637875,False,False,-0.2465551704953185,True,-0.21762434574504017,-0.18300464167963865,False,0
-2.362956263956985,-0.7885123203666705,-0.7445115154328902,0.48667263733815946,-0.7087371751471678,-0.695658824071579,-0.581579783120875,-0.4866726373381585,-0.5518822944033837,0.12713865425361467,0.25630821034366547,0.3737841150440583,-0.3670174951250245,-0.2061916332330533,-0.2902757020437465,-0.2496594146342877,-0.34172467460062167,-0.31693663659725785,False,-0.21519446782476256,-0.2561013217304913,-0.2417614760307234,-0.2618522587637875,False,True,-0.2465551704953185,False,-0.21762434574504017,-0.18300464167963865,False,0
-1.2423849075924034,0.03137426151339101,0.20353586921553624,0.5698510975980463,-0.03396609258048844,0.4484648302831356,0.04632220160912466,-0.5698510975980453,-0.10244953219163805,-0.5494773165237077,-0.5671356779838624,-0.5321477731865749,-0.3670174951250245,-0.2061916332330533,-0.2902757020437465,4.1316793288623925,-0.34172467460062167,-0.31693663659725785,True,-0.21519446782476256,-0.2561013217304913,-0.2417614760307234,-0.2618522587637875,False,False,3.97074559772287,False,-0.21762434574504017,-0.18300464167963865,False,0
-1.1405147842865324,-0.5475480324385332,0.03967397036062592,0.48667263733815946,-0.1776782739893765,0.2922082846456961,-0.4233065012690852,-0.4866726373381585,-0.238032790259572,0.32542907011139055,0.4711196594725858,0.5837217736103729,-0.3670174951250245,-0.2061916332330533,-0.2902757020437465,-0.2496594146342877,-0.34172467460062167,1.5859801974220555,False,-0.21519446782476256,-0.2561013217304913,-0.2417614760307234,2.817242513095648,False,True,-0.2465551704953185,False,-0.21762434574504017,-0.18300464167963865,False,0
-0.631164167757177,-0.4128334072099224,1.019319250765762,0.48667263733815946,0.849946421994058,1.08317925047436,-0.03412679304760083,-0.4866726373381585,0.3692812017989236,-0.3575712511765041,-0.31652232066678876,-0.2372998114910998,-0.3670174951250245,-0.2061916332330533,-0.2902757020437465,-0.2496594146342877,-0.34172467460062167,-0.31693663659725785,False,-0.21519446782476256,-0.2561013217304913,-0.2417614760307234,-0.2618522587637875,True,False,-0.2465551704953185,False,-0.21762434574504017,-0.18300464167963865,False,0
0.1837968186897915,-0.46078702148206224,0.03603755698266796,0.4034941770782727,-0.1807391465058349,0.2885970778323538,-0.36744115910358305,-0.40349417707827173,-0.27656366445594877,-0.3291546322372901,-0.2807204124786354,-0.19666349422353416,-0.3670174951250245,-0.2061916332330533,-0.2902757020437465,-0.2496594146342877,-0.34172467460062167,-0.31693663659725785,False,-0.21519446782476256,-0.2561013217304913,-0.2417614760307234,-0.2618522587637875,False,False,-0.2465551704953185,False,-0.21762434574504017,-0.18300464167963865,False,0
-0.3255537978395638,-0.17055448366490614,0.547192825697794,0.4450834072082161,0.30419334839907086,0.7409249701938023,0.054632526778354305,-0.44508340720821515,0.016657790595344626,-0.4413189078740118,-0.42392804523124894,-0.36138259827485913,-0.3670174951250245,-0.2061916332330533,-0.2902757020437465,-0.2496594146342877,-0.34172467460062167,-0.31693663659725785,False,-0.21519446782476256,-0.2561013217304913,-0.2417614760307234,-0.2618522587637875,True,False,5.704001261827254,False,-0.21762434574504017,-0.18300464167963865,False,0
0.896887681830889,-0.4190713918910309,-0.30780164869745147,0.4450834072082161,-0.4449762838099535,-0.08651390228446365,-0.41647860404496695,-0.44508340720821515,-0.4090637056378481,-0.5494773165237077,-0.5671356779838624,-0.5321477731865749,-0.3670174951250245,-0.2061916332330533,-0.2902757020437465,-0.2496594146342877,-0.34172467460062167,2.806132334305666,False,-0.21519446782476256,-0.2561013217304913,-0.2417614760307234,-0.2618522587637875,True,False,-0.2465551704953185,False,-0.21762434574504017,-0.18300464167963865,False,0
-1.5479952775100165,0.7342484413567839,1.9770127902161172,0.4450834072082161,2.245605071589325,1.636054716435006,3.279689318119485,-0.44508340720821515,1.119880169169568,0.9361986022894768,1.0797520986711935,1.1317460683856633,-0.3670174951250245,-0.2061916332330533,2.5577394155794417,-0.2496594146342877,-0.34172467460062167,-0.31693663659725785,True,4.242688938020624,-0.2561013217304913,-0.2417614760307234,-0.2618522587637875,False,False,2.5581265237553876,False,-0.21762434574504017,-0.18300464167963865,False,0
-0.5292940444513059,0.11273696423420308,0.8601612562574752,0.4450834072082161,0.6554693970504553,0.9742736799011195,0.5916161028153902,-0.44508340720821515,0.21627314951185064,-0.6790420768853226,-0.7461452189246294,-0.7548136444682138,-0.3670174951250245,-0.2061916332330533,-0.2902757020437465,-0.2496594146342877,-0.34172467460062167,-0.31693663659725785,False,-0.21519446782476256,-0.2561013217304913,-0.2417614760307234,-0.2618522587637875,False,False,2.206923822493312,False,-0.21762434574504017,-0.18300464167963865,False,0
-2.6685666338745984,-0.12421524163825186,0.43619907064592905,0.4450834072082161,0.18953217097135056,0.6510979900754402,0.04293123599899536,-0.44508340720821515,-0.0484993192443254,0.19223399279278353,0.3279120267199722,0.44482104834136443,-0.3670174951250245,-0.2061916332330533,-0.2902757020437465,-0.2496594146342877,-0.34172467460062167,-0.31693663659725785,False,-0.21519446782476256,-0.2561013217304913,-0.2417614760307234,-0.2618522587637875,True,False,-0.2465551704953185,False,-0.21762434574504017,-0.18300464167963865,False,0
0.08192669538392044,0.03026754160415752,1.5003437610971833,0.48667263733815946,1.5026216760545692,1.3800723235798764,1.0239183311450863,-0.4866726373381585,0.755004526287489,0.675942431476146,0.8291387413541197,0.9138480507317281,-0.3670174951250245,-0.2061916332330533,-0.2902757020437465,-0.2496594146342877,-0.34172467460062167,-0.31693663659725785,False,-0.21519446782476256,-0.2561013217304913,-0.2417614760307234,-0.2618522587637875,True,False,-0.2465551704953185,False,-0.21762434574504017,-0.18300464167963865,False,0
-0.5292940444513059,0.9583632066372987,-0.49094386587383965,0.36190494694832925,-0.5653772173179694,-0.31964287359287036,0.03401952227926834,-0.3619049469483283,-0.4959185748422964,0.7123707843894116,0.864940649542273,0.9456080972700075,-0.3670174951250245,-0.2061916332330533,-0.2902757020437465,2.909797479543604,-0.34172467460062167,-0.31693663659725785,False,-0.21519446782476256,-0.2561013217304913,-0.2417614760307234,-0.2618522587637875,False,True,-0.2465551704953185,False,-0.21762434574504017,-0.18300464167963865,False,0
-1.5479952775100165,-0.6935995731325608,1.437326107077457,0.4034941770782727,1.4115644393615479,1.343615828611243,-0.3988710465791946,-0.40349417707827173,0.5947627339651222,-0.6790420768853226,-0.7461452189246294,-0.7548136444682138,-0.3670174951250245,-0.2061916332330533,-0.2902757020437465,-0.2496594146342877,-0.34172467460062167,-0.31693663659725785,False,-0.21519446782476256,-0.2561013217304913,-0.2417614760307234,2.608233891500505,True,False,-0.2465551704953185,False,-0.21762434574504017,-0.18300464167963865,False,0
-0.22368367453369276,-0.6688184914748332,0.14640043692354318,0.3203157168183859,-0.08536096984225378,0.3953680169033623,-0.49375436359397246,-0.32031571681838494,-0.25962794472852035,-1.1347094466595047,-1.462183382687697,-1.7703101116271531,-0.3670174951250245,-0.2061916332330533,-0.2902757020437465,-0.2496594146342877,-0.34172467460062167,-0.31693663659725785,False,-0.21519446782476256,-0.2561013217304913,-0.2417614760307234,-0.2618522587637875,False,False,-0.2465551704953185,True,-0.21762434574504017,-0.18300464167963865,False,0
-0.12181355122782168,-0.12464753472725947,0.057273275858717075,0.3203157168183859,-0.16278566573263714,0.3095932605281096,-0.13948894834544,-0.32031571681838494,-0.2990736997595911,1.6617612603145204,1.7241864460579543,1.6492599013627771,-0.3670174951250245,-0.2061916332330533,4.208274430513688,-0.2496594146342877,-0.34172467460062167,-0.31693663659725785,False,-0.21519446782476256,4.36075719991302,-0.2417614760307234,-0.2618522587637875,True,False,-0.2465551704953185,False,-0.21762434574504017,-0.18300464167963865,False,0
-0.8349044143689192,0.693185120352952,0.5000919591752467,0.3203157168183859,0.25490189082446657,0.7033021752497353,0.8846501921621356,-0.32031571681838494,-0.08627336717831127,-0.9866175514828954,-1.2115700253706234,-1.3891637689445544,1.8335954943320036,-0.2061916332330533,-0.2902757020437465,-0.2496594146342877,-0.34172467460062167,-0.31693663659725785,True,-0.21519446782476256,-0.2561013217304913,-0.2417614760307234,-0.2618522587637875,False,False,-0.2465551704953185,False,-0.21762434574504017,-0.18300464167963865,False,0
-1.0386446609806612,0.06691716913508265,-0.7214820417480735,0.27872648668844247,-0.6968359868700467,-0.6584078852766087,-0.36744115910358305,-0.2787264866884415,-0.5766386696426699,-0.49589884557223796,-0.4955318616075557,-0.44598181527937314,1.279945010960919,-0.2061916332330533,-0.2902757020437465,-0.2496594146342877,-0.34172467460062167,-0.31693663659725785,False,-0.21519446782476256,-0.2561013217304913,-0.2417614760307234,-0.2618522587637875,True,False,-0.2465551704953185,False,-0.21762434574504017,-0.18300464167963865,False,0
-1.3442550308982744,-0.54897174270193,0.1442192703347096,0.3203157168183859,-0.08729571908280286,0.39331257942269887,-0.40728542759366954,-0.32031571681838494,-0.2606136463023089,-0.7042039288975783,-0.7819471271127828,-0.8006546926294275,-0.3670174951250245,-0.2061916332330533,2.5582395026830604,-0.2496594146342877,1.67015933852669,-0.31693663659725785,False,-0.21519446782476256,-0.2561013217304913,-0.2417614760307234,-0.2618522587637875,True,False,-0.2465551704953185,False,-0.21762434574504017,-0.18300464167963865,False,0
0.4894071886074047,0.5395097783650982,-0.40494972708649396,0.19554802642855565,-0.510603970228476,-0.2067580515600463,-0.057014202713854434,-0.19554802642855473,-0.5005879072859881,0.3593537561577651,0.5069215676607391,0.6178085835875454,-0.3670174951250245,-0.2061916332330533,-0.2902757020437465,-0.2496594146342877,-0.34172467460062167,-0.31693663659725785,True,-0.21519446782476256,-0.2561013217304913,-0.2417614760307234,-0.2618522587637875,False,False,-0.2465551704953185,False,-0.21762434574504017,-0.18300464167963865,False,0
-2.159216017345243,0.07663470817017673,0.9697786716786433,0.19554802642855565,0.788267608384451,1.0499172235963379,0.634053328175583,-0.19554802642855473,0.09911340410194144,0.09496653501406392,0.22050630215551206,0.3378547569556542,-0.3670174951250245,-0.2061916332330533,-0.2902757020437465,-0.2496594146342877,-0.34172467460062167,-0.31693663659725785,False,-0.21519446782476256,-0.2561013217304913,-0.2417614760307234,3.0501814809909673,True,False,-0.2465551704953185,False,-0.21762434574504017,-0.18300464167963865,False,0
-1.7517355241217587,-0.754527203573511,-0.4999099202154349,0.19554802642855565,-0.5709086157877443,-0.33179124125510256,-0.5695099617296189,-0.19554802642855473,-0.5284311333755897,-0.12322803243549628,-0.03010705516156166,0.07826711477503,-0.3670174951250245,-0.2061916332330533,2.4195192049416536,-0.2496594146342877,3.4860892287066654,-0.31693663659725785,False,-0.21519446782476256,-0.2561013217304913,-0.2417614760307234,-0.2618522587637875,False,True,-0.2465551704953185,False,-0.21762434574504017,3.7754454655698586,False,0
-1.0386446609806612,2.298363252101503,-0.6465823371242402,0.19554802642855565,-0.6565832808756485,-0.5418779926192251,0.28753432764734244,-0.19554802642855473,-0.5679879377987075,0.32542907011139055,0.4711196594725858,0.5837217736103729,-0.3670174951250245,-0.2061916332330533,-0.2902757020437465,-0.2496594146342877,-0.34172467460062167,4.3787305262784075,False,-0.21519446782476256,-0.2561013217304913,-0.2417614760307234,-0.2618522587637875,True,False,-0.2465551704953185,False,-0.21762434574504017,-0.18300464167963865,False,0
-0.22368367453369276,1.2502691098047272,0.5582273274446139,0.3203157168183859,0.31587625727469415,0.74963675416248,1.5317941176427623,-0.32031571681838494,-0.05520860296437579,0.4975561672101544,0.6501292004133528,0.7517121772927726,-0.3670174951250245,-0.2061916332330533,-0.2902757020437465,-0.2496594146342877,-0.34172467460062167,-0.31693663659725785,True,-0.21519446782476256,-0.2561013217304913,-0.2417614760307234,-0.2618522587637875,False,False,-0.2465551704953185,False,-0.21762434574504017,-0.18300464167963865,False,0
0.896887681830889,-0.7189039663712984,-0.7278513049848533,0.15395879629861225,-0.700149865056423,-0.6686405716431295,-0.5643202053287663,-0.15395879629861134,-0.5925722790095138,-0.8964855442748155,-1.06836239261801,-1.184610884272229,-0.3670174951250245,-0.2061916332330533,-0.2902757020437465,-0.2496594146342877,-0.34172467460062167,-0.31693663659725785,True,-0.21519446782476256,-0.2561013217304913,-0.2417614760307234,-0.2618522587637875,False,False,-0.2465551704953185,False,-0.21762434574504017,-0.18300464167963865,False,0
-2.362956263956985,-0.03757178937756879,0.051018046754268236,0.11236956616866883,-0.16809382390542565,0.30343165393184596,-0.08472979387123489,-0.11236956616866793,-0.3655736178500696,-0.3575712511765041,-0.31652232066678876,-0.2372998114910998,-0.3670174951250245,-0.2061916332330533,-0.2902757020437465,-0.2496594146342877,4.776361499302858,-0.31693663659725785,False,-0.21519446782476256,-0.2561013217304913,-0.2417614760307234,-0.2618522587637875,False,True,-0.2465551704953185,False,-0.21762434574504017,-0.18300464167963865,False,0
-0.12181355122782168,-0.6381149261910801,0.014531602211651052,0.11236956616866883,-0.19872735354745277,0.26710468416132926,-0.48493261191037085,-0.11236956616866793,-0.3788854209666745,-0.6536298581863779,-0.710343310736476,-0.7094198331749116,-0.3670174951250245,-0.2061916332330533,-0.2902757020437465,-0.2496594146342877,-0.34172467460062167,-0.31693663659725785,True,-0.21519446782476256,-0.2561013217304913,-0.2417614760307234,-0.2618522587637875,False,False,-0.2465551704953185,False,-0.21762434574504017,-0.18300464167963865,False,0
-1.1405147842865324,0.767945899930041,-0.36955471343124613,0.07078033603872544,-0.4871538172539235,-0.1620993328455193,0.06150502805066233,-0.07078033603872454,-0.5108316439000185,-0.15339721818153415,-0.06590896334971505,0.03997201175105678,-0.3670174951250245,-0.2061916332330533,-0.2902757020437465,-0.2496594146342877,-0.34172467460062167,-0.31693663659725785,False,-0.21519446782476256,-0.2561013217304913,-0.2417614760307234,3.242445331044721,False,False,-0.2465551704953185,True,-0.21762434574504017,-0.18300464167963865,False,0
1.100627928442631,-0.737879814032916,-1.1606960678407572,0.02919110590878203,-0.8852855237950158,-1.5277270517992985,-0.5766189325551161,-0.02919110590878114,-0.6804714764909136,-0.21298448961354258,-0.13751277972602183,-0.037576929259752624,-0.3670174951250245,-0.2061916332330533,-0.2902757020437465,-0.2496594146342877,-0.34172467460062167,-0.31693663659725785,True,-0.21519446782476256,-0.2561013217304913,-0.2417614760307234,-0.2618522587637875,False,False,-0.2465551704953185,False,-0.21762434574504017,-0.18300464167963865,False,0
-1.3442550308982744,-0.7203403270843822,-0.5825473354247301,0.02919110590878203,-0.6202943303766318,-0.4474087427626244,-0.5603126264494008,-0.02919110590878114,-0.5717168594895492,-0.7291154142231449,-0.8177490353009362,-0.846951878112884,-0.3670174951250245,-0.2061916332330533,-0.2902757020437465,-0.2496594146342877,-0.34172467460062167,-0.31693663659725785,False,-0.21519446782476256,-0.2561013217304913,-0.2417614760307234,-0.2618522587637875,False,True,-0.2465551704953185,False,-0.21762434574504017,-0.18300464167963865,False,0
-1.6498654008158877,1.056941433213334,1.4330092875151645,-0.012398124221161376,1.4053881244782565,1.3410937937398346,2.8928172127346223,0.01239812422116226,0.23274221872339046,-0.627967272800744,-0.6745414025483226,-0.6644646162875364,-0.3670174951250245,-0.2061916332330533,-0.2902757020437465,-0.2496594146342877,-0.34172467460062167,-0.31693663659725785,True,-0.21519446782476256,-0.2561013217304913,-0.2417614760307234,-0.2618522587637875,False,False,2.445541561863912,False,-0.21762434574504017,-0.18300464167963865,False,0
-1.9554757707335009,-0.20517682318667965,0.9511912851663886,-0.012398124221161376,0.7653929192865746,1.0372921104048325,0.22855003403582133,0.01239812422116226,-0.022818298969472416,1.329274300391381,1.4377711805527273,1.426327262386095,-0.3670174951250245,-0.2061916332330533,-0.2902757020437465,-0.2496594146342877,-0.34172467460062167,-0.31693663659725785,False,-0.21519446782476256,-0.2561013217304913,-0.2417614760307234,-0.2618522587637875,True,False,3.432028887943203,False,-0.21762434574504017,-0.18300464167963865,False,0
-0.3255537978395638,0.7086525112222574,0.18707055716223647,-0.05398735435110478,-0.048918231583090825,0.4333086392469032,0.5466340268050036,0.05398735435110566,-0.35818606351190413,-0.8262576886585199,-0.9609566680535497,-1.0368896279222006,-0.3670174951250245,-0.2061916332330533,-0.2902757020437465,-0.2496594146342877,-0.34172467460062167,-0.31693663659725785,False,-0.21519446782476256,-0.2561013217304913,-0.2417614760307234,-0.2618522587637875,False,False,-0.2465551704953185,True,-0.21762434574504017,-0.18300464167963865,False,0
0.896887681830889,0.6924205408292865,0.4063702217523232,-0.05398735435110478,0.15960308848870286,0.6262473821337814,0.7742737173781749,0.05398735435110566,-0.27711131092887126,-1.0936493100424904,-1.3905795663113905,-1.6581883307923262,-0.3670174951250245,-0.2061916332330533,-0.2902757020437465,-0.2496594146342877,-0.34172467460062167,-0.31693663659725785,True,-0.21519446782476256,-0.2561013217304913,6.326784000061188,-0.2618522587637875,False,False,-0.2465551704953185,False,-0.21762434574504017,-0.18300464167963865,False,0
-0.3255537978395638,0.8375278140738499,-0.06205711420188278,-0.09557658448104818,-0.26120487133072234,0.1886148637108379,0.37556968291250775,0.09557658448104905,-0.4482853933979541,-1.0515877066787198,-1.3189757499350836,-1.5487049558982227,-0.3670174951250245,-0.2061916332330533,-0.2902757020437465,-0.2496594146342877,-0.34172467460062167,-0.31693663659725785,True,-0.21519446782476256,-0.2561013217304913,-0.2417614760307234,-0.2618522587637875,False,False,-0.2465551704953185,False,-0.21762434574504017,-0.18300464167963865,False,0
-0.7330342910630481,0.46387747712241845,-0.2452245915167449,-0.1371658146109916,-0.40059611276905077,-0.012750436153308098,0.020173467488071903,0.13716581461099245,-0.5069545600696881,-0.8733266257560728,-1.0325604844298566,-1.1348475355611043,-0.3670174951250245,-0.2061916332330533,-0.2902757020437465,-0.2496594146342877,2.5877136875347055,-0.31693663659725785,True,-0.21519446782476256,-0.2561013217304913,-0.2417614760307234,-0.2618522587637875,False,False,-0.2465551704953185,False,-0.21762434574504017,-0.18300464167963865,False,0
-1.1405147842865324,0.07921167056782695,0.40237653319066774,-0.1371658146109916,0.15562445030685576,0.6228964489446654,0.21080891979216784,0.13716581461099245,-0.3015047178589462,-0.4687340600664694,-0.4597299534194023,-0.4034899331809136,-0.3670174951250245,-0.2061916332330533,-0.2902757020437465,-0.2496594146342877,-0.34172467460062167,-0.31693663659725785,False,-0.21519446782476256,-0.2561013217304913,-0.2417614760307234,-0.2618522587637875,True,False,-0.2465551704953185,False,-0.21762434574504017,-0.18300464167963865,False,0
0.28566694199566256,-0.7133514299909633,-0.521828597317032,-0.2619335050008218,-0.5842881509204646,-0.3618066749845437,-0.5559858270495804,0.26193350500082263,-0.5860218903152007,-0.7291154142231449,-0.8177490353009362,-0.846951878112884,-0.3670174951250245,-0.2061916332330533,-0.2902757020437465,-0.2496594146342877,-0.34172467460062167,-0.31693663659725785,False,-0.21519446782476256,-0.2561013217304913,-0.2417614760307234,-0.2618522587637875,True,False,-0.2465551704953185,False,-0.21762434574504017,-0.18300464167963865,False,0
-1.1405147842865324,12.844383140036209,-1.152204916300751,-0.386701195390652,-0.8824131653071237,-1.5067455643717802,0.8684183315261634,0.38670119539065284,-0.6915307264191483,-0.4687340600664694,-0.4597299534194023,-0.4034899331809136,-0.3670174951250245,-0.2061916332330533,-0.2902757020437465,-0.2496594146342877,-0.34172467460062167,-0.31693663659725785,False,-0.21519446782476256,-0.2561013217304913,-0.2417614760307234,2.6538178091332667,False,False,-0.2465551704953185,True,-0.21762434574504017,-0.18300464167963865,False,0
-0.22368367453369276,-0.554290234363637,0.021217129036038895,-0.386701195390652,-0.19315626791376914,0.27381098124506786,-0.4305476304358382,0.38670119539065284,-0.4701488561565008,-0.8023476700797098,-0.9251547598653964,-0.9886733544545178,-0.3670174951250245,-0.2061916332330533,-0.2902757020437465,-0.2496594146342877,-0.34172467460062167,-0.31693663659725785,False,-0.21519446782476256,-0.2561013217304913,-0.2417614760307234,-0.2618522587637875,True,False,-0.2465551704953185,False,-0.21762434574504017,-0.18300464167963865,False,0
-1.4461251542041456,-0.03360471846224147,-0.47245344681114426,-0.46987965565053885,-0.5538629788889581,-0.2948222419900632,-0.3086444748855929,0.46987965565053963,-0.5922366177538941,-0.8964855442748155,-1.06836239261801,-1.184610884272229,-0.3670174951250245,-0.2061916332330533,-0.2902757020437465,-0.2496594146342877,-0.34172467460062167,-0.31693663659725785,False,-0.21519446782476256,-0.2561013217304913,-0.2417614760307234,2.580833902886143,False,False,-0.2465551704953185,True,-0.21762434574504017,-0.18300464167963865,False,0
-0.5292940444513059,6.595428712739979,-1.0802559006633232,-0.46987965565053885,-0.8568546317499214,-1.337344190211812,0.3500430220436892,0.46987965565053963,-0.6854993618938803,-0.8262576886585199,-0.9609566680535497,-1.0368896279222006,-0.3670174951250245,-0.2061916332330533,-0.2902757020437465,-0.2496594146342877,-0.34172467460062167,-0.31693663659725785,True,-0.21519446782476256,-0.2561013217304913,-0.2417614760307234,-0.2618522587637875,False,False,-0.2465551704953185,False,-0.21762434574504017,-0.18300464167963865,False,0
-0.3255537978395638,0.32567564128843696,-0.2662437078897903,-0.46987965565053885,-0.4156871568453336,-0.03722219379677521,-0.059236817084609816,0.46987965565053963,-0.5497052271498756,-0.3857375034290291,-0.35232422885494213,-0.2782941625976166,-0.3670174951250245,-0.2061916332330533,2.811085220463629,-0.2496594146342877,-0.34172467460062167,-0.31693663659725785,False,-0.21519446782476256,-0.2561013217304913,-0.2417614760307234,-0.2618522587637875,True,False,-0.2465551704953185,False,-0.21762434574504017,-0.18300464167963865,False,0
-1.5479952775100165,0.8671647833839057,-1.068891352737334,-0.5114688857804822,-0.8526180270026678,-1.3118622296472295,-0.36744115910358305,0.511468885780483,-0.6852441355935243,-0.9193940961068692,-1.1041643008061632,-1.2349122255551288,-0.3670174951250245,-0.2061916332330533,-0.2902757020437465,-0.2496594146342877,-0.34172467460062167,-0.31693663659725785,True,-0.21519446782476256,-0.2561013217304913,-0.2417614760307234,6.592422786129169,False,False,-0.2465551704953185,False,-0.21762434574504017,-0.18300464167963865,False,0
-2.057345894039372,0.7109715640716423,-0.6421955927045687,-0.5114688857804822,-0.6541524420862408,-0.5352607577835954,-0.15651936493576685,0.511468885780483,-0.6254018887244226,-0.12322803243549628,-0.03010705516156166,0.07826711477503,-0.3670174951250245,-0.2061916332330533,-0.2902757020437465,-0.2496594146342877,-0.34172467460062167,-0.31693663659725785,False,-0.21519446782476256,-0.2561013217304913,-0.2417614760307234,-0.2618522587637875,True,False,-0.2465551704953185,False,-0.21762434574504017,7.433364157090449,False,0
1.100627928442631,1.4663276648614318,0.12758481145986694,-0.5530581159104256,-0.10198493062451011,0.3775665022424099,1.0241093575881106,0.5530581159104264,-0.46444338687893194,0.4279542283105815,0.5785253840370459,0.6852420646648492,-0.3670174951250245,-0.2061916332330533,-0.2902757020437465,-0.2496594146342877,-0.34172467460062167,4.3787305262784075,True,-0.21519446782476256,-0.2561013217304913,-0.2417614760307234,-0.2618522587637875,False,False,-0.2465551704953185,False,-0.21762434574504017,-0.18300464167963865,False,0
0.7950175585250179,-0.6757114256978513,-1.171591943017589,-0.7194150364301992,-0.8889268210836389,-1.554979920596323,-0.5704687663609214,0.7194150364302,-0.699839880555875,-0.3857375034290291,-0.35232422885494213,-0.2782941625976166,-0.3670174951250245,-0.2061916332330533,-0.2902757020437465,-0.2496594146342877,-0.34172467460062167,-0.31693663659725785,False,-0.21519446782476256,-0.2561013217304913,-0.2417614760307234,-0.2618522587637875,True,False,-0.2465551704953185,False,-0.21762434574504017,-0.18300464167963865,False,0
-0.22368367453369276,-0.7177487517335028,-1.1166077687460532,-0.8025934966900861,-0.8700406919585867,-1.4211246526454466,-0.573658539501776,0.8025934966900868,-0.6961337910753786,1.129606867756815,1.2587616396119603,1.2813676019733777,-0.3670174951250245,-0.2061916332330533,-0.2902757020437465,-0.2496594146342877,-0.34172467460062167,4.3787305262784075,False,-0.21519446782476256,-0.2561013217304913,-0.2417614760307234,-0.2618522587637875,False,False,-0.2465551704953185,False,-0.21762434574504017,-0.18300464167963865,True,0
-1.4461251542041456,1.9033091423495148,0.02015300599025146,-0.9689504172098596,-0.19404426820622628,0.2727450687726505,1.1427329846867902,0.9689504172098604,-0.5323032871936225,-1.1944219014348576,-1.5695891072521573,-1.9437275289590819,-0.3670174951250245,-0.2061916332330533,-0.2902757020437465,-0.2496594146342877,-0.34172467460062167,-0.31693663659725785,True,5.7476158489457285,-0.2561013217304913,-0.2417614760307234,-0.2618522587637875,False,False,-0.2465551704953185,False,-0.21762434574504017,-0.18300464167963865,False,0
0.28566694199566256,0.1966047834857387,-0.8056069751133027,-1.0105396473398032,-0.7392268388200258,-0.7980135515032979,-0.36744115910358305,1.0105396473398038,-0.6676835362120594,-0.413653388994865,-0.38812613704309556,-0.3196529127137438,-0.3670174951250245,-0.2061916332330533,-0.2902757020437465,-0.2496594146342877,-0.34172467460062167,-0.31693663659725785,False,-0.21519446782476256,-0.2561013217304913,-0.2417614760307234,-0.2618522587637875,True,False,-0.2465551704953185,False,-0.21762434574504017,-0.18300464167963865,False,0
1.7118486682778575,0.2885704046783191,-0.9843792734881908,-1.0937181075996898,-0.8194048317065752,-1.1319890831547794,-0.41456103126331734,1.0937181075996907,-0.68864249923268,-1.0085246365681926,-1.247371933558777,-1.4417386645125083,-0.3670174951250245,-0.2061916332330533,-0.2902757020437465,-0.2496594146342877,-0.34172467460062167,4.3787305262784075,True,-0.21519446782476256,-0.2561013217304913,-0.2417614760307234,-0.2618522587637875,False,False,-0.2465551704953185,False,-0.21762434574504017,-0.18300464167963865,False,0
-0.3255537978395638,-0.4557401278660006,0.02095560990532359,-1.21848579798952,-0.193374547315267,0.27354907544273294,-0.36744115910358305,1.2184857979895207,-0.5506337789029111,-0.3004876466113868,-0.24491850429048198,-0.15637901095755796,2.6360717869913617,-0.2061916332330533,-0.2902757020437465,-0.2496594146342877,1.224503364958746,-0.31693663659725785,False,-0.21519446782476256,-0.2561013217304913,-0.2417614760307234,2.166738637230044,True,False,-0.2465551704953185,False,-0.21762434574504017,-0.18300464167963865,False,0
0.4894071886074047,0.8467784146192798,-1.0633682729226337,-1.4264319486392372,-0.8505394117929497,-1.2995954475214913,-0.36744115910358305,1.4264319486392378,-0.7004110483605928,3.101494892120253,2.8340455998907093,2.424440438303032,-0.3670174951250245,-0.2061916332330533,-0.2902757020437465,-0.2496594146342877,-0.34172467460062167,2.767076761559875,False,-0.21519446782476256,-0.2561013217304913,-0.2417614760307234,-0.2618522587637875,False,False,4.240661375338229,False,-0.21762434574504017,-0.18300464167963865,False,0
0.5912773119132757,1.4317179923392223,-0.9485333033928575,-1.5511996390290674,-0.8044080446445756,-1.0603627299837097,-0.2112407981020427,1.551199639029068,-0.6926266315019217,-0.21298448961354258,-0.13751277972602183,-0.037576929259752624,-0.3670174951250245,-0.2061916332330533,-0.2902757020437465,-0.2496594146342877,-0.34172467460062167,-0.31693663659725785,False,-0.21519446782476256,-0.2561013217304913,3.1392663644882166,-0.2618522587637875,False,False,-0.2465551704953185,False,-0.21762434574504017,-0.18300464167963865,False,0
-0.12181355122782168,1.3171668214754044,-1.169591554971278,-1.925502710198558,-0.8882620610881682,-1.5499483802045924,-0.36744115910358305,1.9255027101985587,-0.712211802222226,-0.7781872848142106,-0.889352851677243,-0.9409516155838652,-0.3670174951250245,-0.2061916332330533,3.0202765728550793,-0.2496594146342877,-0.34172467460062167,-0.31693663659725785,False,-0.21519446782476256,3.1415159174540306,-0.2417614760307234,-0.2618522587637875,False,False,-0.2465551704953185,False,-0.21762434574504017,-0.18300464167963865,False,0
1.4062382983602442,0.28534029787830756,-0.854180409918245,-2.2998057813680486,-0.7623446117968431,-0.8833361678095474,-0.36744115910358305,2.299805781368049,-0.6942769272669916,-1.0301813549668009,-1.2831738417469303,-1.4949144290361405,-0.3670174951250245,-0.2061916332330533,-0.2902757020437465,-0.2496594146342877,3.2968933738159456,-0.31693663659725785,False,-0.21519446782476256,-0.2561013217304913,-0.2417614760307234,-0.2618522587637875,False,False,-0.2465551704953185,False,-0.21762434574504017,-0.18300464167963865,False,0
